campaign_id,manifest_version,solver,solver_sha256,instance,suite,problem_class,split,repeat,cold_warm,run_state,threads,cap_s,parent_wall_ms,solver_runtime_ms,status,verified,assurance,objective,best_bound,relative_gap,nodes,lp_iterations,peak_rss_kib,reference_objective,objective_delta,independent_check,independent_max_violation,notes
bench01-2026-10-01,2026-09-28,/tmp/opencode/markov-base01-build/markov-cero-solve,714ff78c14e1ad33b18eab26a2f6cd1235dfce5561a552c1d430fd548f3d8125,data/miplib/b1c1s1.mps,miplib,MILP,holdout,0,cold,absent,1,300.0,,,,,,,,,,,,,,,,model_not_in_checkout
bench01-2026-10-01,2026-09-28,/tmp/opencode/markov-base01-build/markov-cero-solve,714ff78c14e1ad33b18eab26a2f6cd1235dfce5561a552c1d430fd548f3d8125,data/miplib/fastxgemm-n2r6s0t2.mps,miplib,MILP,holdout,0,cold,absent,1,300.0,,,,,,,,,,,,,,,,model_not_in_checkout
bench01-2026-10-01,2026-09-28,/tmp/opencode/markov-base01-build/markov-cero-solve,714ff78c14e1ad33b18eab26a2f6cd1235dfce5561a552c1d430fd548f3d8125,data/miplib/gmu-35-50.mps,miplib,MILP,holdout,0,cold,absent,1,300.0,,,,,,,,,,,,,,,,model_not_in_checkout
bench01-2026-10-01,2026-09-28,/tmp/opencode/markov-base01-build/markov-cero-solve,714ff78c14e1ad33b18eab26a2f6cd1235dfce5561a552c1d430fd548f3d8125,data/miplib/graphdraw-domain.mps,miplib,MILP,holdout,0,cold,absent,1,300.0,,,,,,,,,,,,,,,,model_not_in_checkout
bench01-2026-10-01,2026-09-28,/tmp/opencode/markov-base01-build/markov-cero-solve,714ff78c14e1ad33b18eab26a2f6cd1235dfce5561a552c1d430fd548f3d8125,data/miplib/lotsize.mps,miplib,MILP,holdout,0,cold,absent,1,300.0,,,,,,,,,,,,,,,,model_not_in_checkout
bench01-2026-10-01,2026-09-28,/tmp/opencode/markov-base01-build/markov-cero-solve,714ff78c14e1ad33b18eab26a2f6cd1235dfce5561a552c1d430fd548f3d8125,data/miplib/neos-1171448.mps,miplib,MILP,holdout,0,cold,absent,1,300.0,,,,,,,,,,,,,,,,model_not_in_checkout
bench01-2026-10-01,2026-09-28,/tmp/opencode/markov-base01-build/markov-cero-solve,714ff78c14e1ad33b18eab26a2f6cd1235dfce5561a552c1d430fd548f3d8125,data/cases/pochet_lot_sizing.mps,cases,MILP,holdout,0,cold,hash_mismatch,1,300.0,,,,,,,,,,,,,,,,model_sha256_disagrees
bench01-2026-10-01,2026-09-28,/tmp/opencode/markov-base01-build/markov-cero-solve,714ff78c14e1ad33b18eab26a2f6cd1235dfce5561a552c1d430fd548f3d8125,data/miplib/neos-4954672-berkel.mps,miplib,MILP,holdout,0,cold,absent,1,300.0,,,,,,,,,,,,,,,,model_not_in_checkout
bench01-2026-10-01,2026-09-28,/tmp/opencode/markov-base01-build/markov-cero-solve,714ff78c14e1ad33b18eab26a2f6cd1235dfce5561a552c1d430fd548f3d8125,data/miplib/neos-5107597-kakapo.mps,miplib,MILP,holdout,0,cold,absent,1,300.0,,,,,,,,,,,,,,,,model_not_in_checkout
bench01-2026-10-01,2026-09-28,/tmp/opencode/markov-base01-build/markov-cero-solve,714ff78c14e1ad33b18eab26a2f6cd1235dfce5561a552c1d430fd548f3d8125,data/miplib/rococoC10-001000.mps,miplib,MILP,holdout,0,cold,absent,1,300.0,,,,,,,,,,,,,,,,model_not_in_checkout
bench01-2026-10-01,2026-09-28,/tmp/opencode/markov-base01-build/markov-cero-solve,714ff78c14e1ad33b18eab26a2f6cd1235dfce5561a552c1d430fd548f3d8125,data/miplib/supportcase18.mps,miplib,MILP,holdout,0,cold,absent,1,300.0,,,,,,,,,,,,,,,,model_not_in_checkout
bench01-2026-10-01,2026-09-28,/tmp/opencode/markov-base01-build/markov-cero-solve,714ff78c14e1ad33b18eab26a2f6cd1235dfce5561a552c1d430fd548f3d8125,data/cases/capitanescu_dc_opf.mps,cases,MILP,holdout,0,cold,hash_mismatch,1,300.0,,,,,,,,,,,,,,,,model_sha256_disagrees
bench01-2026-10-01,2026-09-28,/tmp/opencode/markov-base01-build/markov-cero-solve,714ff78c14e1ad33b18eab26a2f6cd1235dfce5561a552c1d430fd548f3d8125,data/miplib/traininstance2.mps,miplib,MILP,holdout,0,cold,absent,1,300.0,,,,,,,,,,,,,,,,model_not_in_checkout
bench01-2026-10-01,2026-09-28,/tmp/opencode/markov-base01-build/markov-cero-solve,714ff78c14e1ad33b18eab26a2f6cd1235dfce5561a552c1d430fd548f3d8125,data/mittelmann/air05.mps,mittelmann,MILP,holdout,0,cold,absent,1,300.0,,,,,,,,,,,,,,,,model_not_in_checkout
bench01-2026-10-01,2026-09-28,/tmp/opencode/markov-base01-build/markov-cero-solve,714ff78c14e1ad33b18eab26a2f6cd1235dfce5561a552c1d430fd548f3d8125,data/mittelmann/bienst1.mps,mittelmann,MILP,holdout,0,cold,absent,1,300.0,,,,,,,,,,,,,,,,model_not_in_checkout
bench01-2026-10-01,2026-09-28,/tmp/opencode/markov-base01-build/markov-cero-solve,714ff78c14e1ad33b18eab26a2f6cd1235dfce5561a552c1d430fd548f3d8125,data/mittelmann/rail516.mps,mittelmann,MILP,holdout,0,cold,absent,1,300.0,,,,,,,,,,,,,,,,model_not_in_checkout
bench01-2026-10-01,2026-09-28,/tmp/opencode/markov-base01-build/markov-cero-solve,714ff78c14e1ad33b18eab26a2f6cd1235dfce5561a552c1d430fd548f3d8125,data/mittelmann/rail582.mps,mittelmann,MILP,holdout,0,cold,absent,1,300.0,,,,,,,,,,,,,,,,model_not_in_checkout
bench01-2026-10-01,2026-09-28,/tmp/opencode/markov-base01-build/markov-cero-solve,714ff78c14e1ad33b18eab26a2f6cd1235dfce5561a552c1d430fd548f3d8125,data/miplib/swath1.mps,miplib,MILP,holdout,0,cold,absent,1,300.0,,,,,,,,,,,,,,,,model_not_in_checkout
bench01-2026-10-01,2026-09-28,/tmp/opencode/markov-base01-build/markov-cero-solve,714ff78c14e1ad33b18eab26a2f6cd1235dfce5561a552c1d430fd548f3d8125,data/netlib/bore3d.mps,netlib,LP,holdout,0,cold,ok,1,60.0,1469.543,1467.043719,NumericalFailure,false,unverified,1373.0804138468477,,,0,319,7832,,,not_checked,primal and variable_names differ in length,exit_code=7; stderr=markov-cero 0.5.2 NumericalFailure [LP -> primal] NOT VERIFIED numerical_diagnostic: primal_residual=4.3338091466345384e-09 dual_residual=4.8783501746014274e-11 complementarity_gap=0.00185362991938647
bench01-2026-10-01,2026-09-28,/tmp/opencode/markov-base01-build/markov-cero-solve,714ff78c14e1ad33b18eab26a2f6cd1235dfce5561a552c1d430fd548f3d8125,data/netlib/e226.mps,netlib,LP,holdout,0,cold,ok,1,60.0,10.633,8.524289,InvalidModel,false,unverified,0,,,0,0,4764,,,not_checked,no primal vector in result,exit_code=3; stderr=markov-cero 0.5.2 InvalidModel [LP -> auto] NOT VERIFIED
bench01-2026-10-01,2026-09-28,/tmp/opencode/markov-base01-build/markov-cero-solve,714ff78c14e1ad33b18eab26a2f6cd1235dfce5561a552c1d430fd548f3d8125,data/netlib/brandy.mps,netlib,LP,holdout,0,cold,ok,1,60.0,6048.335,6045.520987,Optimal,true,optimality_witness_checked,1518.509896488128,1518.509896488128,0,1,612,8208,,,pass,6.821210e-13,stderr=markov-cero 0.5.2 Optimal [LP -> primal] VERIFIED
bench01-2026-10-01,2026-09-28,/tmp/opencode/markov-base01-build/markov-cero-solve,714ff78c14e1ad33b18eab26a2f6cd1235dfce5561a552c1d430fd548f3d8125,data/netlib/greenbeb.mps,netlib,LP,holdout,0,cold,absent,1,60.0,,,,,,,,,,,,,,,,model_not_in_checkout
bench01-2026-10-01,2026-09-28,/tmp/opencode/markov-base01-build/markov-cero-solve,714ff78c14e1ad33b18eab26a2f6cd1235dfce5561a552c1d430fd548f3d8125,data/netlib/pilot.we.mps,netlib,LP,holdout,0,cold,absent,1,60.0,,,,,,,,,,,,,,,,model_not_in_checkout
bench01-2026-10-01,2026-09-28,/tmp/opencode/markov-base01-build/markov-cero-solve,714ff78c14e1ad33b18eab26a2f6cd1235dfce5561a552c1d430fd548f3d8125,data/netlib/sc50a.mps,netlib,LP,holdout,0,cold,ok,1,60.0,14.85,12.930155,Optimal,true,optimality_witness_checked,-64.57507705856453,-64.57507705856453,0,1,54,5528,-64.575077058564,5.258016244624741e-13,pass,2.842171e-14,stderr=markov-cero 0.5.2 Optimal [LP -> primal] VERIFIED
bench01-2026-10-01,2026-09-28,/tmp/opencode/markov-base01-build/markov-cero-solve,714ff78c14e1ad33b18eab26a2f6cd1235dfce5561a552c1d430fd548f3d8125,data/netlib/scagr25.mps,netlib,LP,holdout,0,cold,ok,1,60.0,8609.866,8605.350615,Optimal,true,optimality_witness_checked,-14753433.06076852,-14753433.06076852,0,1,3204,7268,,,pass,1.818989e-12,stderr=markov-cero 0.5.2 Optimal [LP -> primal] VERIFIED
bench01-2026-10-01,2026-09-28,/tmp/opencode/markov-base01-build/markov-cero-solve,714ff78c14e1ad33b18eab26a2f6cd1235dfce5561a552c1d430fd548f3d8125,data/netlib/sctap2.mps,netlib,LP,holdout,0,cold,absent,1,60.0,,,,,,,,,,,,,,,,model_not_in_checkout
bench01-2026-10-01,2026-09-28,/tmp/opencode/markov-base01-build/markov-cero-solve,714ff78c14e1ad33b18eab26a2f6cd1235dfce5561a552c1d430fd548f3d8125,data/miplib/neos-3754480-nidda.mps,miplib,MILP,holdout,0,cold,ok,1,300.0,15600.746,15598.677138,NumericalFailure,false,unverified,0,,,1,794,8336,12939.7540104743,12939.7540104743,not_checked,no primal vector in result,exit_code=7; stderr=markov-cero 0.5.2 NumericalFailure [MILP -> milp] NOT VERIFIED proof: tier=unverified status=not_requested budget_exhausted=false nodes=0 witness_values=0 build_ms=0 replay_ms=0 numerical_diagnostic: 
bench01-2026-10-01,2026-09-28,/tmp/opencode/markov-base01-build/markov-cero-solve,714ff78c14e1ad33b18eab26a2f6cd1235dfce5561a552c1d430fd548f3d8125,data/netlib/share1b.mps,netlib,LP,holdout,0,cold,ok,1,60.0,953.586,950.46488,Optimal,true,optimality_witness_checked,-76589.31857918539,-76589.31857918539,0,1,1266,6604,-76589.3185791855,1.1641532182693481e-10,pass,5.067908e-10,stderr=markov-cero 0.5.2 Optimal [LP -> primal] VERIFIED
bench01-2026-10-01,2026-09-28,/tmp/opencode/markov-base01-build/markov-cero-solve,714ff78c14e1ad33b18eab26a2f6cd1235dfce5561a552c1d430fd548f3d8125,data/netlib/shell.mps,netlib,LP,holdout,0,cold,absent,1,60.0,,,,,,,,,,,,,,,,model_not_in_checkout
bench01-2026-10-01,2026-09-28,/tmp/opencode/markov-base01-build/markov-cero-solve,714ff78c14e1ad33b18eab26a2f6cd1235dfce5561a552c1d430fd548f3d8125,data/netlib/stair.mps,netlib,LP,holdout,0,cold,absent,1,60.0,,,,,,,,,,,,,,,,model_not_in_checkout
bench01-2026-10-01,2026-09-28,/tmp/opencode/markov-base01-build/markov-cero-solve,714ff78c14e1ad33b18eab26a2f6cd1235dfce5561a552c1d430fd548f3d8125,data/netlib/share2b.mps,netlib,LP,holdout,0,cold,ok,1,60.0,258.049,255.773899,Optimal,true,optimality_witness_checked,-415.7322407414181,-415.7322407414181,0,1,473,5988,-415.732240741418,5.684341886080802e-14,pass,9.094947e-13,stderr=markov-cero 0.5.2 Optimal [LP -> primal] VERIFIED
bench01-2026-10-01,2026-09-28,/tmp/opencode/markov-base01-build/markov-cero-solve,714ff78c14e1ad33b18eab26a2f6cd1235dfce5561a552c1d430fd548f3d8125,data/netlib/stocfor3.mps,netlib,LP,holdout,0,cold,absent,1,60.0,,,,,,,,,,,,,,,,model_not_in_checkout
bench01-2026-10-01,2026-09-28,/tmp/opencode/markov-base01-build/markov-cero-solve,714ff78c14e1ad33b18eab26a2f6cd1235dfce5561a552c1d430fd548f3d8125,data/netlib/tuff.mps,netlib,LP,holdout,0,cold,absent,1,60.0,,,,,,,,,,,,,,,,model_not_in_checkout
bench01-2026-10-01,2026-09-28,/tmp/opencode/markov-base01-build/markov-cero-solve,714ff78c14e1ad33b18eab26a2f6cd1235dfce5561a552c1d430fd548f3d8125,data/qp/QPLIB_8495.mps,qplib,QP,holdout,0,cold,absent,1,60.0,,,,,,,,,,,,,,,,model_not_in_checkout
bench01-2026-10-01,2026-09-28,/tmp/opencode/markov-base01-build/markov-cero-solve,714ff78c14e1ad33b18eab26a2f6cd1235dfce5561a552c1d430fd548f3d8125,data/qp/QPLIB_8906.mps,qplib,QP,holdout,0,cold,absent,1,60.0,,,,,,,,,,,,,,,,model_not_in_checkout
bench01-2026-10-01,2026-09-28,/tmp/opencode/markov-base01-build/markov-cero-solve,714ff78c14e1ad33b18eab26a2f6cd1235dfce5561a552c1d430fd548f3d8125,data/cases/refinery_scheduling_large.mps,cases,MILP,tune,0,cold,hash_mismatch,1,300.0,,,,,,,,,,,,,,,,model_sha256_disagrees
bench01-2026-10-01,2026-09-28,/tmp/opencode/markov-base01-build/markov-cero-solve,714ff78c14e1ad33b18eab26a2f6cd1235dfce5561a552c1d430fd548f3d8125,data/miplib/CMS750_4.mps,miplib,MILP,tune,0,cold,absent,1,300.0,,,,,,,,,,,,,,,,model_not_in_checkout
bench01-2026-10-01,2026-09-28,/tmp/opencode/markov-base01-build/markov-cero-solve,714ff78c14e1ad33b18eab26a2f6cd1235dfce5561a552c1d430fd548f3d8125,data/miplib/beasleyC3.mps,miplib,MILP,tune,0,cold,absent,1,300.0,,,,,,,,,,,,,,,,model_not_in_checkout
bench01-2026-10-01,2026-09-28,/tmp/opencode/markov-base01-build/markov-cero-solve,714ff78c14e1ad33b18eab26a2f6cd1235dfce5561a552c1d430fd548f3d8125,data/miplib/bnatt400.mps,miplib,MILP,tune,0,cold,absent,1,300.0,,,,,,,,,,,,,,,,model_not_in_checkout
bench01-2026-10-01,2026-09-28,/tmp/opencode/markov-base01-build/markov-cero-solve,714ff78c14e1ad33b18eab26a2f6cd1235dfce5561a552c1d430fd548f3d8125,data/miplib/bppc4-08.mps,miplib,MILP,tune,0,cold,absent,1,300.0,,,,,,,,,,,,,,,,model_not_in_checkout
bench01-2026-10-01,2026-09-28,/tmp/opencode/markov-base01-build/markov-cero-solve,714ff78c14e1ad33b18eab26a2f6cd1235dfce5561a552c1d430fd548f3d8125,data/miplib/cvs16r128-89.mps,miplib,MILP,tune,0,cold,absent,1,300.0,,,,,,,,,,,,,,,,model_not_in_checkout
bench01-2026-10-01,2026-09-28,/tmp/opencode/markov-base01-build/markov-cero-solve,714ff78c14e1ad33b18eab26a2f6cd1235dfce5561a552c1d430fd548f3d8125,data/miplib/dano3_5.mps,miplib,MILP,tune,0,cold,absent,1,300.0,,,,,,,,,,,,,,,,model_not_in_checkout
bench01-2026-10-01,2026-09-28,/tmp/opencode/markov-base01-build/markov-cero-solve,714ff78c14e1ad33b18eab26a2f6cd1235dfce5561a552c1d430fd548f3d8125,data/miplib/graph20-20-1rand.mps,miplib,MILP,tune,0,cold,absent,1,300.0,,,,,,,,,,,,,,,,model_not_in_checkout
bench01-2026-10-01,2026-09-28,/tmp/opencode/markov-base01-build/markov-cero-solve,714ff78c14e1ad33b18eab26a2f6cd1235dfce5561a552c1d430fd548f3d8125,data/miplib/istanbul-no-cutoff.mps,miplib,MILP,tune,0,cold,absent,1,300.0,,,,,,,,,,,,,,,,model_not_in_checkout
bench01-2026-10-01,2026-09-28,/tmp/opencode/markov-base01-build/markov-cero-solve,714ff78c14e1ad33b18eab26a2f6cd1235dfce5561a552c1d430fd548f3d8125,data/netlib/stocfor1.mps,netlib,LP,holdout,0,cold,ok,1,60.0,238.139,235.46579,Optimal,true,optimality_witness_checked,-41131.97621943642,-41131.97621943642,0,1,432,6188,,,pass,2.728484e-12,stderr=markov-cero 0.5.2 Optimal [LP -> primal] VERIFIED
bench01-2026-10-01,2026-09-28,/tmp/opencode/markov-base01-build/markov-cero-solve,714ff78c14e1ad33b18eab26a2f6cd1235dfce5561a552c1d430fd548f3d8125,data/miplib/mcsched.mps,miplib,MILP,tune,0,cold,absent,1,300.0,,,,,,,,,,,,,,,,model_not_in_checkout
bench01-2026-10-01,2026-09-28,/tmp/opencode/markov-base01-build/markov-cero-solve,714ff78c14e1ad33b18eab26a2f6cd1235dfce5561a552c1d430fd548f3d8125,data/miplib/mik-250-20-75-4.mps,miplib,MILP,tune,0,cold,absent,1,300.0,,,,,,,,,,,,,,,,model_not_in_checkout
bench01-2026-10-01,2026-09-28,/tmp/opencode/markov-base01-build/markov-cero-solve,714ff78c14e1ad33b18eab26a2f6cd1235dfce5561a552c1d430fd548f3d8125,data/miplib/neos-1354092.mps,miplib,MILP,tune,0,cold,absent,1,300.0,,,,,,,,,,,,,,,,model_not_in_checkout
bench01-2026-10-01,2026-09-28,/tmp/opencode/markov-base01-build/markov-cero-solve,714ff78c14e1ad33b18eab26a2f6cd1235dfce5561a552c1d430fd548f3d8125,data/miplib/neos-3381206-awhea.mps,miplib,MILP,tune,0,cold,absent,1,300.0,,,,,,,,,,,,,,,,model_not_in_checkout
bench01-2026-10-01,2026-09-28,/tmp/opencode/markov-base01-build/markov-cero-solve,714ff78c14e1ad33b18eab26a2f6cd1235dfce5561a552c1d430fd548f3d8125,data/miplib/neos17.mps,miplib,MILP,tune,0,cold,absent,1,300.0,,,,,,,,,,,,,,,,model_not_in_checkout
bench01-2026-10-01,2026-09-28,/tmp/opencode/markov-base01-build/markov-cero-solve,714ff78c14e1ad33b18eab26a2f6cd1235dfce5561a552c1d430fd548f3d8125,data/netlib/etamacro.mps,netlib,LP,holdout,0,cold,ok,1,60.0,19312.347,19308.442519,NumericalFailure,false,unverified,-755.7143090291331,,,0,1378,12608,,,not_checked,primal and variable_names differ in length,exit_code=7; stderr=markov-cero 0.5.2 NumericalFailure [LP -> primal] NOT VERIFIED numerical_diagnostic: primal_residual=5.5644022722844966e-10 dual_residual=2.0621525320674294e-16 complementarity_gap=0.00214953078166371
bench01-2026-10-01,2026-09-28,/tmp/opencode/markov-base01-build/markov-cero-solve,714ff78c14e1ad33b18eab26a2f6cd1235dfce5561a552c1d430fd548f3d8125,data/miplib/enlight_hard.mps,miplib,MILP,holdout,0,cold,ok,1,300.0,300006.211,300003.410513,ResourceLimit,false,unverified,0,15,,673,421915,13648,37.0,37.0,not_checked,no primal vector in result,exit_code=5; stderr=markov-cero 0.5.2 ResourceLimit [MILP -> milp] NOT VERIFIED proof: tier=unverified status=not_requested budget_exhausted=false nodes=0 witness_values=0 build_ms=0 replay_ms=0
bench01-2026-10-01,2026-09-28,/tmp/opencode/markov-base01-build/markov-cero-solve,714ff78c14e1ad33b18eab26a2f6cd1235dfce5561a552c1d430fd548f3d8125,data/miplib/sp97ar.mps,miplib,MILP,tune,0,cold,absent,1,300.0,,,,,,,,,,,,,,,,model_not_in_checkout
bench01-2026-10-01,2026-09-28,/tmp/opencode/markov-base01-build/markov-cero-solve,714ff78c14e1ad33b18eab26a2f6cd1235dfce5561a552c1d430fd548f3d8125,data/miplib/uct-subprob.mps,miplib,MILP,tune,0,cold,absent,1,300.0,,,,,,,,,,,,,,,,model_not_in_checkout
bench01-2026-10-01,2026-09-28,/tmp/opencode/markov-base01-build/markov-cero-solve,714ff78c14e1ad33b18eab26a2f6cd1235dfce5561a552c1d430fd548f3d8125,data/mittelmann/50v-10.mps,mittelmann,MILP,tune,0,cold,absent,1,300.0,,,,,,,,,,,,,,,,model_not_in_checkout
bench01-2026-10-01,2026-09-28,/tmp/opencode/markov-base01-build/markov-cero-solve,714ff78c14e1ad33b18eab26a2f6cd1235dfce5561a552c1d430fd548f3d8125,data/mittelmann/app1-1.mps,mittelmann,MILP,tune,0,cold,absent,1,300.0,,,,,,,,,,,,,,,,model_not_in_checkout
bench01-2026-10-01,2026-09-28,/tmp/opencode/markov-base01-build/markov-cero-solve,714ff78c14e1ad33b18eab26a2f6cd1235dfce5561a552c1d430fd548f3d8125,data/mittelmann/fome11.mps,mittelmann,MILP,tune,0,cold,absent,1,300.0,,,,,,,,,,,,,,,,model_not_in_checkout
bench01-2026-10-01,2026-09-28,/tmp/opencode/markov-base01-build/markov-cero-solve,714ff78c14e1ad33b18eab26a2f6cd1235dfce5561a552c1d430fd548f3d8125,data/miplib/mas76.mps,miplib,MILP,tune,0,cold,ok,1,300.0,300003.62,300001.261672,ResourceLimit,false,unverified,0,39108.57294745825,0.9999999608914271,595,404501,8348,40005.05398999999,40005.05398999999,not_checked,no primal vector in result,exit_code=5; stderr=markov-cero 0.5.2 ResourceLimit [MILP -> milp] NOT VERIFIED proof: tier=unverified status=not_requested budget_exhausted=false nodes=0 witness_values=0 build_ms=0 replay_ms=0
bench01-2026-10-01,2026-09-28,/tmp/opencode/markov-base01-build/markov-cero-solve,714ff78c14e1ad33b18eab26a2f6cd1235dfce5561a552c1d430fd548f3d8125,data/mittelmann/nug08-3rd.mps,mittelmann,MILP,tune,0,cold,absent,1,300.0,,,,,,,,,,,,,,,,model_not_in_checkout
bench01-2026-10-01,2026-09-28,/tmp/opencode/markov-base01-build/markov-cero-solve,714ff78c14e1ad33b18eab26a2f6cd1235dfce5561a552c1d430fd548f3d8125,data/mittelmann/nug20.mps,mittelmann,MILP,tune,0,cold,absent,1,300.0,,,,,,,,,,,,,,,,model_not_in_checkout
bench01-2026-10-01,2026-09-28,/tmp/opencode/markov-base01-build/markov-cero-solve,714ff78c14e1ad33b18eab26a2f6cd1235dfce5561a552c1d430fd548f3d8125,data/netlib/80bau3b.mps,netlib,LP,tune,0,cold,absent,1,60.0,,,,,,,,,,,,,,,,model_not_in_checkout
bench01-2026-10-01,2026-09-28,/tmp/opencode/markov-base01-build/markov-cero-solve,714ff78c14e1ad33b18eab26a2f6cd1235dfce5561a552c1d430fd548f3d8125,data/miplib/pk1.mps,miplib,MILP,tune,0,cold,ok,1,300.0,300004.088,300001.551965,ResourceLimit,false,unverified,0,0,1,493,340600,7932,11.0,11.0,not_checked,no primal vector in result,exit_code=5; stderr=markov-cero 0.5.2 ResourceLimit [MILP -> milp] NOT VERIFIED proof: tier=unverified status=not_requested budget_exhausted=false nodes=0 witness_values=0 build_ms=0 replay_ms=0
bench01-2026-10-01,2026-09-28,/tmp/opencode/markov-base01-build/markov-cero-solve,714ff78c14e1ad33b18eab26a2f6cd1235dfce5561a552c1d430fd548f3d8125,data/netlib/beaconfd.mps,netlib,LP,tune,0,cold,ok,1,60.0,185.156,181.971043,Optimal,true,optimality_witness_checked,33592.485807200006,33592.485807200006,0,1,244,6688,33592.4858072,7.275957614183426e-12,pass,3.259615e-11,stderr=markov-cero 0.5.2 Optimal [LP -> primal] VERIFIED
bench01-2026-10-01,2026-09-28,/tmp/opencode/markov-base01-build/markov-cero-solve,714ff78c14e1ad33b18eab26a2f6cd1235dfce5561a552c1d430fd548f3d8125,data/netlib/bnl2.mps,netlib,LP,tune,0,cold,absent,1,60.0,,,,,,,,,,,,,,,,model_not_in_checkout
bench01-2026-10-01,2026-09-28,/tmp/opencode/markov-base01-build/markov-cero-solve,714ff78c14e1ad33b18eab26a2f6cd1235dfce5561a552c1d430fd548f3d8125,data/netlib/boeing2.mps,netlib,LP,tune,0,cold,ok,1,60.0,1547.459,1544.41511,Optimal,true,optimality_witness_checked,-315.0187280152029,-315.0187280152029,0,1,1254,6376,,,pass,1.421085e-14,stderr=markov-cero 0.5.2 Optimal [LP -> primal] VERIFIED
bench01-2026-10-01,2026-09-28,/tmp/opencode/markov-base01-build/markov-cero-solve,714ff78c14e1ad33b18eab26a2f6cd1235dfce5561a552c1d430fd548f3d8125,data/netlib/bandm.mps,netlib,LP,tune,0,cold,ok,1,60.0,3297.107,3293.339821,Optimal,true,optimality_witness_checked,-158.6280184501206,-158.6280184501206,0,1,2105,7092,,,pass,1.936229e-13,stderr=markov-cero 0.5.2 Optimal [LP -> primal] VERIFIED
bench01-2026-10-01,2026-09-28,/tmp/opencode/markov-base01-build/markov-cero-solve,714ff78c14e1ad33b18eab26a2f6cd1235dfce5561a552c1d430fd548f3d8125,data/netlib/fit2p.mps,netlib,LP,tune,0,cold,absent,1,60.0,,,,,,,,,,,,,,,,model_not_in_checkout
bench01-2026-10-01,2026-09-28,/tmp/opencode/markov-base01-build/markov-cero-solve,714ff78c14e1ad33b18eab26a2f6cd1235dfce5561a552c1d430fd548f3d8125,data/netlib/forplan.mps,netlib,LP,tune,0,cold,absent,1,60.0,,,,,,,,,,,,,,,,model_not_in_checkout
bench01-2026-10-01,2026-09-28,/tmp/opencode/markov-base01-build/markov-cero-solve,714ff78c14e1ad33b18eab26a2f6cd1235dfce5561a552c1d430fd548f3d8125,data/netlib/ganges.mps,netlib,LP,tune,0,cold,absent,1,60.0,,,,,,,,,,,,,,,,model_not_in_checkout
bench01-2026-10-01,2026-09-28,/tmp/opencode/markov-base01-build/markov-cero-solve,714ff78c14e1ad33b18eab26a2f6cd1235dfce5561a552c1d430fd548f3d8125,data/netlib/gfrd-pnc.mps,netlib,LP,tune,0,cold,absent,1,60.0,,,,,,,,,,,,,,,,model_not_in_checkout
bench01-2026-10-01,2026-09-28,/tmp/opencode/markov-base01-build/markov-cero-solve,714ff78c14e1ad33b18eab26a2f6cd1235dfce5561a552c1d430fd548f3d8125,data/miplib/sp150x300d.mps,miplib,MILP,tune,0,cold,ok,1,300.0,300036.084,300032.251954,ResourceLimit,false,unverified,0,5.861593965234503,0.9162629433537928,22,28266,21268,69.0,69.0,not_checked,no primal vector in result,exit_code=5; stderr=markov-cero 0.5.2 ResourceLimit [MILP -> milp] NOT VERIFIED proof: tier=unverified status=not_requested budget_exhausted=false nodes=0 witness_values=0 build_ms=0 replay_ms=0
bench01-2026-10-01,2026-09-28,/tmp/opencode/markov-base01-build/markov-cero-solve,714ff78c14e1ad33b18eab26a2f6cd1235dfce5561a552c1d430fd548f3d8125,data/netlib/kb2.mps,netlib,LP,tune,0,cold,ok,1,60.0,71.659,69.362446,Optimal,true,optimality_witness_checked,-1749.9001299062056,-1749.9001299062056,0,1,176,6172,,,pass,1.364242e-12,stderr=markov-cero 0.5.2 Optimal [LP -> primal] VERIFIED
bench01-2026-10-01,2026-09-28,/tmp/opencode/markov-base01-build/markov-cero-solve,714ff78c14e1ad33b18eab26a2f6cd1235dfce5561a552c1d430fd548f3d8125,data/netlib/maros.mps,netlib,LP,tune,0,cold,absent,1,60.0,,,,,,,,,,,,,,,,model_not_in_checkout
bench01-2026-10-01,2026-09-28,/tmp/opencode/markov-base01-build/markov-cero-solve,714ff78c14e1ad33b18eab26a2f6cd1235dfce5561a552c1d430fd548f3d8125,data/netlib/capri.mps,netlib,LP,tune,0,cold,ok,1,60.0,3299.003,3295.517856,Optimal,true,optimality_witness_checked,2690.012913768161,2690.012913768161,0,1,1281,7212,,,pass,8.590906e-13,stderr=markov-cero 0.5.2 Optimal [LP -> primal] VERIFIED
bench01-2026-10-01,2026-09-28,/tmp/opencode/markov-base01-build/markov-cero-solve,714ff78c14e1ad33b18eab26a2f6cd1235dfce5561a552c1d430fd548f3d8125,data/netlib/scsd1.mps,netlib,LP,tune,0,cold,ok,1,60.0,176.5,173.588474,NumericalFailure,false,unverified,8.666680097560823,,,0,79,7708,,,pass,4.937994e-11,exit_code=7; stderr=markov-cero 0.5.2 NumericalFailure [LP -> primal] NOT VERIFIED numerical_diagnostic: primal_residual=4.93799445777654e-11 dual_residual=0 complementarity_gap=1.5090295139641614e-05 condition_estimate=
bench01-2026-10-01,2026-09-28,/tmp/opencode/markov-base01-build/markov-cero-solve,714ff78c14e1ad33b18eab26a2f6cd1235dfce5561a552c1d430fd548f3d8125,data/netlib/ship04s.mps,netlib,LP,tune,0,cold,absent,1,60.0,,,,,,,,,,,,,,,,model_not_in_checkout
bench01-2026-10-01,2026-09-28,/tmp/opencode/markov-base01-build/markov-cero-solve,714ff78c14e1ad33b18eab26a2f6cd1235dfce5561a552c1d430fd548f3d8125,data/netlib/ship12s.mps,netlib,LP,tune,0,cold,absent,1,60.0,,,,,,,,,,,,,,,,model_not_in_checkout
bench01-2026-10-01,2026-09-28,/tmp/opencode/markov-base01-build/markov-cero-solve,714ff78c14e1ad33b18eab26a2f6cd1235dfce5561a552c1d430fd548f3d8125,data/netlib/standata.mps,netlib,LP,tune,0,cold,absent,1,60.0,,,,,,,,,,,,,,,,model_not_in_checkout
bench01-2026-10-01,2026-09-28,/tmp/opencode/markov-base01-build/markov-cero-solve,714ff78c14e1ad33b18eab26a2f6cd1235dfce5561a552c1d430fd548f3d8125,data/netlib/stocfor2.mps,netlib,LP,tune,0,cold,absent,1,60.0,,,,,,,,,,,,,,,,model_not_in_checkout
bench01-2026-10-01,2026-09-28,/tmp/opencode/markov-base01-build/markov-cero-solve,714ff78c14e1ad33b18eab26a2f6cd1235dfce5561a552c1d430fd548f3d8125,data/netlib/truss.mps,netlib,LP,tune,0,cold,absent,1,60.0,,,,,,,,,,,,,,,,model_not_in_checkout
bench01-2026-10-01,2026-09-28,/tmp/opencode/markov-base01-build/markov-cero-solve,714ff78c14e1ad33b18eab26a2f6cd1235dfce5561a552c1d430fd548f3d8125,data/netlib/vtpbase.mps,netlib,LP,tune,0,cold,ok,1,60.0,141.344,137.646154,Optimal,true,optimality_witness_checked,129831.46246136136,129831.46246136136,0,1,185,6424,,,pass,3.161915e-11,stderr=markov-cero 0.5.2 Optimal [LP -> primal] VERIFIED
bench01-2026-10-01,2026-09-28,/tmp/opencode/markov-base01-build/markov-cero-solve,714ff78c14e1ad33b18eab26a2f6cd1235dfce5561a552c1d430fd548f3d8125,data/qp/QPLIB_9002.mps,qplib,QP,tune,0,cold,absent,1,60.0,,,,,,,,,,,,,,,,model_not_in_checkout
bench01-2026-10-01,2026-09-28,/tmp/opencode/markov-base01-build/markov-cero-solve,714ff78c14e1ad33b18eab26a2f6cd1235dfce5561a552c1d430fd548f3d8125,data/netlib/sctap1.mps,netlib,LP,tune,0,cold,ok,1,60.0,1610.452,1605.862687,Optimal,true,optimality_witness_checked,1412.2500000000002,1412.2500000000002,0,1,1409,7020,,,pass,1.421085e-14,stderr=markov-cero 0.5.2 Optimal [LP -> primal] VERIFIED
bench01-2026-10-01,2026-09-28,/tmp/opencode/markov-base01-build/markov-cero-solve,714ff78c14e1ad33b18eab26a2f6cd1235dfce5561a552c1d430fd548f3d8125,data/cases/li_crude_blending.mps,cases,MILP,train,0,cold,hash_mismatch,1,300.0,,,,,,,,,,,,,,,,model_sha256_disagrees
bench01-2026-10-01,2026-09-28,/tmp/opencode/markov-base01-build/markov-cero-solve,714ff78c14e1ad33b18eab26a2f6cd1235dfce5561a552c1d430fd548f3d8125,data/cases/neiro_refinery_scheduling.mps,cases,MILP,train,0,cold,hash_mismatch,1,300.0,,,,,,,,,,,,,,,,model_sha256_disagrees
bench01-2026-10-01,2026-09-28,/tmp/opencode/markov-base01-build/markov-cero-solve,714ff78c14e1ad33b18eab26a2f6cd1235dfce5561a552c1d430fd548f3d8125,data/cases/process_network_large.mps,cases,MILP,train,0,cold,hash_mismatch,1,300.0,,,,,,,,,,,,,,,,model_sha256_disagrees
bench01-2026-10-01,2026-09-28,/tmp/opencode/markov-base01-build/markov-cero-solve,714ff78c14e1ad33b18eab26a2f6cd1235dfce5561a552c1d430fd548f3d8125,data/cases/production_planning_large.mps,cases,MILP,train,0,cold,hash_mismatch,1,300.0,,,,,,,,,,,,,,,,model_sha256_disagrees
bench01-2026-10-01,2026-09-28,/tmp/opencode/markov-base01-build/markov-cero-solve,714ff78c14e1ad33b18eab26a2f6cd1235dfce5561a552c1d430fd548f3d8125,data/cases/shapiro_network_flow.mps,cases,MILP,train,0,cold,hash_mismatch,1,300.0,,,,,,,,,,,,,,,,model_sha256_disagrees
bench01-2026-10-01,2026-09-28,/tmp/opencode/markov-base01-build/markov-cero-solve,714ff78c14e1ad33b18eab26a2f6cd1235dfce5561a552c1d430fd548f3d8125,data/cases/supply_chain_large.mps,cases,MILP,train,0,cold,hash_mismatch,1,300.0,,,,,,,,,,,,,,,,model_sha256_disagrees
bench01-2026-10-01,2026-09-28,/tmp/opencode/markov-base01-build/markov-cero-solve,714ff78c14e1ad33b18eab26a2f6cd1235dfce5561a552c1d430fd548f3d8125,data/miplib/assign1-5-8.mps,miplib,MILP,train,0,cold,absent,1,300.0,,,,,,,,,,,,,,,,model_not_in_checkout
bench01-2026-10-01,2026-09-28,/tmp/opencode/markov-base01-build/markov-cero-solve,714ff78c14e1ad33b18eab26a2f6cd1235dfce5561a552c1d430fd548f3d8125,data/miplib/binkar10_1.mps,miplib,MILP,train,0,cold,absent,1,300.0,,,,,,,,,,,,,,,,model_not_in_checkout
bench01-2026-10-01,2026-09-28,/tmp/opencode/markov-base01-build/markov-cero-solve,714ff78c14e1ad33b18eab26a2f6cd1235dfce5561a552c1d430fd548f3d8125,data/miplib/blp-ar98.mps,miplib,MILP,train,0,cold,absent,1,300.0,,,,,,,,,,,,,,,,model_not_in_checkout
bench01-2026-10-01,2026-09-28,/tmp/opencode/markov-base01-build/markov-cero-solve,714ff78c14e1ad33b18eab26a2f6cd1235dfce5561a552c1d430fd548f3d8125,data/miplib/blp-ic98.mps,miplib,MILP,train,0,cold,absent,1,300.0,,,,,,,,,,,,,,,,model_not_in_checkout
bench01-2026-10-01,2026-09-28,/tmp/opencode/markov-base01-build/markov-cero-solve,714ff78c14e1ad33b18eab26a2f6cd1235dfce5561a552c1d430fd548f3d8125,data/miplib/cmflsp50-24-8-8.mps,miplib,MILP,train,0,cold,absent,1,300.0,,,,,,,,,,,,,,,,model_not_in_checkout
bench01-2026-10-01,2026-09-28,/tmp/opencode/markov-base01-build/markov-cero-solve,714ff78c14e1ad33b18eab26a2f6cd1235dfce5561a552c1d430fd548f3d8125,data/miplib/cod105.mps,miplib,MILP,train,0,cold,absent,1,300.0,,,,,,,,,,,,,,,,model_not_in_checkout
bench01-2026-10-01,2026-09-28,/tmp/opencode/markov-base01-build/markov-cero-solve,714ff78c14e1ad33b18eab26a2f6cd1235dfce5561a552c1d430fd548f3d8125,data/miplib/comp21-2idx.mps,miplib,MILP,train,0,cold,absent,1,300.0,,,,,,,,,,,,,,,,model_not_in_checkout
bench01-2026-10-01,2026-09-28,/tmp/opencode/markov-base01-build/markov-cero-solve,714ff78c14e1ad33b18eab26a2f6cd1235dfce5561a552c1d430fd548f3d8125,data/miplib/cost266-UUE.mps,miplib,MILP,train,0,cold,absent,1,300.0,,,,,,,,,,,,,,,,model_not_in_checkout
bench01-2026-10-01,2026-09-28,/tmp/opencode/markov-base01-build/markov-cero-solve,714ff78c14e1ad33b18eab26a2f6cd1235dfce5561a552c1d430fd548f3d8125,data/miplib/csched007.mps,miplib,MILP,train,0,cold,absent,1,300.0,,,,,,,,,,,,,,,,model_not_in_checkout
bench01-2026-10-01,2026-09-28,/tmp/opencode/markov-base01-build/markov-cero-solve,714ff78c14e1ad33b18eab26a2f6cd1235dfce5561a552c1d430fd548f3d8125,data/miplib/csched008.mps,miplib,MILP,train,0,cold,absent,1,300.0,,,,,,,,,,,,,,,,model_not_in_checkout
bench01-2026-10-01,2026-09-28,/tmp/opencode/markov-base01-build/markov-cero-solve,714ff78c14e1ad33b18eab26a2f6cd1235dfce5561a552c1d430fd548f3d8125,data/miplib/dano3_3.mps,miplib,MILP,train,0,cold,absent,1,300.0,,,,,,,,,,,,,,,,model_not_in_checkout
bench01-2026-10-01,2026-09-28,/tmp/opencode/markov-base01-build/markov-cero-solve,714ff78c14e1ad33b18eab26a2f6cd1235dfce5561a552c1d430fd548f3d8125,data/miplib/decomp2.mps,miplib,MILP,train,0,cold,absent,1,300.0,,,,,,,,,,,,,,,,model_not_in_checkout
bench01-2026-10-01,2026-09-28,/tmp/opencode/markov-base01-build/markov-cero-solve,714ff78c14e1ad33b18eab26a2f6cd1235dfce5561a552c1d430fd548f3d8125,data/miplib/drayage-100-23.mps,miplib,MILP,train,0,cold,absent,1,300.0,,,,,,,,,,,,,,,,model_not_in_checkout
bench01-2026-10-01,2026-09-28,/tmp/opencode/markov-base01-build/markov-cero-solve,714ff78c14e1ad33b18eab26a2f6cd1235dfce5561a552c1d430fd548f3d8125,data/miplib/drayage-25-23.mps,miplib,MILP,train,0,cold,absent,1,300.0,,,,,,,,,,,,,,,,model_not_in_checkout
bench01-2026-10-01,2026-09-28,/tmp/opencode/markov-base01-build/markov-cero-solve,714ff78c14e1ad33b18eab26a2f6cd1235dfce5561a552c1d430fd548f3d8125,data/miplib/dws008-01.mps,miplib,MILP,train,0,cold,absent,1,300.0,,,,,,,,,,,,,,,,model_not_in_checkout
bench01-2026-10-01,2026-09-28,/tmp/opencode/markov-base01-build/markov-cero-solve,714ff78c14e1ad33b18eab26a2f6cd1235dfce5561a552c1d430fd548f3d8125,data/miplib/eil33-2.mps,miplib,MILP,train,0,cold,absent,1,300.0,,,,,,,,,,,,,,,,model_not_in_checkout
bench01-2026-10-01,2026-09-28,/tmp/opencode/markov-base01-build/markov-cero-solve,714ff78c14e1ad33b18eab26a2f6cd1235dfce5561a552c1d430fd548f3d8125,data/miplib/exp-1-500-5-5.mps,miplib,MILP,train,0,cold,absent,1,300.0,,,,,,,,,,,,,,,,model_not_in_checkout
bench01-2026-10-01,2026-09-28,/tmp/opencode/markov-base01-build/markov-cero-solve,714ff78c14e1ad33b18eab26a2f6cd1235dfce5561a552c1d430fd548f3d8125,data/miplib/fhnw-binpack4-48.mps,miplib,MILP,train,0,cold,absent,1,300.0,,,,,,,,,,,,,,,,model_not_in_checkout
bench01-2026-10-01,2026-09-28,/tmp/opencode/markov-base01-build/markov-cero-solve,714ff78c14e1ad33b18eab26a2f6cd1235dfce5561a552c1d430fd548f3d8125,data/netlib/israel.mps,netlib,LP,tune,0,cold,ok,1,60.0,4385.642,4383.312748,Optimal,true,optimality_witness_checked,-896644.8218630457,-896644.8218630457,0,1,987,7080,,,pass,1.855360e-11,stderr=markov-cero 0.5.2 Optimal [LP -> primal] VERIFIED
bench01-2026-10-01,2026-09-28,/tmp/opencode/markov-base01-build/markov-cero-solve,714ff78c14e1ad33b18eab26a2f6cd1235dfce5561a552c1d430fd548f3d8125,data/cases/crude_blending_large.mps,cases,MILP,train,0,cold,ok,1,300.0,14984.215,14982.012233,IterationLimit,false,unverified,0,,,1,10000,7344,,,not_checked,no primal vector in result,exit_code=6; stderr=markov-cero 0.5.2 IterationLimit [QP -> qp] NOT VERIFIED
bench01-2026-10-01,2026-09-28,/tmp/opencode/markov-base01-build/markov-cero-solve,714ff78c14e1ad33b18eab26a2f6cd1235dfce5561a552c1d430fd548f3d8125,data/miplib/flugpl.mps,miplib,MILP,train,0,cold,ok,1,300.0,52940.396,52926.393539,Feasible,false,original_primal_checked,1201500,1201500,0,6703,287990,12068,1201500.0,0.0,pass,0.000000e+00,stderr=markov-cero 0.5.2 Feasible [MILP -> milp] NOT VERIFIED proof: tier=unverified status=exhausted budget_exhausted=true nodes=1089 witness_values=54493 build_ms=5000.0941000000003 replay_ms=0.04931100000
bench01-2026-10-01,2026-09-28,/tmp/opencode/markov-base01-build/markov-cero-solve,714ff78c14e1ad33b18eab26a2f6cd1235dfce5561a552c1d430fd548f3d8125,data/miplib/germanrr.mps,miplib,MILP,train,0,cold,absent,1,300.0,,,,,,,,,,,,,,,,model_not_in_checkout
bench01-2026-10-01,2026-09-28,/tmp/opencode/markov-base01-build/markov-cero-solve,714ff78c14e1ad33b18eab26a2f6cd1235dfce5561a552c1d430fd548f3d8125,data/miplib/glass-sc.mps,miplib,MILP,train,0,cold,absent,1,300.0,,,,,,,,,,,,,,,,model_not_in_checkout
bench01-2026-10-01,2026-09-28,/tmp/opencode/markov-base01-build/markov-cero-solve,714ff78c14e1ad33b18eab26a2f6cd1235dfce5561a552c1d430fd548f3d8125,data/miplib/gmu-35-40.mps,miplib,MILP,train,0,cold,absent,1,300.0,,,,,,,,,,,,,,,,model_not_in_checkout
bench01-2026-10-01,2026-09-28,/tmp/opencode/markov-base01-build/markov-cero-solve,714ff78c14e1ad33b18eab26a2f6cd1235dfce5561a552c1d430fd548f3d8125,data/miplib/h80x6320d.mps,miplib,MILP,train,0,cold,absent,1,300.0,,,,,,,,,,,,,,,,model_not_in_checkout
bench01-2026-10-01,2026-09-28,/tmp/opencode/markov-base01-build/markov-cero-solve,714ff78c14e1ad33b18eab26a2f6cd1235dfce5561a552c1d430fd548f3d8125,data/miplib/hypothyroid-k1.mps,miplib,MILP,train,0,cold,absent,1,300.0,,,,,,,,,,,,,,,,model_not_in_checkout
bench01-2026-10-01,2026-09-28,/tmp/opencode/markov-base01-build/markov-cero-solve,714ff78c14e1ad33b18eab26a2f6cd1235dfce5561a552c1d430fd548f3d8125,data/miplib/ic97_potential.mps,miplib,MILP,train,0,cold,absent,1,300.0,,,,,,,,,,,,,,,,model_not_in_checkout
bench01-2026-10-01,2026-09-28,/tmp/opencode/markov-base01-build/markov-cero-solve,714ff78c14e1ad33b18eab26a2f6cd1235dfce5561a552c1d430fd548f3d8125,data/miplib/icir97_tension.mps,miplib,MILP,train,0,cold,absent,1,300.0,,,,,,,,,,,,,,,,model_not_in_checkout
bench01-2026-10-01,2026-09-28,/tmp/opencode/markov-base01-build/markov-cero-solve,714ff78c14e1ad33b18eab26a2f6cd1235dfce5561a552c1d430fd548f3d8125,data/miplib/irp.mps,miplib,MILP,train,0,cold,absent,1,300.0,,,,,,,,,,,,,,,,model_not_in_checkout
bench01-2026-10-01,2026-09-28,/tmp/opencode/markov-base01-build/markov-cero-solve,714ff78c14e1ad33b18eab26a2f6cd1235dfce5561a552c1d430fd548f3d8125,data/miplib/leo1.mps,miplib,MILP,train,0,cold,absent,1,300.0,,,,,,,,,,,,,,,,model_not_in_checkout
bench01-2026-10-01,2026-09-28,/tmp/opencode/markov-base01-build/markov-cero-solve,714ff78c14e1ad33b18eab26a2f6cd1235dfce5561a552c1d430fd548f3d8125,data/miplib/leo2.mps,miplib,MILP,train,0,cold,absent,1,300.0,,,,,,,,,,,,,,,,model_not_in_checkout
bench01-2026-10-01,2026-09-28,/tmp/opencode/markov-base01-build/markov-cero-solve,714ff78c14e1ad33b18eab26a2f6cd1235dfce5561a552c1d430fd548f3d8125,data/miplib/mad.mps,miplib,MILP,train,0,cold,absent,1,300.0,,,,,,,,,,,,,,,,model_not_in_checkout
bench01-2026-10-01,2026-09-28,/tmp/opencode/markov-base01-build/markov-cero-solve,714ff78c14e1ad33b18eab26a2f6cd1235dfce5561a552c1d430fd548f3d8125,data/mittelmann/neos5.mps,mittelmann,MILP,tune,0,cold,ok,1,300.0,300003.587,300001.225525,ResourceLimit,false,unverified,0,13.75,0.1791044776119403,591,472920,8712,,,not_checked,no primal vector in result,exit_code=5; stderr=markov-cero 0.5.2 ResourceLimit [MILP -> milp] NOT VERIFIED proof: tier=unverified status=not_requested budget_exhausted=false nodes=0 witness_values=0 build_ms=0 replay_ms=0
bench01-2026-10-01,2026-09-28,/tmp/opencode/markov-base01-build/markov-cero-solve,714ff78c14e1ad33b18eab26a2f6cd1235dfce5561a552c1d430fd548f3d8125,data/miplib/gen-ip002.mps,miplib,MILP,train,0,cold,ok,1,300.0,300007.202,300004.314297,ResourceLimit,false,unverified,0,-4820.831573899355,0.018409176999584578,4739,367077,11384,-4783.733392,4783.733392,not_checked,no primal vector in result,exit_code=5; stderr=markov-cero 0.5.2 ResourceLimit [MILP -> milp] NOT VERIFIED proof: tier=unverified status=not_requested budget_exhausted=false nodes=0 witness_values=0 build_ms=0 replay_ms=0
bench01-2026-10-01,2026-09-28,/tmp/opencode/markov-base01-build/markov-cero-solve,714ff78c14e1ad33b18eab26a2f6cd1235dfce5561a552c1d430fd548f3d8125,data/miplib/mc11.mps,miplib,MILP,train,0,cold,absent,1,300.0,,,,,,,,,,,,,,,,model_not_in_checkout
bench01-2026-10-01,2026-09-28,/tmp/opencode/markov-base01-build/markov-cero-solve,714ff78c14e1ad33b18eab26a2f6cd1235dfce5561a552c1d430fd548f3d8125,data/miplib/milo-v12-6-r2-40-1.mps,miplib,MILP,train,0,cold,absent,1,300.0,,,,,,,,,,,,,,,,model_not_in_checkout
bench01-2026-10-01,2026-09-28,/tmp/opencode/markov-base01-build/markov-cero-solve,714ff78c14e1ad33b18eab26a2f6cd1235dfce5561a552c1d430fd548f3d8125,data/miplib/mushroom-best.mps,miplib,MILP,train,0,cold,absent,1,300.0,,,,,,,,,,,,,,,,model_not_in_checkout
bench01-2026-10-01,2026-09-28,/tmp/opencode/markov-base01-build/markov-cero-solve,714ff78c14e1ad33b18eab26a2f6cd1235dfce5561a552c1d430fd548f3d8125,data/miplib/mzzv11.mps,miplib,MILP,train,0,cold,absent,1,300.0,,,,,,,,,,,,,,,,model_not_in_checkout
bench01-2026-10-01,2026-09-28,/tmp/opencode/markov-base01-build/markov-cero-solve,714ff78c14e1ad33b18eab26a2f6cd1235dfce5561a552c1d430fd548f3d8125,data/miplib/mzzv42z.mps,miplib,MILP,train,0,cold,absent,1,300.0,,,,,,,,,,,,,,,,model_not_in_checkout
bench01-2026-10-01,2026-09-28,/tmp/opencode/markov-base01-build/markov-cero-solve,714ff78c14e1ad33b18eab26a2f6cd1235dfce5561a552c1d430fd548f3d8125,data/miplib/n2seq36q.mps,miplib,MILP,train,0,cold,absent,1,300.0,,,,,,,,,,,,,,,,model_not_in_checkout
bench01-2026-10-01,2026-09-28,/tmp/opencode/markov-base01-build/markov-cero-solve,714ff78c14e1ad33b18eab26a2f6cd1235dfce5561a552c1d430fd548f3d8125,data/miplib/n5-3.mps,miplib,MILP,train,0,cold,absent,1,300.0,,,,,,,,,,,,,,,,model_not_in_checkout
bench01-2026-10-01,2026-09-28,/tmp/opencode/markov-base01-build/markov-cero-solve,714ff78c14e1ad33b18eab26a2f6cd1235dfce5561a552c1d430fd548f3d8125,data/miplib/neos-1171737.mps,miplib,MILP,train,0,cold,absent,1,300.0,,,,,,,,,,,,,,,,model_not_in_checkout
bench01-2026-10-01,2026-09-28,/tmp/opencode/markov-base01-build/markov-cero-solve,714ff78c14e1ad33b18eab26a2f6cd1235dfce5561a552c1d430fd548f3d8125,data/miplib/neos-1456979.mps,miplib,MILP,train,0,cold,absent,1,300.0,,,,,,,,,,,,,,,,model_not_in_checkout
bench01-2026-10-01,2026-09-28,/tmp/opencode/markov-base01-build/markov-cero-solve,714ff78c14e1ad33b18eab26a2f6cd1235dfce5561a552c1d430fd548f3d8125,data/miplib/neos-1582420.mps,miplib,MILP,train,0,cold,absent,1,300.0,,,,,,,,,,,,,,,,model_not_in_checkout
bench01-2026-10-01,2026-09-28,/tmp/opencode/markov-base01-build/markov-cero-solve,714ff78c14e1ad33b18eab26a2f6cd1235dfce5561a552c1d430fd548f3d8125,data/miplib/gen-ip054.mps,miplib,MILP,train,0,cold,ok,1,300.0,300006.484,300003.712772,ResourceLimit,false,unverified,0,6780.409531147622,0.018018434255844245,2743,499257,11064,6840.96564179,6840.96564179,not_checked,no primal vector in result,exit_code=5; stderr=markov-cero 0.5.2 ResourceLimit [MILP -> milp] NOT VERIFIED proof: tier=unverified status=not_requested budget_exhausted=false nodes=0 witness_values=0 build_ms=0 replay_ms=0
bench01-2026-10-01,2026-09-28,/tmp/opencode/markov-base01-build/markov-cero-solve,714ff78c14e1ad33b18eab26a2f6cd1235dfce5561a552c1d430fd548f3d8125,data/miplib/neos-2978193-inde.mps,miplib,MILP,train,0,cold,absent,1,300.0,,,,,,,,,,,,,,,,model_not_in_checkout
bench01-2026-10-01,2026-09-28,/tmp/opencode/markov-base01-build/markov-cero-solve,714ff78c14e1ad33b18eab26a2f6cd1235dfce5561a552c1d430fd548f3d8125,data/miplib/neos-3004026-krka.mps,miplib,MILP,train,0,cold,absent,1,300.0,,,,,,,,,,,,,,,,model_not_in_checkout
bench01-2026-10-01,2026-09-28,/tmp/opencode/markov-base01-build/markov-cero-solve,714ff78c14e1ad33b18eab26a2f6cd1235dfce5561a552c1d430fd548f3d8125,data/miplib/neos-3024952-loue.mps,miplib,MILP,train,0,cold,absent,1,300.0,,,,,,,,,,,,,,,,model_not_in_checkout
bench01-2026-10-01,2026-09-28,/tmp/opencode/markov-base01-build/markov-cero-solve,714ff78c14e1ad33b18eab26a2f6cd1235dfce5561a552c1d430fd548f3d8125,data/miplib/markshare_4_0.mps,miplib,MILP,train,0,cold,ok,1,300.0,300029.751,300024.981481,ResourceLimit,false,unverified,0,0,1,4613,714981,47968,1.0,1.0,not_checked,no primal vector in result,exit_code=5; stderr=markov-cero 0.5.2 ResourceLimit [MILP -> milp] NOT VERIFIED proof: tier=unverified status=not_requested budget_exhausted=false nodes=0 witness_values=0 build_ms=0 replay_ms=0
bench01-2026-10-01,2026-09-28,/tmp/opencode/markov-base01-build/markov-cero-solve,714ff78c14e1ad33b18eab26a2f6cd1235dfce5561a552c1d430fd548f3d8125,data/miplib/neos-3083819-nubu.mps,miplib,MILP,train,0,cold,absent,1,300.0,,,,,,,,,,,,,,,,model_not_in_checkout
bench01-2026-10-01,2026-09-28,/tmp/opencode/markov-base01-build/markov-cero-solve,714ff78c14e1ad33b18eab26a2f6cd1235dfce5561a552c1d430fd548f3d8125,data/miplib/neos-3216931-puriri.mps,miplib,MILP,train,0,cold,absent,1,300.0,,,,,,,,,,,,,,,,model_not_in_checkout
bench01-2026-10-01,2026-09-28,/tmp/opencode/markov-base01-build/markov-cero-solve,714ff78c14e1ad33b18eab26a2f6cd1235dfce5561a552c1d430fd548f3d8125,data/miplib/neos-3627168-kasai.mps,miplib,MILP,train,0,cold,absent,1,300.0,,,,,,,,,,,,,,,,model_not_in_checkout
bench01-2026-10-01,2026-09-28,/tmp/opencode/markov-base01-build/markov-cero-solve,714ff78c14e1ad33b18eab26a2f6cd1235dfce5561a552c1d430fd548f3d8125,data/miplib/neos-4338804-snowy.mps,miplib,MILP,train,0,cold,absent,1,300.0,,,,,,,,,,,,,,,,model_not_in_checkout
bench01-2026-10-01,2026-09-28,/tmp/opencode/markov-base01-build/markov-cero-solve,714ff78c14e1ad33b18eab26a2f6cd1235dfce5561a552c1d430fd548f3d8125,data/miplib/neos-4387871-tavua.mps,miplib,MILP,train,0,cold,absent,1,300.0,,,,,,,,,,,,,,,,model_not_in_checkout
bench01-2026-10-01,2026-09-28,/tmp/opencode/markov-base01-build/markov-cero-solve,714ff78c14e1ad33b18eab26a2f6cd1235dfce5561a552c1d430fd548f3d8125,data/miplib/neos-4738912-atrato.mps,miplib,MILP,train,0,cold,absent,1,300.0,,,,,,,,,,,,,,,,model_not_in_checkout
bench01-2026-10-01,2026-09-28,/tmp/opencode/markov-base01-build/markov-cero-solve,714ff78c14e1ad33b18eab26a2f6cd1235dfce5561a552c1d430fd548f3d8125,data/miplib/neos-662469.mps,miplib,MILP,train,0,cold,absent,1,300.0,,,,,,,,,,,,,,,,model_not_in_checkout
bench01-2026-10-01,2026-09-28,/tmp/opencode/markov-base01-build/markov-cero-solve,714ff78c14e1ad33b18eab26a2f6cd1235dfce5561a552c1d430fd548f3d8125,data/miplib/neos-860300.mps,miplib,MILP,train,0,cold,absent,1,300.0,,,,,,,,,,,,,,,,model_not_in_checkout
bench01-2026-10-01,2026-09-28,/tmp/opencode/markov-base01-build/markov-cero-solve,714ff78c14e1ad33b18eab26a2f6cd1235dfce5561a552c1d430fd548f3d8125,data/miplib/neos-911970.mps,miplib,MILP,train,0,cold,absent,1,300.0,,,,,,,,,,,,,,,,model_not_in_checkout
bench01-2026-10-01,2026-09-28,/tmp/opencode/markov-base01-build/markov-cero-solve,714ff78c14e1ad33b18eab26a2f6cd1235dfce5561a552c1d430fd548f3d8125,data/miplib/net12.mps,miplib,MILP,train,0,cold,absent,1,300.0,,,,,,,,,,,,,,,,model_not_in_checkout
bench01-2026-10-01,2026-09-28,/tmp/opencode/markov-base01-build/markov-cero-solve,714ff78c14e1ad33b18eab26a2f6cd1235dfce5561a552c1d430fd548f3d8125,data/miplib/nexp-150-20-8-5.mps,miplib,MILP,train,0,cold,absent,1,300.0,,,,,,,,,,,,,,,,model_not_in_checkout
bench01-2026-10-01,2026-09-28,/tmp/opencode/markov-base01-build/markov-cero-solve,714ff78c14e1ad33b18eab26a2f6cd1235dfce5561a552c1d430fd548f3d8125,data/miplib/ns1208400.mps,miplib,MILP,train,0,cold,absent,1,300.0,,,,,,,,,,,,,,,,model_not_in_checkout
bench01-2026-10-01,2026-09-28,/tmp/opencode/markov-base01-build/markov-cero-solve,714ff78c14e1ad33b18eab26a2f6cd1235dfce5561a552c1d430fd548f3d8125,data/miplib/ns1830653.mps,miplib,MILP,train,0,cold,absent,1,300.0,,,,,,,,,,,,,,,,model_not_in_checkout
bench01-2026-10-01,2026-09-28,/tmp/opencode/markov-base01-build/markov-cero-solve,714ff78c14e1ad33b18eab26a2f6cd1235dfce5561a552c1d430fd548f3d8125,data/miplib/ns1952667.mps,miplib,MILP,train,0,cold,absent,1,300.0,,,,,,,,,,,,,,,,model_not_in_checkout
bench01-2026-10-01,2026-09-28,/tmp/opencode/markov-base01-build/markov-cero-solve,714ff78c14e1ad33b18eab26a2f6cd1235dfce5561a552c1d430fd548f3d8125,data/miplib/nu25-pr12.mps,miplib,MILP,train,0,cold,absent,1,300.0,,,,,,,,,,,,,,,,model_not_in_checkout
bench01-2026-10-01,2026-09-28,/tmp/opencode/markov-base01-build/markov-cero-solve,714ff78c14e1ad33b18eab26a2f6cd1235dfce5561a552c1d430fd548f3d8125,data/miplib/p200x1188c.mps,miplib,MILP,train,0,cold,absent,1,300.0,,,,,,,,,,,,,,,,model_not_in_checkout
bench01-2026-10-01,2026-09-28,/tmp/opencode/markov-base01-build/markov-cero-solve,714ff78c14e1ad33b18eab26a2f6cd1235dfce5561a552c1d430fd548f3d8125,data/miplib/peg-solitaire-a3.mps,miplib,MILP,train,0,cold,absent,1,300.0,,,,,,,,,,,,,,,,model_not_in_checkout
bench01-2026-10-01,2026-09-28,/tmp/opencode/markov-base01-build/markov-cero-solve,714ff78c14e1ad33b18eab26a2f6cd1235dfce5561a552c1d430fd548f3d8125,data/miplib/pg.mps,miplib,MILP,train,0,cold,absent,1,300.0,,,,,,,,,,,,,,,,model_not_in_checkout
bench01-2026-10-01,2026-09-28,/tmp/opencode/markov-base01-build/markov-cero-solve,714ff78c14e1ad33b18eab26a2f6cd1235dfce5561a552c1d430fd548f3d8125,data/miplib/pg5_34.mps,miplib,MILP,train,0,cold,absent,1,300.0,,,,,,,,,,,,,,,,model_not_in_checkout
bench01-2026-10-01,2026-09-28,/tmp/opencode/markov-base01-build/markov-cero-solve,714ff78c14e1ad33b18eab26a2f6cd1235dfce5561a552c1d430fd548f3d8125,data/miplib/piperout-08.mps,miplib,MILP,train,0,cold,absent,1,300.0,,,,,,,,,,,,,,,,model_not_in_checkout
bench01-2026-10-01,2026-09-28,/tmp/opencode/markov-base01-build/markov-cero-solve,714ff78c14e1ad33b18eab26a2f6cd1235dfce5561a552c1d430fd548f3d8125,data/miplib/qap10.mps,miplib,MILP,train,0,cold,absent,1,300.0,,,,,,,,,,,,,,,,model_not_in_checkout
bench01-2026-10-01,2026-09-28,/tmp/opencode/markov-base01-build/markov-cero-solve,714ff78c14e1ad33b18eab26a2f6cd1235dfce5561a552c1d430fd548f3d8125,data/miplib/ran14x18-disj-8.mps,miplib,MILP,train,0,cold,absent,1,300.0,,,,,,,,,,,,,,,,model_not_in_checkout
bench01-2026-10-01,2026-09-28,/tmp/opencode/markov-base01-build/markov-cero-solve,714ff78c14e1ad33b18eab26a2f6cd1235dfce5561a552c1d430fd548f3d8125,data/miplib/reblock115.mps,miplib,MILP,train,0,cold,absent,1,300.0,,,,,,,,,,,,,,,,model_not_in_checkout
bench01-2026-10-01,2026-09-28,/tmp/opencode/markov-base01-build/markov-cero-solve,714ff78c14e1ad33b18eab26a2f6cd1235dfce5561a552c1d430fd548f3d8125,data/miplib/rmatr100-p10.mps,miplib,MILP,train,0,cold,absent,1,300.0,,,,,,,,,,,,,,,,model_not_in_checkout
bench01-2026-10-01,2026-09-28,/tmp/opencode/markov-base01-build/markov-cero-solve,714ff78c14e1ad33b18eab26a2f6cd1235dfce5561a552c1d430fd548f3d8125,data/miplib/rocI-4-11.mps,miplib,MILP,train,0,cold,absent,1,300.0,,,,,,,,,,,,,,,,model_not_in_checkout
bench01-2026-10-01,2026-09-28,/tmp/opencode/markov-base01-build/markov-cero-solve,714ff78c14e1ad33b18eab26a2f6cd1235dfce5561a552c1d430fd548f3d8125,data/miplib/rococoB10-011000.mps,miplib,MILP,train,0,cold,absent,1,300.0,,,,,,,,,,,,,,,,model_not_in_checkout
bench01-2026-10-01,2026-09-28,/tmp/opencode/markov-base01-build/markov-cero-solve,714ff78c14e1ad33b18eab26a2f6cd1235dfce5561a552c1d430fd548f3d8125,data/miplib/sct2.mps,miplib,MILP,train,0,cold,absent,1,300.0,,,,,,,,,,,,,,,,model_not_in_checkout
bench01-2026-10-01,2026-09-28,/tmp/opencode/markov-base01-build/markov-cero-solve,714ff78c14e1ad33b18eab26a2f6cd1235dfce5561a552c1d430fd548f3d8125,data/miplib/seymour.mps,miplib,MILP,train,0,cold,absent,1,300.0,,,,,,,,,,,,,,,,model_not_in_checkout
bench01-2026-10-01,2026-09-28,/tmp/opencode/markov-base01-build/markov-cero-solve,714ff78c14e1ad33b18eab26a2f6cd1235dfce5561a552c1d430fd548f3d8125,data/miplib/seymour1.mps,miplib,MILP,train,0,cold,absent,1,300.0,,,,,,,,,,,,,,,,model_not_in_checkout
bench01-2026-10-01,2026-09-28,/tmp/opencode/markov-base01-build/markov-cero-solve,714ff78c14e1ad33b18eab26a2f6cd1235dfce5561a552c1d430fd548f3d8125,data/miplib/sp98ar.mps,miplib,MILP,train,0,cold,absent,1,300.0,,,,,,,,,,,,,,,,model_not_in_checkout
bench01-2026-10-01,2026-09-28,/tmp/opencode/markov-base01-build/markov-cero-solve,714ff78c14e1ad33b18eab26a2f6cd1235dfce5561a552c1d430fd548f3d8125,data/miplib/stein15.mps,miplib,MILP,train,0,cold,ok,1,300.0,15930.493,15921.117723,Optimal,true,tree_replayed,9,9,0,169,34320,8452,9.0,0.0,pass,0.000000e+00,stderr=markov-cero 0.5.2 Optimal [MILP -> milp] VERIFIED proof: tier=independent_tree status=accepted budget_exhausted=false nodes=241 witness_values=23709 build_ms=2628.357231 replay_ms=17.208976
bench01-2026-10-01,2026-09-28,/tmp/opencode/markov-base01-build/markov-cero-solve,714ff78c14e1ad33b18eab26a2f6cd1235dfce5561a552c1d430fd548f3d8125,data/miplib/stein9.mps,miplib,MILP,train,0,cold,ok,1,300.0,250.985,248.602466,Optimal,true,tree_replayed,5,5,0,13,976,6688,5.0,0.0,pass,0.000000e+00,stderr=markov-cero 0.5.2 Optimal [MILP -> milp] VERIFIED proof: tier=independent_tree status=accepted budget_exhausted=false nodes=33 witness_values=1413 build_ms=73.210616000000002 replay_ms=1.054422
bench01-2026-10-01,2026-09-28,/tmp/opencode/markov-base01-build/markov-cero-solve,714ff78c14e1ad33b18eab26a2f6cd1235dfce5561a552c1d430fd548f3d8125,data/miplib/supportcase26.mps,miplib,MILP,train,0,cold,absent,1,300.0,,,,,,,,,,,,,,,,model_not_in_checkout
bench01-2026-10-01,2026-09-28,/tmp/opencode/markov-base01-build/markov-cero-solve,714ff78c14e1ad33b18eab26a2f6cd1235dfce5561a552c1d430fd548f3d8125,data/miplib/mas74.mps,miplib,MILP,train,0,cold,ok,1,300.0,300004.258,300001.763795,ResourceLimit,false,unverified,0,10708.878192835433,0.9999999892911218,402,336934,8072,11801.18572,11801.18572,not_checked,no primal vector in result,exit_code=5; stderr=markov-cero 0.5.2 ResourceLimit [MILP -> milp] NOT VERIFIED proof: tier=unverified status=not_requested budget_exhausted=false nodes=0 witness_values=0 build_ms=0 replay_ms=0
bench01-2026-10-01,2026-09-28,/tmp/opencode/markov-base01-build/markov-cero-solve,714ff78c14e1ad33b18eab26a2f6cd1235dfce5561a552c1d430fd548f3d8125,data/miplib/tr12-30.mps,miplib,MILP,train,0,cold,absent,1,300.0,,,,,,,,,,,,,,,,model_not_in_checkout
bench01-2026-10-01,2026-09-28,/tmp/opencode/markov-base01-build/markov-cero-solve,714ff78c14e1ad33b18eab26a2f6cd1235dfce5561a552c1d430fd548f3d8125,data/miplib/traininstance6.mps,miplib,MILP,train,0,cold,absent,1,300.0,,,,,,,,,,,,,,,,model_not_in_checkout
bench01-2026-10-01,2026-09-28,/tmp/opencode/markov-base01-build/markov-cero-solve,714ff78c14e1ad33b18eab26a2f6cd1235dfce5561a552c1d430fd548f3d8125,data/miplib/trento1.mps,miplib,MILP,train,0,cold,absent,1,300.0,,,,,,,,,,,,,,,,model_not_in_checkout
bench01-2026-10-01,2026-09-28,/tmp/opencode/markov-base01-build/markov-cero-solve,714ff78c14e1ad33b18eab26a2f6cd1235dfce5561a552c1d430fd548f3d8125,data/miplib/wachplan.mps,miplib,MILP,train,0,cold,absent,1,300.0,,,,,,,,,,,,,,,,model_not_in_checkout
bench01-2026-10-01,2026-09-28,/tmp/opencode/markov-base01-build/markov-cero-solve,714ff78c14e1ad33b18eab26a2f6cd1235dfce5561a552c1d430fd548f3d8125,data/mittelmann/30n20b8.mps,mittelmann,MILP,train,0,cold,absent,1,300.0,,,,,,,,,,,,,,,,model_not_in_checkout
bench01-2026-10-01,2026-09-28,/tmp/opencode/markov-base01-build/markov-cero-solve,714ff78c14e1ad33b18eab26a2f6cd1235dfce5561a552c1d430fd548f3d8125,data/mittelmann/bienst2.mps,mittelmann,MILP,train,0,cold,absent,1,300.0,,,,,,,,,,,,,,,,model_not_in_checkout
bench01-2026-10-01,2026-09-28,/tmp/opencode/markov-base01-build/markov-cero-solve,714ff78c14e1ad33b18eab26a2f6cd1235dfce5561a552c1d430fd548f3d8125,data/mittelmann/fome12.mps,mittelmann,MILP,train,0,cold,absent,1,300.0,,,,,,,,,,,,,,,,model_not_in_checkout
bench01-2026-10-01,2026-09-28,/tmp/opencode/markov-base01-build/markov-cero-solve,714ff78c14e1ad33b18eab26a2f6cd1235dfce5561a552c1d430fd548f3d8125,data/mittelmann/fome13.mps,mittelmann,MILP,train,0,cold,absent,1,300.0,,,,,,,,,,,,,,,,model_not_in_checkout
bench01-2026-10-01,2026-09-28,/tmp/opencode/markov-base01-build/markov-cero-solve,714ff78c14e1ad33b18eab26a2f6cd1235dfce5561a552c1d430fd548f3d8125,data/miplib/neos-2657525-crna.mps,miplib,MILP,train,0,cold,ok,1,300.0,303772.455,303769.169273,ResourceLimit,false,unverified,0,0,,30,37880,16116,1.810748,1.810748,not_checked,no primal vector in result,exit_code=5; stderr=markov-cero 0.5.2 ResourceLimit [MILP -> milp] NOT VERIFIED proof: tier=unverified status=not_requested budget_exhausted=false nodes=0 witness_values=0 build_ms=0 replay_ms=0
bench01-2026-10-01,2026-09-28,/tmp/opencode/markov-base01-build/markov-cero-solve,714ff78c14e1ad33b18eab26a2f6cd1235dfce5561a552c1d430fd548f3d8125,data/mittelmann/mkc1.mps,mittelmann,MILP,train,0,cold,absent,1,300.0,,,,,,,,,,,,,,,,model_not_in_checkout
bench01-2026-10-01,2026-09-28,/tmp/opencode/markov-base01-build/markov-cero-solve,714ff78c14e1ad33b18eab26a2f6cd1235dfce5561a552c1d430fd548f3d8125,data/mittelmann/pds-20.mps,mittelmann,MILP,train,0,cold,absent,1,300.0,,,,,,,,,,,,,,,,model_not_in_checkout
bench01-2026-10-01,2026-09-28,/tmp/opencode/markov-base01-build/markov-cero-solve,714ff78c14e1ad33b18eab26a2f6cd1235dfce5561a552c1d430fd548f3d8125,data/mittelmann/qap15.mps,mittelmann,MILP,train,0,cold,absent,1,300.0,,,,,,,,,,,,,,,,model_not_in_checkout
bench01-2026-10-01,2026-09-28,/tmp/opencode/markov-base01-build/markov-cero-solve,714ff78c14e1ad33b18eab26a2f6cd1235dfce5561a552c1d430fd548f3d8125,data/mittelmann/rail507.mps,mittelmann,MILP,train,0,cold,absent,1,300.0,,,,,,,,,,,,,,,,model_not_in_checkout
bench01-2026-10-01,2026-09-28,/tmp/opencode/markov-base01-build/markov-cero-solve,714ff78c14e1ad33b18eab26a2f6cd1235dfce5561a552c1d430fd548f3d8125,data/miplib/neos-3046615-murg.mps,miplib,MILP,train,0,cold,ok,1,300.0,300024.194,300020.46986,ResourceLimit,false,unverified,0,194,,15,14234,12928,1600.0,1600.0,not_checked,no primal vector in result,exit_code=5; stderr=markov-cero 0.5.2 ResourceLimit [MILP -> milp] NOT VERIFIED proof: tier=unverified status=not_requested budget_exhausted=false nodes=0 witness_values=0 build_ms=0 replay_ms=0
bench01-2026-10-01,2026-09-28,/tmp/opencode/markov-base01-build/markov-cero-solve,714ff78c14e1ad33b18eab26a2f6cd1235dfce5561a552c1d430fd548f3d8125,data/netlib/25fv47.mps,netlib,LP,train,0,cold,absent,1,60.0,,,,,,,,,,,,,,,,model_not_in_checkout
bench01-2026-10-01,2026-09-28,/tmp/opencode/markov-base01-build/markov-cero-solve,714ff78c14e1ad33b18eab26a2f6cd1235dfce5561a552c1d430fd548f3d8125,data/netlib/adlittle.mps,netlib,LP,train,0,cold,ok,1,60.0,228.745,226.316405,Optimal,true,optimality_witness_checked,225494.9631623804,225494.9631623804,0,1,625,6260,225494.96316238,3.7834979593753815e-10,pass,9.094947e-13,stderr=markov-cero 0.5.2 Optimal [LP -> primal] VERIFIED
bench01-2026-10-01,2026-09-28,/tmp/opencode/markov-base01-build/markov-cero-solve,714ff78c14e1ad33b18eab26a2f6cd1235dfce5561a552c1d430fd548f3d8125,data/netlib/afiro.mps,netlib,LP,train,0,cold,ok,1,60.0,12.121,9.844597,Optimal,true,optimality_witness_checked,-464.75314285714285,-464.75314285714285,0,1,55,5464,-464.753142857143,1.7053025658242404e-13,pass,4.263256e-14,stderr=markov-cero 0.5.2 Optimal [LP -> primal] VERIFIED
bench01-2026-10-01,2026-09-28,/tmp/opencode/markov-base01-build/markov-cero-solve,714ff78c14e1ad33b18eab26a2f6cd1235dfce5561a552c1d430fd548f3d8125,data/netlib/agg.mps,netlib,LP,train,0,cold,absent,1,60.0,,,,,,,,,,,,,,,,model_not_in_checkout
bench01-2026-10-01,2026-09-28,/tmp/opencode/markov-base01-build/markov-cero-solve,714ff78c14e1ad33b18eab26a2f6cd1235dfce5561a552c1d430fd548f3d8125,data/netlib/agg2.mps,netlib,LP,train,0,cold,absent,1,60.0,,,,,,,,,,,,,,,,model_not_in_checkout
bench01-2026-10-01,2026-09-28,/tmp/opencode/markov-base01-build/markov-cero-solve,714ff78c14e1ad33b18eab26a2f6cd1235dfce5561a552c1d430fd548f3d8125,data/netlib/agg3.mps,netlib,LP,train,0,cold,absent,1,60.0,,,,,,,,,,,,,,,,model_not_in_checkout
bench01-2026-10-01,2026-09-28,/tmp/opencode/markov-base01-build/markov-cero-solve,714ff78c14e1ad33b18eab26a2f6cd1235dfce5561a552c1d430fd548f3d8125,data/netlib/blend.mps,netlib,LP,train,0,cold,ok,1,60.0,358.127,354.859158,Optimal,true,optimality_witness_checked,-30.812149845828245,-30.812149845828245,0,1,547,5896,,,pass,2.842171e-14,stderr=markov-cero 0.5.2 Optimal [LP -> primal] VERIFIED
bench01-2026-10-01,2026-09-28,/tmp/opencode/markov-base01-build/markov-cero-solve,714ff78c14e1ad33b18eab26a2f6cd1235dfce5561a552c1d430fd548f3d8125,data/netlib/bnl1.mps,netlib,LP,train,0,cold,absent,1,60.0,,,,,,,,,,,,,,,,model_not_in_checkout
bench01-2026-10-01,2026-09-28,/tmp/opencode/markov-base01-build/markov-cero-solve,714ff78c14e1ad33b18eab26a2f6cd1235dfce5561a552c1d430fd548f3d8125,data/netlib/boeing1.mps,netlib,LP,train,0,cold,absent,1,60.0,,,,,,,,,,,,,,,,model_not_in_checkout
bench01-2026-10-01,2026-09-28,/tmp/opencode/markov-base01-build/markov-cero-solve,714ff78c14e1ad33b18eab26a2f6cd1235dfce5561a552c1d430fd548f3d8125,data/netlib/cycle.mps,netlib,LP,train,0,cold,absent,1,60.0,,,,,,,,,,,,,,,,model_not_in_checkout
bench01-2026-10-01,2026-09-28,/tmp/opencode/markov-base01-build/markov-cero-solve,714ff78c14e1ad33b18eab26a2f6cd1235dfce5561a552c1d430fd548f3d8125,data/netlib/czprob.mps,netlib,LP,train,0,cold,absent,1,60.0,,,,,,,,,,,,,,,,model_not_in_checkout
bench01-2026-10-01,2026-09-28,/tmp/opencode/markov-base01-build/markov-cero-solve,714ff78c14e1ad33b18eab26a2f6cd1235dfce5561a552c1d430fd548f3d8125,data/netlib/d2q06c.mps,netlib,LP,train,0,cold,absent,1,60.0,,,,,,,,,,,,,,,,model_not_in_checkout
bench01-2026-10-01,2026-09-28,/tmp/opencode/markov-base01-build/markov-cero-solve,714ff78c14e1ad33b18eab26a2f6cd1235dfce5561a552c1d430fd548f3d8125,data/netlib/d6cube.mps,netlib,LP,train,0,cold,absent,1,60.0,,,,,,,,,,,,,,,,model_not_in_checkout
bench01-2026-10-01,2026-09-28,/tmp/opencode/markov-base01-build/markov-cero-solve,714ff78c14e1ad33b18eab26a2f6cd1235dfce5561a552c1d430fd548f3d8125,data/netlib/degen2.mps,netlib,LP,train,0,cold,absent,1,60.0,,,,,,,,,,,,,,,,model_not_in_checkout
bench01-2026-10-01,2026-09-28,/tmp/opencode/markov-base01-build/markov-cero-solve,714ff78c14e1ad33b18eab26a2f6cd1235dfce5561a552c1d430fd548f3d8125,data/netlib/degen3.mps,netlib,LP,train,0,cold,absent,1,60.0,,,,,,,,,,,,,,,,model_not_in_checkout
bench01-2026-10-01,2026-09-28,/tmp/opencode/markov-base01-build/markov-cero-solve,714ff78c14e1ad33b18eab26a2f6cd1235dfce5561a552c1d430fd548f3d8125,data/netlib/dfl001.mps,netlib,LP,train,0,cold,absent,1,60.0,,,,,,,,,,,,,,,,model_not_in_checkout
bench01-2026-10-01,2026-09-28,/tmp/opencode/markov-base01-build/markov-cero-solve,714ff78c14e1ad33b18eab26a2f6cd1235dfce5561a552c1d430fd548f3d8125,data/netlib/fffff800.mps,netlib,LP,train,0,cold,absent,1,60.0,,,,,,,,,,,,,,,,model_not_in_checkout
bench01-2026-10-01,2026-09-28,/tmp/opencode/markov-base01-build/markov-cero-solve,714ff78c14e1ad33b18eab26a2f6cd1235dfce5561a552c1d430fd548f3d8125,data/netlib/finnis.mps,netlib,LP,train,0,cold,absent,1,60.0,,,,,,,,,,,,,,,,model_not_in_checkout
bench01-2026-10-01,2026-09-28,/tmp/opencode/markov-base01-build/markov-cero-solve,714ff78c14e1ad33b18eab26a2f6cd1235dfce5561a552c1d430fd548f3d8125,data/netlib/fit1d.mps,netlib,LP,train,0,cold,absent,1,60.0,,,,,,,,,,,,,,,,model_not_in_checkout
bench01-2026-10-01,2026-09-28,/tmp/opencode/markov-base01-build/markov-cero-solve,714ff78c14e1ad33b18eab26a2f6cd1235dfce5561a552c1d430fd548f3d8125,data/netlib/fit1p.mps,netlib,LP,train,0,cold,absent,1,60.0,,,,,,,,,,,,,,,,model_not_in_checkout
bench01-2026-10-01,2026-09-28,/tmp/opencode/markov-base01-build/markov-cero-solve,714ff78c14e1ad33b18eab26a2f6cd1235dfce5561a552c1d430fd548f3d8125,data/netlib/fit2d.mps,netlib,LP,train,0,cold,absent,1,60.0,,,,,,,,,,,,,,,,model_not_in_checkout
bench01-2026-10-01,2026-09-28,/tmp/opencode/markov-base01-build/markov-cero-solve,714ff78c14e1ad33b18eab26a2f6cd1235dfce5561a552c1d430fd548f3d8125,data/netlib/greenbea.mps,netlib,LP,train,0,cold,absent,1,60.0,,,,,,,,,,,,,,,,model_not_in_checkout
bench01-2026-10-01,2026-09-28,/tmp/opencode/markov-base01-build/markov-cero-solve,714ff78c14e1ad33b18eab26a2f6cd1235dfce5561a552c1d430fd548f3d8125,data/netlib/grow15.mps,netlib,LP,train,0,cold,absent,1,60.0,,,,,,,,,,,,,,,,model_not_in_checkout
bench01-2026-10-01,2026-09-28,/tmp/opencode/markov-base01-build/markov-cero-solve,714ff78c14e1ad33b18eab26a2f6cd1235dfce5561a552c1d430fd548f3d8125,data/netlib/grow22.mps,netlib,LP,train,0,cold,absent,1,60.0,,,,,,,,,,,,,,,,model_not_in_checkout
bench01-2026-10-01,2026-09-28,/tmp/opencode/markov-base01-build/markov-cero-solve,714ff78c14e1ad33b18eab26a2f6cd1235dfce5561a552c1d430fd548f3d8125,data/netlib/grow7.mps,netlib,LP,train,0,cold,ok,1,60.0,12.92,10.411944,InvalidModel,false,unverified,0,,,0,0,5748,,,not_checked,no primal vector in result,exit_code=3; stderr=markov-cero 0.5.2 InvalidModel [LP -> auto] NOT VERIFIED
bench01-2026-10-01,2026-09-28,/tmp/opencode/markov-base01-build/markov-cero-solve,714ff78c14e1ad33b18eab26a2f6cd1235dfce5561a552c1d430fd548f3d8125,data/netlib/lotfi.mps,netlib,LP,train,0,cold,ok,1,60.0,1203.739,1200.957167,Optimal,true,optimality_witness_checked,-25.26470606188001,-25.26470606188001,0,1,1166,6744,,,pass,9.313226e-10,stderr=markov-cero 0.5.2 Optimal [LP -> primal] VERIFIED
bench01-2026-10-01,2026-09-28,/tmp/opencode/markov-base01-build/markov-cero-solve,714ff78c14e1ad33b18eab26a2f6cd1235dfce5561a552c1d430fd548f3d8125,data/netlib/maros-r7.mps,netlib,LP,train,0,cold,absent,1,60.0,,,,,,,,,,,,,,,,model_not_in_checkout
bench01-2026-10-01,2026-09-28,/tmp/opencode/markov-base01-build/markov-cero-solve,714ff78c14e1ad33b18eab26a2f6cd1235dfce5561a552c1d430fd548f3d8125,data/netlib/modszk1.mps,netlib,LP,train,0,cold,absent,1,60.0,,,,,,,,,,,,,,,,model_not_in_checkout
bench01-2026-10-01,2026-09-28,/tmp/opencode/markov-base01-build/markov-cero-solve,714ff78c14e1ad33b18eab26a2f6cd1235dfce5561a552c1d430fd548f3d8125,data/netlib/nesm.mps,netlib,LP,train,0,cold,absent,1,60.0,,,,,,,,,,,,,,,,model_not_in_checkout
bench01-2026-10-01,2026-09-28,/tmp/opencode/markov-base01-build/markov-cero-solve,714ff78c14e1ad33b18eab26a2f6cd1235dfce5561a552c1d430fd548f3d8125,data/netlib/perold.mps,netlib,LP,train,0,cold,absent,1,60.0,,,,,,,,,,,,,,,,model_not_in_checkout
bench01-2026-10-01,2026-09-28,/tmp/opencode/markov-base01-build/markov-cero-solve,714ff78c14e1ad33b18eab26a2f6cd1235dfce5561a552c1d430fd548f3d8125,data/netlib/pilot.ja.mps,netlib,LP,train,0,cold,absent,1,60.0,,,,,,,,,,,,,,,,model_not_in_checkout
bench01-2026-10-01,2026-09-28,/tmp/opencode/markov-base01-build/markov-cero-solve,714ff78c14e1ad33b18eab26a2f6cd1235dfce5561a552c1d430fd548f3d8125,data/netlib/pilot.mps,netlib,LP,train,0,cold,absent,1,60.0,,,,,,,,,,,,,,,,model_not_in_checkout
bench01-2026-10-01,2026-09-28,/tmp/opencode/markov-base01-build/markov-cero-solve,714ff78c14e1ad33b18eab26a2f6cd1235dfce5561a552c1d430fd548f3d8125,data/netlib/pilot4.mps,netlib,LP,train,0,cold,absent,1,60.0,,,,,,,,,,,,,,,,model_not_in_checkout
bench01-2026-10-01,2026-09-28,/tmp/opencode/markov-base01-build/markov-cero-solve,714ff78c14e1ad33b18eab26a2f6cd1235dfce5561a552c1d430fd548f3d8125,data/netlib/pilot87.mps,netlib,LP,train,0,cold,absent,1,60.0,,,,,,,,,,,,,,,,model_not_in_checkout
bench01-2026-10-01,2026-09-28,/tmp/opencode/markov-base01-build/markov-cero-solve,714ff78c14e1ad33b18eab26a2f6cd1235dfce5561a552c1d430fd548f3d8125,data/netlib/pilotnov.mps,netlib,LP,train,0,cold,absent,1,60.0,,,,,,,,,,,,,,,,model_not_in_checkout
bench01-2026-10-01,2026-09-28,/tmp/opencode/markov-base01-build/markov-cero-solve,714ff78c14e1ad33b18eab26a2f6cd1235dfce5561a552c1d430fd548f3d8125,data/netlib/qap12.mps,netlib,LP,train,0,cold,absent,1,60.0,,,,,,,,,,,,,,,,model_not_in_checkout
bench01-2026-10-01,2026-09-28,/tmp/opencode/markov-base01-build/markov-cero-solve,714ff78c14e1ad33b18eab26a2f6cd1235dfce5561a552c1d430fd548f3d8125,data/netlib/qap15.mps,netlib,LP,train,0,cold,absent,1,60.0,,,,,,,,,,,,,,,,model_not_in_checkout
bench01-2026-10-01,2026-09-28,/tmp/opencode/markov-base01-build/markov-cero-solve,714ff78c14e1ad33b18eab26a2f6cd1235dfce5561a552c1d430fd548f3d8125,data/netlib/qap8.mps,netlib,LP,train,0,cold,absent,1,60.0,,,,,,,,,,,,,,,,model_not_in_checkout
bench01-2026-10-01,2026-09-28,/tmp/opencode/markov-base01-build/markov-cero-solve,714ff78c14e1ad33b18eab26a2f6cd1235dfce5561a552c1d430fd548f3d8125,data/netlib/recipe.mps,netlib,LP,train,0,cold,ok,1,60.0,107.116,104.044414,Optimal,true,optimality_witness_checked,-266.616,-266.616,0,1,211,6076,-266.616,0.0,pass,0.000000e+00,stderr=markov-cero 0.5.2 Optimal [LP -> primal] VERIFIED
bench01-2026-10-01,2026-09-28,/tmp/opencode/markov-base01-build/markov-cero-solve,714ff78c14e1ad33b18eab26a2f6cd1235dfce5561a552c1d430fd548f3d8125,data/netlib/sc105.mps,netlib,LP,train,0,cold,ok,1,60.0,155.941,153.237245,Optimal,true,optimality_witness_checked,-52.20206121170726,-52.20206121170726,0,1,256,6140,-52.202061211707,2.6290081223123707e-13,pass,5.684342e-14,stderr=markov-cero 0.5.2 Optimal [LP -> primal] VERIFIED
bench01-2026-10-01,2026-09-28,/tmp/opencode/markov-base01-build/markov-cero-solve,714ff78c14e1ad33b18eab26a2f6cd1235dfce5561a552c1d430fd548f3d8125,data/netlib/sc205.mps,netlib,LP,train,0,cold,ok,1,60.0,10028.078,10024.339873,Optimal,true,optimality_witness_checked,-52.20206121170727,-52.20206121170727,0,1,4417,6384,-52.202061211707,2.7000623958883807e-13,pass,1.136868e-13,stderr=markov-cero 0.5.2 Optimal [LP -> primal] VERIFIED
bench01-2026-10-01,2026-09-28,/tmp/opencode/markov-base01-build/markov-cero-solve,714ff78c14e1ad33b18eab26a2f6cd1235dfce5561a552c1d430fd548f3d8125,data/netlib/sc50b.mps,netlib,LP,train,0,cold,ok,1,60.0,15.081,12.546035,Optimal,true,optimality_witness_checked,-70.00000000000001,-70.00000000000001,0,1,48,5452,-70.0,1.4210854715202004e-14,pass,5.684342e-14,stderr=markov-cero 0.5.2 Optimal [LP -> primal] VERIFIED
bench01-2026-10-01,2026-09-28,/tmp/opencode/markov-base01-build/markov-cero-solve,714ff78c14e1ad33b18eab26a2f6cd1235dfce5561a552c1d430fd548f3d8125,data/netlib/scagr7.mps,netlib,LP,train,0,cold,ok,1,60.0,269.139,265.899289,Optimal,true,optimality_witness_checked,-2331389.8243309837,-2331389.8243309837,0,1,411,6092,-2331389.82433098,3.725290298461914e-09,pass,2.728484e-12,stderr=markov-cero 0.5.2 Optimal [LP -> primal] VERIFIED
bench01-2026-10-01,2026-09-28,/tmp/opencode/markov-base01-build/markov-cero-solve,714ff78c14e1ad33b18eab26a2f6cd1235dfce5561a552c1d430fd548f3d8125,data/netlib/scfxm1.mps,netlib,LP,train,0,cold,ok,1,60.0,6342.719,6339.315927,Optimal,true,optimality_witness_checked,18416.75902834893,18416.75902834893,0,1,127,9148,,,pass,1.091394e-11,stderr=markov-cero 0.5.2 Optimal [LP -> primal] VERIFIED
bench01-2026-10-01,2026-09-28,/tmp/opencode/markov-base01-build/markov-cero-solve,714ff78c14e1ad33b18eab26a2f6cd1235dfce5561a552c1d430fd548f3d8125,data/netlib/scfxm2.mps,netlib,LP,train,0,cold,absent,1,60.0,,,,,,,,,,,,,,,,model_not_in_checkout
bench01-2026-10-01,2026-09-28,/tmp/opencode/markov-base01-build/markov-cero-solve,714ff78c14e1ad33b18eab26a2f6cd1235dfce5561a552c1d430fd548f3d8125,data/netlib/scfxm3.mps,netlib,LP,train,0,cold,absent,1,60.0,,,,,,,,,,,,,,,,model_not_in_checkout
bench01-2026-10-01,2026-09-28,/tmp/opencode/markov-base01-build/markov-cero-solve,714ff78c14e1ad33b18eab26a2f6cd1235dfce5561a552c1d430fd548f3d8125,data/netlib/scorpion.mps,netlib,LP,train,0,cold,ok,1,60.0,1646.121,1641.022929,Optimal,true,optimality_witness_checked,1878.1248227381068,1878.1248227381068,0,1,487,7304,1878.1248227381,6.821210263296962e-12,pass,9.992007e-16,stderr=markov-cero 0.5.2 Optimal [LP -> primal] VERIFIED
bench01-2026-10-01,2026-09-28,/tmp/opencode/markov-base01-build/markov-cero-solve,714ff78c14e1ad33b18eab26a2f6cd1235dfce5561a552c1d430fd548f3d8125,data/netlib/scrs8.mps,netlib,LP,train,0,cold,absent,1,60.0,,,,,,,,,,,,,,,,model_not_in_checkout
bench01-2026-10-01,2026-09-28,/tmp/opencode/markov-base01-build/markov-cero-solve,714ff78c14e1ad33b18eab26a2f6cd1235dfce5561a552c1d430fd548f3d8125,data/netlib/scsd6.mps,netlib,LP,train,0,cold,ok,1,60.0,1378.696,1374.497949,NumericalFailure,false,unverified,50.50013320878034,,,0,0,8680,,,pass,1.186821e-10,exit_code=7; stderr=markov-cero 0.5.2 NumericalFailure [LP -> primal] NOT VERIFIED numerical_diagnostic: primal_residual=1.18682064176312e-10 dual_residual=0 complementarity_gap=0.00014605328332558884 condition_estimate=
bench01-2026-10-01,2026-09-28,/tmp/opencode/markov-base01-build/markov-cero-solve,714ff78c14e1ad33b18eab26a2f6cd1235dfce5561a552c1d430fd548f3d8125,data/netlib/scsd8.mps,netlib,LP,train,0,cold,absent,1,60.0,,,,,,,,,,,,,,,,model_not_in_checkout
bench01-2026-10-01,2026-09-28,/tmp/opencode/markov-base01-build/markov-cero-solve,714ff78c14e1ad33b18eab26a2f6cd1235dfce5561a552c1d430fd548f3d8125,data/netlib/sctap3.mps,netlib,LP,train,0,cold,absent,1,60.0,,,,,,,,,,,,,,,,model_not_in_checkout
bench01-2026-10-01,2026-09-28,/tmp/opencode/markov-base01-build/markov-cero-solve,714ff78c14e1ad33b18eab26a2f6cd1235dfce5561a552c1d430fd548f3d8125,data/netlib/seba.mps,netlib,LP,train,0,cold,absent,1,60.0,,,,,,,,,,,,,,,,model_not_in_checkout
bench01-2026-10-01,2026-09-28,/tmp/opencode/markov-base01-build/markov-cero-solve,714ff78c14e1ad33b18eab26a2f6cd1235dfce5561a552c1d430fd548f3d8125,data/netlib/ship04l.mps,netlib,LP,train,0,cold,absent,1,60.0,,,,,,,,,,,,,,,,model_not_in_checkout
bench01-2026-10-01,2026-09-28,/tmp/opencode/markov-base01-build/markov-cero-solve,714ff78c14e1ad33b18eab26a2f6cd1235dfce5561a552c1d430fd548f3d8125,data/netlib/ship08l.mps,netlib,LP,train,0,cold,absent,1,60.0,,,,,,,,,,,,,,,,model_not_in_checkout
bench01-2026-10-01,2026-09-28,/tmp/opencode/markov-base01-build/markov-cero-solve,714ff78c14e1ad33b18eab26a2f6cd1235dfce5561a552c1d430fd548f3d8125,data/netlib/ship08s.mps,netlib,LP,train,0,cold,absent,1,60.0,,,,,,,,,,,,,,,,model_not_in_checkout
bench01-2026-10-01,2026-09-28,/tmp/opencode/markov-base01-build/markov-cero-solve,714ff78c14e1ad33b18eab26a2f6cd1235dfce5561a552c1d430fd548f3d8125,data/netlib/ship12l.mps,netlib,LP,train,0,cold,absent,1,60.0,,,,,,,,,,,,,,,,model_not_in_checkout
bench01-2026-10-01,2026-09-28,/tmp/opencode/markov-base01-build/markov-cero-solve,714ff78c14e1ad33b18eab26a2f6cd1235dfce5561a552c1d430fd548f3d8125,data/netlib/sierra.mps,netlib,LP,train,0,cold,absent,1,60.0,,,,,,,,,,,,,,,,model_not_in_checkout
bench01-2026-10-01,2026-09-28,/tmp/opencode/markov-base01-build/markov-cero-solve,714ff78c14e1ad33b18eab26a2f6cd1235dfce5561a552c1d430fd548f3d8125,data/netlib/standgub.mps,netlib,LP,train,0,cold,absent,1,60.0,,,,,,,,,,,,,,,,model_not_in_checkout
bench01-2026-10-01,2026-09-28,/tmp/opencode/markov-base01-build/markov-cero-solve,714ff78c14e1ad33b18eab26a2f6cd1235dfce5561a552c1d430fd548f3d8125,data/netlib/standmps.mps,netlib,LP,train,0,cold,absent,1,60.0,,,,,,,,,,,,,,,,model_not_in_checkout
bench01-2026-10-01,2026-09-28,/tmp/opencode/markov-base01-build/markov-cero-solve,714ff78c14e1ad33b18eab26a2f6cd1235dfce5561a552c1d430fd548f3d8125,data/netlib/wood1p.mps,netlib,LP,train,0,cold,absent,1,60.0,,,,,,,,,,,,,,,,model_not_in_checkout
bench01-2026-10-01,2026-09-28,/tmp/opencode/markov-base01-build/markov-cero-solve,714ff78c14e1ad33b18eab26a2f6cd1235dfce5561a552c1d430fd548f3d8125,data/netlib/woodw.mps,netlib,LP,train,0,cold,absent,1,60.0,,,,,,,,,,,,,,,,model_not_in_checkout
bench01-2026-10-01,2026-09-28,/tmp/opencode/markov-base01-build/markov-cero-solve,714ff78c14e1ad33b18eab26a2f6cd1235dfce5561a552c1d430fd548f3d8125,data/qp/QPLIB_0001.mps,qplib,QP,train,0,cold,ok,1,60.0,3.108,0.604762,Optimal,true,optimality_witness_checked,-3.499999999991098,,,1,17,5376,,,pass,0.000000e+00,stderr=markov-cero 0.5.2 Optimal [QP -> qp] VERIFIED
bench01-2026-10-01,2026-09-28,/tmp/opencode/markov-base01-build/markov-cero-solve,714ff78c14e1ad33b18eab26a2f6cd1235dfce5561a552c1d430fd548f3d8125,data/qp/QPLIB_0002.mps,qplib,QP,train,0,cold,ok,1,60.0,3.246,0.720399,Optimal,true,optimality_witness_checked,-2.10714709820743,,,1,23,6124,,,pass,0.000000e+00,stderr=markov-cero 0.5.2 Optimal [QP -> qp] VERIFIED
bench01-2026-10-01,2026-09-28,/tmp/opencode/markov-base01-build/markov-cero-solve,714ff78c14e1ad33b18eab26a2f6cd1235dfce5561a552c1d430fd548f3d8125,data/qp/QPLIB_0010.mps,qplib,QP,train,0,cold,ok,1,60.0,3.955,1.259993,Optimal,true,optimality_witness_checked,-0.10334179412050311,,,1,27,4800,,,fail,1.280096e-06,stderr=markov-cero 0.5.2 Optimal [QP -> qp] VERIFIED; harness_feasibility_failure_solver_reported_verified
bench01-2026-10-01,2026-09-28,/tmp/opencode/markov-base01-build/markov-cero-solve,714ff78c14e1ad33b18eab26a2f6cd1235dfce5561a552c1d430fd548f3d8125,data/qp/QPLIB_0025.mps,qplib,QP,train,0,cold,ok,1,60.0,3.558,1.155342,Optimal,true,optimality_witness_checked,2681.000000219597,,,1,49,5532,,,pass,3.124709e-07,stderr=markov-cero 0.5.2 Optimal [QP -> qp] VERIFIED
bench01-2026-10-01,2026-09-28,/tmp/opencode/markov-base01-build/markov-cero-solve,714ff78c14e1ad33b18eab26a2f6cd1235dfce5561a552c1d430fd548f3d8125,data/qp/QPLIB_8515.mps,qplib,QP,train,0,cold,absent,1,60.0,,,,,,,,,,,,,,,,model_not_in_checkout
bench01-2026-10-01,2026-09-28,/tmp/opencode/markov-base01-build/markov-cero-solve,714ff78c14e1ad33b18eab26a2f6cd1235dfce5561a552c1d430fd548f3d8125,data/qp/QPLIB_8559.mps,qplib,QP,train,0,cold,absent,1,60.0,,,,,,,,,,,,,,,,model_not_in_checkout
bench01-2026-10-01,2026-09-28,/tmp/opencode/markov-base01-build/markov-cero-solve,714ff78c14e1ad33b18eab26a2f6cd1235dfce5561a552c1d430fd548f3d8125,data/qp/QPLIB_8567.mps,qplib,QP,train,0,cold,absent,1,60.0,,,,,,,,,,,,,,,,model_not_in_checkout
bench01-2026-10-01,2026-09-28,/tmp/opencode/markov-base01-build/markov-cero-solve,714ff78c14e1ad33b18eab26a2f6cd1235dfce5561a552c1d430fd548f3d8125,data/qp/QPLIB_8602.mps,qplib,QP,train,0,cold,absent,1,60.0,,,,,,,,,,,,,,,,model_not_in_checkout
bench01-2026-10-01,2026-09-28,/tmp/opencode/markov-base01-build/markov-cero-solve,714ff78c14e1ad33b18eab26a2f6cd1235dfce5561a552c1d430fd548f3d8125,data/qp/QPLIB_8616.mps,qplib,QP,train,0,cold,absent,1,60.0,,,,,,,,,,,,,,,,model_not_in_checkout
bench01-2026-10-01,2026-09-28,/tmp/opencode/markov-base01-build/markov-cero-solve,714ff78c14e1ad33b18eab26a2f6cd1235dfce5561a552c1d430fd548f3d8125,data/qp/QPLIB_8785.mps,qplib,QP,train,0,cold,absent,1,60.0,,,,,,,,,,,,,,,,model_not_in_checkout
bench01-2026-10-01,2026-09-28,/tmp/opencode/markov-base01-build/markov-cero-solve,714ff78c14e1ad33b18eab26a2f6cd1235dfce5561a552c1d430fd548f3d8125,data/qp/QPLIB_8790.mps,qplib,QP,train,0,cold,absent,1,60.0,,,,,,,,,,,,,,,,model_not_in_checkout
bench01-2026-10-01,2026-09-28,/tmp/opencode/markov-base01-build/markov-cero-solve,714ff78c14e1ad33b18eab26a2f6cd1235dfce5561a552c1d430fd548f3d8125,data/qp/QPLIB_8792.mps,qplib,QP,train,0,cold,absent,1,60.0,,,,,,,,,,,,,,,,model_not_in_checkout
bench01-2026-10-01,2026-09-28,/tmp/opencode/markov-base01-build/markov-cero-solve,714ff78c14e1ad33b18eab26a2f6cd1235dfce5561a552c1d430fd548f3d8125,data/qp/QPLIB_8845.mps,qplib,QP,train,0,cold,absent,1,60.0,,,,,,,,,,,,,,,,model_not_in_checkout
bench01-2026-10-01,2026-09-28,/tmp/opencode/markov-base01-build/markov-cero-solve,714ff78c14e1ad33b18eab26a2f6cd1235dfce5561a552c1d430fd548f3d8125,data/qp/QPLIB_8938.mps,qplib,QP,train,0,cold,absent,1,60.0,,,,,,,,,,,,,,,,model_not_in_checkout
bench01-2026-10-01,2026-09-28,/tmp/opencode/markov-base01-build/markov-cero-solve,714ff78c14e1ad33b18eab26a2f6cd1235dfce5561a552c1d430fd548f3d8125,data/qp/QPLIB_8991.mps,qplib,QP,train,0,cold,absent,1,60.0,,,,,,,,,,,,,,,,model_not_in_checkout
bench01-2026-10-01,2026-09-28,/tmp/opencode/markov-base01-build/markov-cero-solve,714ff78c14e1ad33b18eab26a2f6cd1235dfce5561a552c1d430fd548f3d8125,data/miplib/timtab1.mps,miplib,MILP,train,0,cold,ok,1,300.0,300008.763,300006.206507,ResourceLimit,false,unverified,0,76793,,117,95299,11196,764771.99999978,764771.99999978,not_checked,no primal vector in result,exit_code=5; stderr=markov-cero 0.5.2 ResourceLimit [MILP -> milp] NOT VERIFIED proof: tier=unverified status=not_requested budget_exhausted=false nodes=0 witness_values=0 build_ms=0 replay_ms=0
bench01-2026-10-01,2026-09-28,/tmp/opencode/markov-base01-build/markov-cero-solve,714ff78c14e1ad33b18eab26a2f6cd1235dfce5561a552c1d430fd548f3d8125,data/mittelmann/markshare_5_0.mps,mittelmann,MILP,train,0,cold,ok,1,300.0,300022.352,300018.479726,ResourceLimit,false,unverified,0,0,1,2530,487165,39020,,,not_checked,no primal vector in result,exit_code=5; stderr=markov-cero 0.5.2 ResourceLimit [MILP -> milp] NOT VERIFIED proof: tier=unverified status=not_requested budget_exhausted=false nodes=0 witness_values=0 build_ms=0 replay_ms=0
bench01-2026-10-01,2026-09-28,/tmp/opencode/markov-base01-build/markov-cero-solve,714ff78c14e1ad33b18eab26a2f6cd1235dfce5561a552c1d430fd548f3d8125,data/mittelmann/ran14x18_1.mps,mittelmann,MILP,train,0,cold,ok,1,300.0,300009.754,300006.488956,ResourceLimit,false,unverified,0,3076.277701283065,0.28107555473637175,125,127015,12124,,,not_checked,no primal vector in result,exit_code=5; stderr=markov-cero 0.5.2 ResourceLimit [MILP -> milp] NOT VERIFIED proof: tier=unverified status=not_requested budget_exhausted=false nodes=0 witness_values=0 build_ms=0 replay_ms=0
bench01-2026-10-01,2026-09-28,/tmp/opencode/markov-base01-build/markov-cero-solve,714ff78c14e1ad33b18eab26a2f6cd1235dfce5561a552c1d430fd548f3d8125,data/miplib/b1c1s1.mps,miplib,MILP,holdout,1,warm,absent,1,300.0,,,,,,,,,,,,,,,,model_not_in_checkout
bench01-2026-10-01,2026-09-28,/tmp/opencode/markov-base01-build/markov-cero-solve,714ff78c14e1ad33b18eab26a2f6cd1235dfce5561a552c1d430fd548f3d8125,data/miplib/fastxgemm-n2r6s0t2.mps,miplib,MILP,holdout,1,warm,absent,1,300.0,,,,,,,,,,,,,,,,model_not_in_checkout
bench01-2026-10-01,2026-09-28,/tmp/opencode/markov-base01-build/markov-cero-solve,714ff78c14e1ad33b18eab26a2f6cd1235dfce5561a552c1d430fd548f3d8125,data/miplib/gmu-35-50.mps,miplib,MILP,holdout,1,warm,absent,1,300.0,,,,,,,,,,,,,,,,model_not_in_checkout
bench01-2026-10-01,2026-09-28,/tmp/opencode/markov-base01-build/markov-cero-solve,714ff78c14e1ad33b18eab26a2f6cd1235dfce5561a552c1d430fd548f3d8125,data/miplib/graphdraw-domain.mps,miplib,MILP,holdout,1,warm,absent,1,300.0,,,,,,,,,,,,,,,,model_not_in_checkout
bench01-2026-10-01,2026-09-28,/tmp/opencode/markov-base01-build/markov-cero-solve,714ff78c14e1ad33b18eab26a2f6cd1235dfce5561a552c1d430fd548f3d8125,data/miplib/lotsize.mps,miplib,MILP,holdout,1,warm,absent,1,300.0,,,,,,,,,,,,,,,,model_not_in_checkout
bench01-2026-10-01,2026-09-28,/tmp/opencode/markov-base01-build/markov-cero-solve,714ff78c14e1ad33b18eab26a2f6cd1235dfce5561a552c1d430fd548f3d8125,data/miplib/neos-1171448.mps,miplib,MILP,holdout,1,warm,absent,1,300.0,,,,,,,,,,,,,,,,model_not_in_checkout
bench01-2026-10-01,2026-09-28,/tmp/opencode/markov-base01-build/markov-cero-solve,714ff78c14e1ad33b18eab26a2f6cd1235dfce5561a552c1d430fd548f3d8125,data/cases/pochet_lot_sizing.mps,cases,MILP,holdout,1,warm,hash_mismatch,1,300.0,,,,,,,,,,,,,,,,model_sha256_disagrees
bench01-2026-10-01,2026-09-28,/tmp/opencode/markov-base01-build/markov-cero-solve,714ff78c14e1ad33b18eab26a2f6cd1235dfce5561a552c1d430fd548f3d8125,data/miplib/neos-4954672-berkel.mps,miplib,MILP,holdout,1,warm,absent,1,300.0,,,,,,,,,,,,,,,,model_not_in_checkout
bench01-2026-10-01,2026-09-28,/tmp/opencode/markov-base01-build/markov-cero-solve,714ff78c14e1ad33b18eab26a2f6cd1235dfce5561a552c1d430fd548f3d8125,data/cases/capitanescu_dc_opf.mps,cases,MILP,holdout,1,warm,hash_mismatch,1,300.0,,,,,,,,,,,,,,,,model_sha256_disagrees
bench01-2026-10-01,2026-09-28,/tmp/opencode/markov-base01-build/markov-cero-solve,714ff78c14e1ad33b18eab26a2f6cd1235dfce5561a552c1d430fd548f3d8125,data/miplib/rococoC10-001000.mps,miplib,MILP,holdout,1,warm,absent,1,300.0,,,,,,,,,,,,,,,,model_not_in_checkout
bench01-2026-10-01,2026-09-28,/tmp/opencode/markov-base01-build/markov-cero-solve,714ff78c14e1ad33b18eab26a2f6cd1235dfce5561a552c1d430fd548f3d8125,data/miplib/supportcase18.mps,miplib,MILP,holdout,1,warm,absent,1,300.0,,,,,,,,,,,,,,,,model_not_in_checkout
bench01-2026-10-01,2026-09-28,/tmp/opencode/markov-base01-build/markov-cero-solve,714ff78c14e1ad33b18eab26a2f6cd1235dfce5561a552c1d430fd548f3d8125,data/miplib/swath1.mps,miplib,MILP,holdout,1,warm,absent,1,300.0,,,,,,,,,,,,,,,,model_not_in_checkout
bench01-2026-10-01,2026-09-28,/tmp/opencode/markov-base01-build/markov-cero-solve,714ff78c14e1ad33b18eab26a2f6cd1235dfce5561a552c1d430fd548f3d8125,data/miplib/traininstance2.mps,miplib,MILP,holdout,1,warm,absent,1,300.0,,,,,,,,,,,,,,,,model_not_in_checkout
bench01-2026-10-01,2026-09-28,/tmp/opencode/markov-base01-build/markov-cero-solve,714ff78c14e1ad33b18eab26a2f6cd1235dfce5561a552c1d430fd548f3d8125,data/mittelmann/air05.mps,mittelmann,MILP,holdout,1,warm,absent,1,300.0,,,,,,,,,,,,,,,,model_not_in_checkout
bench01-2026-10-01,2026-09-28,/tmp/opencode/markov-base01-build/markov-cero-solve,714ff78c14e1ad33b18eab26a2f6cd1235dfce5561a552c1d430fd548f3d8125,data/mittelmann/bienst1.mps,mittelmann,MILP,holdout,1,warm,absent,1,300.0,,,,,,,,,,,,,,,,model_not_in_checkout
bench01-2026-10-01,2026-09-28,/tmp/opencode/markov-base01-build/markov-cero-solve,714ff78c14e1ad33b18eab26a2f6cd1235dfce5561a552c1d430fd548f3d8125,data/mittelmann/rail516.mps,mittelmann,MILP,holdout,1,warm,absent,1,300.0,,,,,,,,,,,,,,,,model_not_in_checkout
bench01-2026-10-01,2026-09-28,/tmp/opencode/markov-base01-build/markov-cero-solve,714ff78c14e1ad33b18eab26a2f6cd1235dfce5561a552c1d430fd548f3d8125,data/miplib/neos-5107597-kakapo.mps,miplib,MILP,holdout,1,warm,absent,1,300.0,,,,,,,,,,,,,,,,model_not_in_checkout
bench01-2026-10-01,2026-09-28,/tmp/opencode/markov-base01-build/markov-cero-solve,714ff78c14e1ad33b18eab26a2f6cd1235dfce5561a552c1d430fd548f3d8125,data/mittelmann/rail582.mps,mittelmann,MILP,holdout,1,warm,absent,1,300.0,,,,,,,,,,,,,,,,model_not_in_checkout
bench01-2026-10-01,2026-09-28,/tmp/opencode/markov-base01-build/markov-cero-solve,714ff78c14e1ad33b18eab26a2f6cd1235dfce5561a552c1d430fd548f3d8125,data/netlib/bore3d.mps,netlib,LP,holdout,1,warm,ok,1,60.0,1555.445,1553.018566,NumericalFailure,false,unverified,1373.0804138468477,,,0,319,7980,,,not_checked,primal and variable_names differ in length,exit_code=7; stderr=markov-cero 0.5.2 NumericalFailure [LP -> primal] NOT VERIFIED numerical_diagnostic: primal_residual=4.3338091466345384e-09 dual_residual=4.8783501746014274e-11 complementarity_gap=0.00185362991938647
bench01-2026-10-01,2026-09-28,/tmp/opencode/markov-base01-build/markov-cero-solve,714ff78c14e1ad33b18eab26a2f6cd1235dfce5561a552c1d430fd548f3d8125,data/netlib/e226.mps,netlib,LP,holdout,1,warm,ok,1,60.0,12.087,10.278298,InvalidModel,false,unverified,0,,,0,0,5776,,,not_checked,no primal vector in result,exit_code=3; stderr=markov-cero 0.5.2 InvalidModel [LP -> auto] NOT VERIFIED
bench01-2026-10-01,2026-09-28,/tmp/opencode/markov-base01-build/markov-cero-solve,714ff78c14e1ad33b18eab26a2f6cd1235dfce5561a552c1d430fd548f3d8125,data/netlib/brandy.mps,netlib,LP,holdout,1,warm,ok,1,60.0,7456.367,7452.81488,Optimal,true,optimality_witness_checked,1518.509896488128,1518.509896488128,0,1,612,8188,,,pass,6.821210e-13,stderr=markov-cero 0.5.2 Optimal [LP -> primal] VERIFIED
bench01-2026-10-01,2026-09-28,/tmp/opencode/markov-base01-build/markov-cero-solve,714ff78c14e1ad33b18eab26a2f6cd1235dfce5561a552c1d430fd548f3d8125,data/netlib/greenbeb.mps,netlib,LP,holdout,1,warm,absent,1,60.0,,,,,,,,,,,,,,,,model_not_in_checkout
bench01-2026-10-01,2026-09-28,/tmp/opencode/markov-base01-build/markov-cero-solve,714ff78c14e1ad33b18eab26a2f6cd1235dfce5561a552c1d430fd548f3d8125,data/netlib/pilot.we.mps,netlib,LP,holdout,1,warm,absent,1,60.0,,,,,,,,,,,,,,,,model_not_in_checkout
bench01-2026-10-01,2026-09-28,/tmp/opencode/markov-base01-build/markov-cero-solve,714ff78c14e1ad33b18eab26a2f6cd1235dfce5561a552c1d430fd548f3d8125,data/netlib/sc50a.mps,netlib,LP,holdout,1,warm,ok,1,60.0,19.047,16.523059,Optimal,true,optimality_witness_checked,-64.57507705856453,-64.57507705856453,0,1,54,5592,-64.575077058564,5.258016244624741e-13,pass,2.842171e-14,stderr=markov-cero 0.5.2 Optimal [LP -> primal] VERIFIED
bench01-2026-10-01,2026-09-28,/tmp/opencode/markov-base01-build/markov-cero-solve,714ff78c14e1ad33b18eab26a2f6cd1235dfce5561a552c1d430fd548f3d8125,data/netlib/scagr25.mps,netlib,LP,holdout,1,warm,ok,1,60.0,9703.494,9698.095105,Optimal,true,optimality_witness_checked,-14753433.06076852,-14753433.06076852,0,1,3204,7248,,,pass,1.818989e-12,stderr=markov-cero 0.5.2 Optimal [LP -> primal] VERIFIED
bench01-2026-10-01,2026-09-28,/tmp/opencode/markov-base01-build/markov-cero-solve,714ff78c14e1ad33b18eab26a2f6cd1235dfce5561a552c1d430fd548f3d8125,data/netlib/sctap2.mps,netlib,LP,holdout,1,warm,absent,1,60.0,,,,,,,,,,,,,,,,model_not_in_checkout
bench01-2026-10-01,2026-09-28,/tmp/opencode/markov-base01-build/markov-cero-solve,714ff78c14e1ad33b18eab26a2f6cd1235dfce5561a552c1d430fd548f3d8125,data/miplib/neos-3754480-nidda.mps,miplib,MILP,holdout,1,warm,ok,1,300.0,18294.802,18292.191749,NumericalFailure,false,unverified,0,,,1,794,8260,12939.7540104743,12939.7540104743,not_checked,no primal vector in result,exit_code=7; stderr=markov-cero 0.5.2 NumericalFailure [MILP -> milp] NOT VERIFIED proof: tier=unverified status=not_requested budget_exhausted=false nodes=0 witness_values=0 build_ms=0 replay_ms=0 numerical_diagnostic: 
bench01-2026-10-01,2026-09-28,/tmp/opencode/markov-base01-build/markov-cero-solve,714ff78c14e1ad33b18eab26a2f6cd1235dfce5561a552c1d430fd548f3d8125,data/netlib/share1b.mps,netlib,LP,holdout,1,warm,ok,1,60.0,1129.821,1126.436932,Optimal,true,optimality_witness_checked,-76589.31857918539,-76589.31857918539,0,1,1266,6288,-76589.3185791855,1.1641532182693481e-10,pass,5.067908e-10,stderr=markov-cero 0.5.2 Optimal [LP -> primal] VERIFIED
bench01-2026-10-01,2026-09-28,/tmp/opencode/markov-base01-build/markov-cero-solve,714ff78c14e1ad33b18eab26a2f6cd1235dfce5561a552c1d430fd548f3d8125,data/netlib/shell.mps,netlib,LP,holdout,1,warm,absent,1,60.0,,,,,,,,,,,,,,,,model_not_in_checkout
bench01-2026-10-01,2026-09-28,/tmp/opencode/markov-base01-build/markov-cero-solve,714ff78c14e1ad33b18eab26a2f6cd1235dfce5561a552c1d430fd548f3d8125,data/netlib/stair.mps,netlib,LP,holdout,1,warm,absent,1,60.0,,,,,,,,,,,,,,,,model_not_in_checkout
bench01-2026-10-01,2026-09-28,/tmp/opencode/markov-base01-build/markov-cero-solve,714ff78c14e1ad33b18eab26a2f6cd1235dfce5561a552c1d430fd548f3d8125,data/netlib/share2b.mps,netlib,LP,holdout,1,warm,ok,1,60.0,285.764,283.077732,Optimal,true,optimality_witness_checked,-415.7322407414181,-415.7322407414181,0,1,473,6016,-415.732240741418,5.684341886080802e-14,pass,9.094947e-13,stderr=markov-cero 0.5.2 Optimal [LP -> primal] VERIFIED
bench01-2026-10-01,2026-09-28,/tmp/opencode/markov-base01-build/markov-cero-solve,714ff78c14e1ad33b18eab26a2f6cd1235dfce5561a552c1d430fd548f3d8125,data/netlib/stocfor3.mps,netlib,LP,holdout,1,warm,absent,1,60.0,,,,,,,,,,,,,,,,model_not_in_checkout
bench01-2026-10-01,2026-09-28,/tmp/opencode/markov-base01-build/markov-cero-solve,714ff78c14e1ad33b18eab26a2f6cd1235dfce5561a552c1d430fd548f3d8125,data/netlib/tuff.mps,netlib,LP,holdout,1,warm,absent,1,60.0,,,,,,,,,,,,,,,,model_not_in_checkout
bench01-2026-10-01,2026-09-28,/tmp/opencode/markov-base01-build/markov-cero-solve,714ff78c14e1ad33b18eab26a2f6cd1235dfce5561a552c1d430fd548f3d8125,data/qp/QPLIB_8495.mps,qplib,QP,holdout,1,warm,absent,1,60.0,,,,,,,,,,,,,,,,model_not_in_checkout
bench01-2026-10-01,2026-09-28,/tmp/opencode/markov-base01-build/markov-cero-solve,714ff78c14e1ad33b18eab26a2f6cd1235dfce5561a552c1d430fd548f3d8125,data/qp/QPLIB_8906.mps,qplib,QP,holdout,1,warm,absent,1,60.0,,,,,,,,,,,,,,,,model_not_in_checkout
bench01-2026-10-01,2026-09-28,/tmp/opencode/markov-base01-build/markov-cero-solve,714ff78c14e1ad33b18eab26a2f6cd1235dfce5561a552c1d430fd548f3d8125,data/cases/refinery_scheduling_large.mps,cases,MILP,tune,1,warm,hash_mismatch,1,300.0,,,,,,,,,,,,,,,,model_sha256_disagrees
bench01-2026-10-01,2026-09-28,/tmp/opencode/markov-base01-build/markov-cero-solve,714ff78c14e1ad33b18eab26a2f6cd1235dfce5561a552c1d430fd548f3d8125,data/miplib/CMS750_4.mps,miplib,MILP,tune,1,warm,absent,1,300.0,,,,,,,,,,,,,,,,model_not_in_checkout
bench01-2026-10-01,2026-09-28,/tmp/opencode/markov-base01-build/markov-cero-solve,714ff78c14e1ad33b18eab26a2f6cd1235dfce5561a552c1d430fd548f3d8125,data/miplib/beasleyC3.mps,miplib,MILP,tune,1,warm,absent,1,300.0,,,,,,,,,,,,,,,,model_not_in_checkout
bench01-2026-10-01,2026-09-28,/tmp/opencode/markov-base01-build/markov-cero-solve,714ff78c14e1ad33b18eab26a2f6cd1235dfce5561a552c1d430fd548f3d8125,data/miplib/bnatt400.mps,miplib,MILP,tune,1,warm,absent,1,300.0,,,,,,,,,,,,,,,,model_not_in_checkout
bench01-2026-10-01,2026-09-28,/tmp/opencode/markov-base01-build/markov-cero-solve,714ff78c14e1ad33b18eab26a2f6cd1235dfce5561a552c1d430fd548f3d8125,data/miplib/bppc4-08.mps,miplib,MILP,tune,1,warm,absent,1,300.0,,,,,,,,,,,,,,,,model_not_in_checkout
bench01-2026-10-01,2026-09-28,/tmp/opencode/markov-base01-build/markov-cero-solve,714ff78c14e1ad33b18eab26a2f6cd1235dfce5561a552c1d430fd548f3d8125,data/miplib/cvs16r128-89.mps,miplib,MILP,tune,1,warm,absent,1,300.0,,,,,,,,,,,,,,,,model_not_in_checkout
bench01-2026-10-01,2026-09-28,/tmp/opencode/markov-base01-build/markov-cero-solve,714ff78c14e1ad33b18eab26a2f6cd1235dfce5561a552c1d430fd548f3d8125,data/miplib/dano3_5.mps,miplib,MILP,tune,1,warm,absent,1,300.0,,,,,,,,,,,,,,,,model_not_in_checkout
bench01-2026-10-01,2026-09-28,/tmp/opencode/markov-base01-build/markov-cero-solve,714ff78c14e1ad33b18eab26a2f6cd1235dfce5561a552c1d430fd548f3d8125,data/miplib/graph20-20-1rand.mps,miplib,MILP,tune,1,warm,absent,1,300.0,,,,,,,,,,,,,,,,model_not_in_checkout
bench01-2026-10-01,2026-09-28,/tmp/opencode/markov-base01-build/markov-cero-solve,714ff78c14e1ad33b18eab26a2f6cd1235dfce5561a552c1d430fd548f3d8125,data/miplib/istanbul-no-cutoff.mps,miplib,MILP,tune,1,warm,absent,1,300.0,,,,,,,,,,,,,,,,model_not_in_checkout
bench01-2026-10-01,2026-09-28,/tmp/opencode/markov-base01-build/markov-cero-solve,714ff78c14e1ad33b18eab26a2f6cd1235dfce5561a552c1d430fd548f3d8125,data/netlib/stocfor1.mps,netlib,LP,holdout,1,warm,ok,1,60.0,288.097,285.149691,Optimal,true,optimality_witness_checked,-41131.97621943642,-41131.97621943642,0,1,432,6176,,,pass,2.728484e-12,stderr=markov-cero 0.5.2 Optimal [LP -> primal] VERIFIED
bench01-2026-10-01,2026-09-28,/tmp/opencode/markov-base01-build/markov-cero-solve,714ff78c14e1ad33b18eab26a2f6cd1235dfce5561a552c1d430fd548f3d8125,data/miplib/mcsched.mps,miplib,MILP,tune,1,warm,absent,1,300.0,,,,,,,,,,,,,,,,model_not_in_checkout
bench01-2026-10-01,2026-09-28,/tmp/opencode/markov-base01-build/markov-cero-solve,714ff78c14e1ad33b18eab26a2f6cd1235dfce5561a552c1d430fd548f3d8125,data/miplib/mik-250-20-75-4.mps,miplib,MILP,tune,1,warm,absent,1,300.0,,,,,,,,,,,,,,,,model_not_in_checkout
bench01-2026-10-01,2026-09-28,/tmp/opencode/markov-base01-build/markov-cero-solve,714ff78c14e1ad33b18eab26a2f6cd1235dfce5561a552c1d430fd548f3d8125,data/miplib/neos-1354092.mps,miplib,MILP,tune,1,warm,absent,1,300.0,,,,,,,,,,,,,,,,model_not_in_checkout
bench01-2026-10-01,2026-09-28,/tmp/opencode/markov-base01-build/markov-cero-solve,714ff78c14e1ad33b18eab26a2f6cd1235dfce5561a552c1d430fd548f3d8125,data/miplib/neos-3381206-awhea.mps,miplib,MILP,tune,1,warm,absent,1,300.0,,,,,,,,,,,,,,,,model_not_in_checkout
bench01-2026-10-01,2026-09-28,/tmp/opencode/markov-base01-build/markov-cero-solve,714ff78c14e1ad33b18eab26a2f6cd1235dfce5561a552c1d430fd548f3d8125,data/miplib/neos17.mps,miplib,MILP,tune,1,warm,absent,1,300.0,,,,,,,,,,,,,,,,model_not_in_checkout
bench01-2026-10-01,2026-09-28,/tmp/opencode/markov-base01-build/markov-cero-solve,714ff78c14e1ad33b18eab26a2f6cd1235dfce5561a552c1d430fd548f3d8125,data/netlib/etamacro.mps,netlib,LP,holdout,1,warm,ok,1,60.0,22919.895,22916.14416,NumericalFailure,false,unverified,-755.7143090291331,,,0,1378,12636,,,not_checked,primal and variable_names differ in length,exit_code=7; stderr=markov-cero 0.5.2 NumericalFailure [LP -> primal] NOT VERIFIED numerical_diagnostic: primal_residual=5.5644022722844966e-10 dual_residual=2.0621525320674294e-16 complementarity_gap=0.00214953078166371
bench01-2026-10-01,2026-09-28,/tmp/opencode/markov-base01-build/markov-cero-solve,714ff78c14e1ad33b18eab26a2f6cd1235dfce5561a552c1d430fd548f3d8125,data/miplib/enlight_hard.mps,miplib,MILP,holdout,1,warm,ok,1,300.0,300006.813,300003.924527,ResourceLimit,false,unverified,0,15,,612,384279,12904,37.0,37.0,not_checked,no primal vector in result,exit_code=5; stderr=markov-cero 0.5.2 ResourceLimit [MILP -> milp] NOT VERIFIED proof: tier=unverified status=not_requested budget_exhausted=false nodes=0 witness_values=0 build_ms=0 replay_ms=0
bench01-2026-10-01,2026-09-28,/tmp/opencode/markov-base01-build/markov-cero-solve,714ff78c14e1ad33b18eab26a2f6cd1235dfce5561a552c1d430fd548f3d8125,data/miplib/sp97ar.mps,miplib,MILP,tune,1,warm,absent,1,300.0,,,,,,,,,,,,,,,,model_not_in_checkout
bench01-2026-10-01,2026-09-28,/tmp/opencode/markov-base01-build/markov-cero-solve,714ff78c14e1ad33b18eab26a2f6cd1235dfce5561a552c1d430fd548f3d8125,data/miplib/uct-subprob.mps,miplib,MILP,tune,1,warm,absent,1,300.0,,,,,,,,,,,,,,,,model_not_in_checkout
bench01-2026-10-01,2026-09-28,/tmp/opencode/markov-base01-build/markov-cero-solve,714ff78c14e1ad33b18eab26a2f6cd1235dfce5561a552c1d430fd548f3d8125,data/mittelmann/50v-10.mps,mittelmann,MILP,tune,1,warm,absent,1,300.0,,,,,,,,,,,,,,,,model_not_in_checkout
bench01-2026-10-01,2026-09-28,/tmp/opencode/markov-base01-build/markov-cero-solve,714ff78c14e1ad33b18eab26a2f6cd1235dfce5561a552c1d430fd548f3d8125,data/mittelmann/app1-1.mps,mittelmann,MILP,tune,1,warm,absent,1,300.0,,,,,,,,,,,,,,,,model_not_in_checkout
bench01-2026-10-01,2026-09-28,/tmp/opencode/markov-base01-build/markov-cero-solve,714ff78c14e1ad33b18eab26a2f6cd1235dfce5561a552c1d430fd548f3d8125,data/mittelmann/fome11.mps,mittelmann,MILP,tune,1,warm,absent,1,300.0,,,,,,,,,,,,,,,,model_not_in_checkout
bench01-2026-10-01,2026-09-28,/tmp/opencode/markov-base01-build/markov-cero-solve,714ff78c14e1ad33b18eab26a2f6cd1235dfce5561a552c1d430fd548f3d8125,data/miplib/mas76.mps,miplib,MILP,tune,1,warm,ok,1,300.0,300006.01,300003.1519,ResourceLimit,false,unverified,0,39103.69008016632,0.9999999608963099,554,377297,8412,40005.05398999999,40005.05398999999,not_checked,no primal vector in result,exit_code=5; stderr=markov-cero 0.5.2 ResourceLimit [MILP -> milp] NOT VERIFIED proof: tier=unverified status=not_requested budget_exhausted=false nodes=0 witness_values=0 build_ms=0 replay_ms=0
bench01-2026-10-01,2026-09-28,/tmp/opencode/markov-base01-build/markov-cero-solve,714ff78c14e1ad33b18eab26a2f6cd1235dfce5561a552c1d430fd548f3d8125,data/mittelmann/nug08-3rd.mps,mittelmann,MILP,tune,1,warm,absent,1,300.0,,,,,,,,,,,,,,,,model_not_in_checkout
bench01-2026-10-01,2026-09-28,/tmp/opencode/markov-base01-build/markov-cero-solve,714ff78c14e1ad33b18eab26a2f6cd1235dfce5561a552c1d430fd548f3d8125,data/mittelmann/nug20.mps,mittelmann,MILP,tune,1,warm,absent,1,300.0,,,,,,,,,,,,,,,,model_not_in_checkout
bench01-2026-10-01,2026-09-28,/tmp/opencode/markov-base01-build/markov-cero-solve,714ff78c14e1ad33b18eab26a2f6cd1235dfce5561a552c1d430fd548f3d8125,data/netlib/80bau3b.mps,netlib,LP,tune,1,warm,absent,1,60.0,,,,,,,,,,,,,,,,model_not_in_checkout
bench01-2026-10-01,2026-09-28,/tmp/opencode/markov-base01-build/markov-cero-solve,714ff78c14e1ad33b18eab26a2f6cd1235dfce5561a552c1d430fd548f3d8125,data/miplib/pk1.mps,miplib,MILP,tune,1,warm,ok,1,300.0,300005.604,300002.836942,ResourceLimit,false,unverified,0,0,1,454,314993,8040,11.0,11.0,not_checked,no primal vector in result,exit_code=5; stderr=markov-cero 0.5.2 ResourceLimit [MILP -> milp] NOT VERIFIED proof: tier=unverified status=not_requested budget_exhausted=false nodes=0 witness_values=0 build_ms=0 replay_ms=0
bench01-2026-10-01,2026-09-28,/tmp/opencode/markov-base01-build/markov-cero-solve,714ff78c14e1ad33b18eab26a2f6cd1235dfce5561a552c1d430fd548f3d8125,data/netlib/beaconfd.mps,netlib,LP,tune,1,warm,ok,1,60.0,183.395,180.118922,Optimal,true,optimality_witness_checked,33592.485807200006,33592.485807200006,0,1,244,6340,33592.4858072,7.275957614183426e-12,pass,3.259615e-11,stderr=markov-cero 0.5.2 Optimal [LP -> primal] VERIFIED
bench01-2026-10-01,2026-09-28,/tmp/opencode/markov-base01-build/markov-cero-solve,714ff78c14e1ad33b18eab26a2f6cd1235dfce5561a552c1d430fd548f3d8125,data/netlib/bnl2.mps,netlib,LP,tune,1,warm,absent,1,60.0,,,,,,,,,,,,,,,,model_not_in_checkout
bench01-2026-10-01,2026-09-28,/tmp/opencode/markov-base01-build/markov-cero-solve,714ff78c14e1ad33b18eab26a2f6cd1235dfce5561a552c1d430fd548f3d8125,data/netlib/boeing2.mps,netlib,LP,tune,1,warm,ok,1,60.0,1778.738,1776.462687,Optimal,true,optimality_witness_checked,-315.0187280152029,-315.0187280152029,0,1,1254,6660,,,pass,1.421085e-14,stderr=markov-cero 0.5.2 Optimal [LP -> primal] VERIFIED
bench01-2026-10-01,2026-09-28,/tmp/opencode/markov-base01-build/markov-cero-solve,714ff78c14e1ad33b18eab26a2f6cd1235dfce5561a552c1d430fd548f3d8125,data/netlib/bandm.mps,netlib,LP,tune,1,warm,ok,1,60.0,4115.406,4111.624289,Optimal,true,optimality_witness_checked,-158.6280184501206,-158.6280184501206,0,1,2105,7188,,,pass,1.936229e-13,stderr=markov-cero 0.5.2 Optimal [LP -> primal] VERIFIED
bench01-2026-10-01,2026-09-28,/tmp/opencode/markov-base01-build/markov-cero-solve,714ff78c14e1ad33b18eab26a2f6cd1235dfce5561a552c1d430fd548f3d8125,data/netlib/fit2p.mps,netlib,LP,tune,1,warm,absent,1,60.0,,,,,,,,,,,,,,,,model_not_in_checkout
bench01-2026-10-01,2026-09-28,/tmp/opencode/markov-base01-build/markov-cero-solve,714ff78c14e1ad33b18eab26a2f6cd1235dfce5561a552c1d430fd548f3d8125,data/netlib/forplan.mps,netlib,LP,tune,1,warm,absent,1,60.0,,,,,,,,,,,,,,,,model_not_in_checkout
bench01-2026-10-01,2026-09-28,/tmp/opencode/markov-base01-build/markov-cero-solve,714ff78c14e1ad33b18eab26a2f6cd1235dfce5561a552c1d430fd548f3d8125,data/netlib/ganges.mps,netlib,LP,tune,1,warm,absent,1,60.0,,,,,,,,,,,,,,,,model_not_in_checkout
bench01-2026-10-01,2026-09-28,/tmp/opencode/markov-base01-build/markov-cero-solve,714ff78c14e1ad33b18eab26a2f6cd1235dfce5561a552c1d430fd548f3d8125,data/netlib/gfrd-pnc.mps,netlib,LP,tune,1,warm,absent,1,60.0,,,,,,,,,,,,,,,,model_not_in_checkout
bench01-2026-10-01,2026-09-28,/tmp/opencode/markov-base01-build/markov-cero-solve,714ff78c14e1ad33b18eab26a2f6cd1235dfce5561a552c1d430fd548f3d8125,data/netlib/capri.mps,netlib,LP,tune,1,warm,ok,1,60.0,3658.622,3654.408725,Optimal,true,optimality_witness_checked,2690.012913768161,2690.012913768161,0,1,1281,7324,,,pass,8.590906e-13,stderr=markov-cero 0.5.2 Optimal [LP -> primal] VERIFIED
bench01-2026-10-01,2026-09-28,/tmp/opencode/markov-base01-build/markov-cero-solve,714ff78c14e1ad33b18eab26a2f6cd1235dfce5561a552c1d430fd548f3d8125,data/netlib/kb2.mps,netlib,LP,tune,1,warm,ok,1,60.0,71.123,69.178942,Optimal,true,optimality_witness_checked,-1749.9001299062056,-1749.9001299062056,0,1,176,6184,,,pass,1.364242e-12,stderr=markov-cero 0.5.2 Optimal [LP -> primal] VERIFIED
bench01-2026-10-01,2026-09-28,/tmp/opencode/markov-base01-build/markov-cero-solve,714ff78c14e1ad33b18eab26a2f6cd1235dfce5561a552c1d430fd548f3d8125,data/netlib/maros.mps,netlib,LP,tune,1,warm,absent,1,60.0,,,,,,,,,,,,,,,,model_not_in_checkout
bench01-2026-10-01,2026-09-28,/tmp/opencode/markov-base01-build/markov-cero-solve,714ff78c14e1ad33b18eab26a2f6cd1235dfce5561a552c1d430fd548f3d8125,data/netlib/scsd1.mps,netlib,LP,tune,1,warm,ok,1,60.0,180.025,176.888853,NumericalFailure,false,unverified,8.666680097560823,,,0,79,7832,,,pass,4.937994e-11,exit_code=7; stderr=markov-cero 0.5.2 NumericalFailure [LP -> primal] NOT VERIFIED numerical_diagnostic: primal_residual=4.93799445777654e-11 dual_residual=0 complementarity_gap=1.5090295139641614e-05 condition_estimate=
bench01-2026-10-01,2026-09-28,/tmp/opencode/markov-base01-build/markov-cero-solve,714ff78c14e1ad33b18eab26a2f6cd1235dfce5561a552c1d430fd548f3d8125,data/miplib/sp150x300d.mps,miplib,MILP,tune,1,warm,ok,1,300.0,300030.665,300023.958659,ResourceLimit,false,unverified,0,5.861593965234503,0.9162629433537928,19,24554,21160,69.0,69.0,not_checked,no primal vector in result,exit_code=5; stderr=markov-cero 0.5.2 ResourceLimit [MILP -> milp] NOT VERIFIED proof: tier=unverified status=not_requested budget_exhausted=false nodes=0 witness_values=0 build_ms=0 replay_ms=0
bench01-2026-10-01,2026-09-28,/tmp/opencode/markov-base01-build/markov-cero-solve,714ff78c14e1ad33b18eab26a2f6cd1235dfce5561a552c1d430fd548f3d8125,data/netlib/ship04s.mps,netlib,LP,tune,1,warm,absent,1,60.0,,,,,,,,,,,,,,,,model_not_in_checkout
bench01-2026-10-01,2026-09-28,/tmp/opencode/markov-base01-build/markov-cero-solve,714ff78c14e1ad33b18eab26a2f6cd1235dfce5561a552c1d430fd548f3d8125,data/netlib/ship12s.mps,netlib,LP,tune,1,warm,absent,1,60.0,,,,,,,,,,,,,,,,model_not_in_checkout
bench01-2026-10-01,2026-09-28,/tmp/opencode/markov-base01-build/markov-cero-solve,714ff78c14e1ad33b18eab26a2f6cd1235dfce5561a552c1d430fd548f3d8125,data/netlib/standata.mps,netlib,LP,tune,1,warm,absent,1,60.0,,,,,,,,,,,,,,,,model_not_in_checkout
bench01-2026-10-01,2026-09-28,/tmp/opencode/markov-base01-build/markov-cero-solve,714ff78c14e1ad33b18eab26a2f6cd1235dfce5561a552c1d430fd548f3d8125,data/netlib/stocfor2.mps,netlib,LP,tune,1,warm,absent,1,60.0,,,,,,,,,,,,,,,,model_not_in_checkout
bench01-2026-10-01,2026-09-28,/tmp/opencode/markov-base01-build/markov-cero-solve,714ff78c14e1ad33b18eab26a2f6cd1235dfce5561a552c1d430fd548f3d8125,data/netlib/truss.mps,netlib,LP,tune,1,warm,absent,1,60.0,,,,,,,,,,,,,,,,model_not_in_checkout
bench01-2026-10-01,2026-09-28,/tmp/opencode/markov-base01-build/markov-cero-solve,714ff78c14e1ad33b18eab26a2f6cd1235dfce5561a552c1d430fd548f3d8125,data/netlib/vtpbase.mps,netlib,LP,tune,1,warm,ok,1,60.0,146.263,142.569048,Optimal,true,optimality_witness_checked,129831.46246136136,129831.46246136136,0,1,185,6060,,,pass,3.161915e-11,stderr=markov-cero 0.5.2 Optimal [LP -> primal] VERIFIED
bench01-2026-10-01,2026-09-28,/tmp/opencode/markov-base01-build/markov-cero-solve,714ff78c14e1ad33b18eab26a2f6cd1235dfce5561a552c1d430fd548f3d8125,data/qp/QPLIB_9002.mps,qplib,QP,tune,1,warm,absent,1,60.0,,,,,,,,,,,,,,,,model_not_in_checkout
bench01-2026-10-01,2026-09-28,/tmp/opencode/markov-base01-build/markov-cero-solve,714ff78c14e1ad33b18eab26a2f6cd1235dfce5561a552c1d430fd548f3d8125,data/netlib/sctap1.mps,netlib,LP,tune,1,warm,ok,1,60.0,1712.51,1707.857161,Optimal,true,optimality_witness_checked,1412.2500000000002,1412.2500000000002,0,1,1409,6816,,,pass,1.421085e-14,stderr=markov-cero 0.5.2 Optimal [LP -> primal] VERIFIED
bench01-2026-10-01,2026-09-28,/tmp/opencode/markov-base01-build/markov-cero-solve,714ff78c14e1ad33b18eab26a2f6cd1235dfce5561a552c1d430fd548f3d8125,data/cases/li_crude_blending.mps,cases,MILP,train,1,warm,hash_mismatch,1,300.0,,,,,,,,,,,,,,,,model_sha256_disagrees
bench01-2026-10-01,2026-09-28,/tmp/opencode/markov-base01-build/markov-cero-solve,714ff78c14e1ad33b18eab26a2f6cd1235dfce5561a552c1d430fd548f3d8125,data/cases/neiro_refinery_scheduling.mps,cases,MILP,train,1,warm,hash_mismatch,1,300.0,,,,,,,,,,,,,,,,model_sha256_disagrees
bench01-2026-10-01,2026-09-28,/tmp/opencode/markov-base01-build/markov-cero-solve,714ff78c14e1ad33b18eab26a2f6cd1235dfce5561a552c1d430fd548f3d8125,data/cases/process_network_large.mps,cases,MILP,train,1,warm,hash_mismatch,1,300.0,,,,,,,,,,,,,,,,model_sha256_disagrees
bench01-2026-10-01,2026-09-28,/tmp/opencode/markov-base01-build/markov-cero-solve,714ff78c14e1ad33b18eab26a2f6cd1235dfce5561a552c1d430fd548f3d8125,data/cases/production_planning_large.mps,cases,MILP,train,1,warm,hash_mismatch,1,300.0,,,,,,,,,,,,,,,,model_sha256_disagrees
bench01-2026-10-01,2026-09-28,/tmp/opencode/markov-base01-build/markov-cero-solve,714ff78c14e1ad33b18eab26a2f6cd1235dfce5561a552c1d430fd548f3d8125,data/cases/shapiro_network_flow.mps,cases,MILP,train,1,warm,hash_mismatch,1,300.0,,,,,,,,,,,,,,,,model_sha256_disagrees
bench01-2026-10-01,2026-09-28,/tmp/opencode/markov-base01-build/markov-cero-solve,714ff78c14e1ad33b18eab26a2f6cd1235dfce5561a552c1d430fd548f3d8125,data/cases/supply_chain_large.mps,cases,MILP,train,1,warm,hash_mismatch,1,300.0,,,,,,,,,,,,,,,,model_sha256_disagrees
bench01-2026-10-01,2026-09-28,/tmp/opencode/markov-base01-build/markov-cero-solve,714ff78c14e1ad33b18eab26a2f6cd1235dfce5561a552c1d430fd548f3d8125,data/miplib/assign1-5-8.mps,miplib,MILP,train,1,warm,absent,1,300.0,,,,,,,,,,,,,,,,model_not_in_checkout
bench01-2026-10-01,2026-09-28,/tmp/opencode/markov-base01-build/markov-cero-solve,714ff78c14e1ad33b18eab26a2f6cd1235dfce5561a552c1d430fd548f3d8125,data/miplib/binkar10_1.mps,miplib,MILP,train,1,warm,absent,1,300.0,,,,,,,,,,,,,,,,model_not_in_checkout
bench01-2026-10-01,2026-09-28,/tmp/opencode/markov-base01-build/markov-cero-solve,714ff78c14e1ad33b18eab26a2f6cd1235dfce5561a552c1d430fd548f3d8125,data/miplib/blp-ar98.mps,miplib,MILP,train,1,warm,absent,1,300.0,,,,,,,,,,,,,,,,model_not_in_checkout
bench01-2026-10-01,2026-09-28,/tmp/opencode/markov-base01-build/markov-cero-solve,714ff78c14e1ad33b18eab26a2f6cd1235dfce5561a552c1d430fd548f3d8125,data/miplib/blp-ic98.mps,miplib,MILP,train,1,warm,absent,1,300.0,,,,,,,,,,,,,,,,model_not_in_checkout
bench01-2026-10-01,2026-09-28,/tmp/opencode/markov-base01-build/markov-cero-solve,714ff78c14e1ad33b18eab26a2f6cd1235dfce5561a552c1d430fd548f3d8125,data/miplib/cmflsp50-24-8-8.mps,miplib,MILP,train,1,warm,absent,1,300.0,,,,,,,,,,,,,,,,model_not_in_checkout
bench01-2026-10-01,2026-09-28,/tmp/opencode/markov-base01-build/markov-cero-solve,714ff78c14e1ad33b18eab26a2f6cd1235dfce5561a552c1d430fd548f3d8125,data/miplib/cod105.mps,miplib,MILP,train,1,warm,absent,1,300.0,,,,,,,,,,,,,,,,model_not_in_checkout
bench01-2026-10-01,2026-09-28,/tmp/opencode/markov-base01-build/markov-cero-solve,714ff78c14e1ad33b18eab26a2f6cd1235dfce5561a552c1d430fd548f3d8125,data/miplib/comp21-2idx.mps,miplib,MILP,train,1,warm,absent,1,300.0,,,,,,,,,,,,,,,,model_not_in_checkout
bench01-2026-10-01,2026-09-28,/tmp/opencode/markov-base01-build/markov-cero-solve,714ff78c14e1ad33b18eab26a2f6cd1235dfce5561a552c1d430fd548f3d8125,data/miplib/cost266-UUE.mps,miplib,MILP,train,1,warm,absent,1,300.0,,,,,,,,,,,,,,,,model_not_in_checkout
bench01-2026-10-01,2026-09-28,/tmp/opencode/markov-base01-build/markov-cero-solve,714ff78c14e1ad33b18eab26a2f6cd1235dfce5561a552c1d430fd548f3d8125,data/miplib/csched007.mps,miplib,MILP,train,1,warm,absent,1,300.0,,,,,,,,,,,,,,,,model_not_in_checkout
bench01-2026-10-01,2026-09-28,/tmp/opencode/markov-base01-build/markov-cero-solve,714ff78c14e1ad33b18eab26a2f6cd1235dfce5561a552c1d430fd548f3d8125,data/miplib/csched008.mps,miplib,MILP,train,1,warm,absent,1,300.0,,,,,,,,,,,,,,,,model_not_in_checkout
bench01-2026-10-01,2026-09-28,/tmp/opencode/markov-base01-build/markov-cero-solve,714ff78c14e1ad33b18eab26a2f6cd1235dfce5561a552c1d430fd548f3d8125,data/miplib/dano3_3.mps,miplib,MILP,train,1,warm,absent,1,300.0,,,,,,,,,,,,,,,,model_not_in_checkout
bench01-2026-10-01,2026-09-28,/tmp/opencode/markov-base01-build/markov-cero-solve,714ff78c14e1ad33b18eab26a2f6cd1235dfce5561a552c1d430fd548f3d8125,data/miplib/decomp2.mps,miplib,MILP,train,1,warm,absent,1,300.0,,,,,,,,,,,,,,,,model_not_in_checkout
bench01-2026-10-01,2026-09-28,/tmp/opencode/markov-base01-build/markov-cero-solve,714ff78c14e1ad33b18eab26a2f6cd1235dfce5561a552c1d430fd548f3d8125,data/miplib/drayage-100-23.mps,miplib,MILP,train,1,warm,absent,1,300.0,,,,,,,,,,,,,,,,model_not_in_checkout
bench01-2026-10-01,2026-09-28,/tmp/opencode/markov-base01-build/markov-cero-solve,714ff78c14e1ad33b18eab26a2f6cd1235dfce5561a552c1d430fd548f3d8125,data/miplib/drayage-25-23.mps,miplib,MILP,train,1,warm,absent,1,300.0,,,,,,,,,,,,,,,,model_not_in_checkout
bench01-2026-10-01,2026-09-28,/tmp/opencode/markov-base01-build/markov-cero-solve,714ff78c14e1ad33b18eab26a2f6cd1235dfce5561a552c1d430fd548f3d8125,data/miplib/dws008-01.mps,miplib,MILP,train,1,warm,absent,1,300.0,,,,,,,,,,,,,,,,model_not_in_checkout
bench01-2026-10-01,2026-09-28,/tmp/opencode/markov-base01-build/markov-cero-solve,714ff78c14e1ad33b18eab26a2f6cd1235dfce5561a552c1d430fd548f3d8125,data/miplib/eil33-2.mps,miplib,MILP,train,1,warm,absent,1,300.0,,,,,,,,,,,,,,,,model_not_in_checkout
bench01-2026-10-01,2026-09-28,/tmp/opencode/markov-base01-build/markov-cero-solve,714ff78c14e1ad33b18eab26a2f6cd1235dfce5561a552c1d430fd548f3d8125,data/miplib/exp-1-500-5-5.mps,miplib,MILP,train,1,warm,absent,1,300.0,,,,,,,,,,,,,,,,model_not_in_checkout
bench01-2026-10-01,2026-09-28,/tmp/opencode/markov-base01-build/markov-cero-solve,714ff78c14e1ad33b18eab26a2f6cd1235dfce5561a552c1d430fd548f3d8125,data/miplib/fhnw-binpack4-48.mps,miplib,MILP,train,1,warm,absent,1,300.0,,,,,,,,,,,,,,,,model_not_in_checkout
bench01-2026-10-01,2026-09-28,/tmp/opencode/markov-base01-build/markov-cero-solve,714ff78c14e1ad33b18eab26a2f6cd1235dfce5561a552c1d430fd548f3d8125,data/netlib/israel.mps,netlib,LP,tune,1,warm,ok,1,60.0,4854.426,4851.605149,Optimal,true,optimality_witness_checked,-896644.8218630457,-896644.8218630457,0,1,987,7084,,,pass,1.855360e-11,stderr=markov-cero 0.5.2 Optimal [LP -> primal] VERIFIED
bench01-2026-10-01,2026-09-28,/tmp/opencode/markov-base01-build/markov-cero-solve,714ff78c14e1ad33b18eab26a2f6cd1235dfce5561a552c1d430fd548f3d8125,data/cases/crude_blending_large.mps,cases,MILP,train,1,warm,ok,1,300.0,17195.707,17193.102709,IterationLimit,false,unverified,0,,,1,10000,7212,,,not_checked,no primal vector in result,exit_code=6; stderr=markov-cero 0.5.2 IterationLimit [QP -> qp] NOT VERIFIED
bench01-2026-10-01,2026-09-28,/tmp/opencode/markov-base01-build/markov-cero-solve,714ff78c14e1ad33b18eab26a2f6cd1235dfce5561a552c1d430fd548f3d8125,data/miplib/flugpl.mps,miplib,MILP,train,1,warm,ok,1,300.0,56316.345,56302.071682,Feasible,false,original_primal_checked,1201500,1201500,0,6703,287990,11556,1201500.0,0.0,pass,0.000000e+00,stderr=markov-cero 0.5.2 Feasible [MILP -> milp] NOT VERIFIED proof: tier=unverified status=exhausted budget_exhausted=true nodes=981 witness_values=48790 build_ms=5000.1321749999997 replay_ms=0.045469000000
bench01-2026-10-01,2026-09-28,/tmp/opencode/markov-base01-build/markov-cero-solve,714ff78c14e1ad33b18eab26a2f6cd1235dfce5561a552c1d430fd548f3d8125,data/miplib/germanrr.mps,miplib,MILP,train,1,warm,absent,1,300.0,,,,,,,,,,,,,,,,model_not_in_checkout
bench01-2026-10-01,2026-09-28,/tmp/opencode/markov-base01-build/markov-cero-solve,714ff78c14e1ad33b18eab26a2f6cd1235dfce5561a552c1d430fd548f3d8125,data/miplib/glass-sc.mps,miplib,MILP,train,1,warm,absent,1,300.0,,,,,,,,,,,,,,,,model_not_in_checkout
bench01-2026-10-01,2026-09-28,/tmp/opencode/markov-base01-build/markov-cero-solve,714ff78c14e1ad33b18eab26a2f6cd1235dfce5561a552c1d430fd548f3d8125,data/miplib/gmu-35-40.mps,miplib,MILP,train,1,warm,absent,1,300.0,,,,,,,,,,,,,,,,model_not_in_checkout
bench01-2026-10-01,2026-09-28,/tmp/opencode/markov-base01-build/markov-cero-solve,714ff78c14e1ad33b18eab26a2f6cd1235dfce5561a552c1d430fd548f3d8125,data/miplib/h80x6320d.mps,miplib,MILP,train,1,warm,absent,1,300.0,,,,,,,,,,,,,,,,model_not_in_checkout
bench01-2026-10-01,2026-09-28,/tmp/opencode/markov-base01-build/markov-cero-solve,714ff78c14e1ad33b18eab26a2f6cd1235dfce5561a552c1d430fd548f3d8125,data/miplib/hypothyroid-k1.mps,miplib,MILP,train,1,warm,absent,1,300.0,,,,,,,,,,,,,,,,model_not_in_checkout
bench01-2026-10-01,2026-09-28,/tmp/opencode/markov-base01-build/markov-cero-solve,714ff78c14e1ad33b18eab26a2f6cd1235dfce5561a552c1d430fd548f3d8125,data/miplib/ic97_potential.mps,miplib,MILP,train,1,warm,absent,1,300.0,,,,,,,,,,,,,,,,model_not_in_checkout
bench01-2026-10-01,2026-09-28,/tmp/opencode/markov-base01-build/markov-cero-solve,714ff78c14e1ad33b18eab26a2f6cd1235dfce5561a552c1d430fd548f3d8125,data/miplib/icir97_tension.mps,miplib,MILP,train,1,warm,absent,1,300.0,,,,,,,,,,,,,,,,model_not_in_checkout
bench01-2026-10-01,2026-09-28,/tmp/opencode/markov-base01-build/markov-cero-solve,714ff78c14e1ad33b18eab26a2f6cd1235dfce5561a552c1d430fd548f3d8125,data/miplib/irp.mps,miplib,MILP,train,1,warm,absent,1,300.0,,,,,,,,,,,,,,,,model_not_in_checkout
bench01-2026-10-01,2026-09-28,/tmp/opencode/markov-base01-build/markov-cero-solve,714ff78c14e1ad33b18eab26a2f6cd1235dfce5561a552c1d430fd548f3d8125,data/miplib/leo1.mps,miplib,MILP,train,1,warm,absent,1,300.0,,,,,,,,,,,,,,,,model_not_in_checkout
bench01-2026-10-01,2026-09-28,/tmp/opencode/markov-base01-build/markov-cero-solve,714ff78c14e1ad33b18eab26a2f6cd1235dfce5561a552c1d430fd548f3d8125,data/miplib/leo2.mps,miplib,MILP,train,1,warm,absent,1,300.0,,,,,,,,,,,,,,,,model_not_in_checkout
bench01-2026-10-01,2026-09-28,/tmp/opencode/markov-base01-build/markov-cero-solve,714ff78c14e1ad33b18eab26a2f6cd1235dfce5561a552c1d430fd548f3d8125,data/miplib/mad.mps,miplib,MILP,train,1,warm,absent,1,300.0,,,,,,,,,,,,,,,,model_not_in_checkout
bench01-2026-10-01,2026-09-28,/tmp/opencode/markov-base01-build/markov-cero-solve,714ff78c14e1ad33b18eab26a2f6cd1235dfce5561a552c1d430fd548f3d8125,data/mittelmann/neos5.mps,mittelmann,MILP,tune,1,warm,ok,1,300.0,300004.042,300001.476073,ResourceLimit,false,unverified,0,13.75,0.1791044776119403,559,448129,8608,,,not_checked,no primal vector in result,exit_code=5; stderr=markov-cero 0.5.2 ResourceLimit [MILP -> milp] NOT VERIFIED proof: tier=unverified status=not_requested budget_exhausted=false nodes=0 witness_values=0 build_ms=0 replay_ms=0
bench01-2026-10-01,2026-09-28,/tmp/opencode/markov-base01-build/markov-cero-solve,714ff78c14e1ad33b18eab26a2f6cd1235dfce5561a552c1d430fd548f3d8125,data/miplib/gen-ip002.mps,miplib,MILP,train,1,warm,ok,1,300.0,300007.731,300005.188655,ResourceLimit,false,unverified,0,-4821.009535432831,0.018446771687568784,4538,352683,11320,-4783.733392,4783.733392,not_checked,no primal vector in result,exit_code=5; stderr=markov-cero 0.5.2 ResourceLimit [MILP -> milp] NOT VERIFIED proof: tier=unverified status=not_requested budget_exhausted=false nodes=0 witness_values=0 build_ms=0 replay_ms=0
bench01-2026-10-01,2026-09-28,/tmp/opencode/markov-base01-build/markov-cero-solve,714ff78c14e1ad33b18eab26a2f6cd1235dfce5561a552c1d430fd548f3d8125,data/miplib/mc11.mps,miplib,MILP,train,1,warm,absent,1,300.0,,,,,,,,,,,,,,,,model_not_in_checkout
bench01-2026-10-01,2026-09-28,/tmp/opencode/markov-base01-build/markov-cero-solve,714ff78c14e1ad33b18eab26a2f6cd1235dfce5561a552c1d430fd548f3d8125,data/miplib/milo-v12-6-r2-40-1.mps,miplib,MILP,train,1,warm,absent,1,300.0,,,,,,,,,,,,,,,,model_not_in_checkout
bench01-2026-10-01,2026-09-28,/tmp/opencode/markov-base01-build/markov-cero-solve,714ff78c14e1ad33b18eab26a2f6cd1235dfce5561a552c1d430fd548f3d8125,data/miplib/mushroom-best.mps,miplib,MILP,train,1,warm,absent,1,300.0,,,,,,,,,,,,,,,,model_not_in_checkout
bench01-2026-10-01,2026-09-28,/tmp/opencode/markov-base01-build/markov-cero-solve,714ff78c14e1ad33b18eab26a2f6cd1235dfce5561a552c1d430fd548f3d8125,data/miplib/mzzv11.mps,miplib,MILP,train,1,warm,absent,1,300.0,,,,,,,,,,,,,,,,model_not_in_checkout
bench01-2026-10-01,2026-09-28,/tmp/opencode/markov-base01-build/markov-cero-solve,714ff78c14e1ad33b18eab26a2f6cd1235dfce5561a552c1d430fd548f3d8125,data/miplib/mzzv42z.mps,miplib,MILP,train,1,warm,absent,1,300.0,,,,,,,,,,,,,,,,model_not_in_checkout
bench01-2026-10-01,2026-09-28,/tmp/opencode/markov-base01-build/markov-cero-solve,714ff78c14e1ad33b18eab26a2f6cd1235dfce5561a552c1d430fd548f3d8125,data/miplib/n2seq36q.mps,miplib,MILP,train,1,warm,absent,1,300.0,,,,,,,,,,,,,,,,model_not_in_checkout
bench01-2026-10-01,2026-09-28,/tmp/opencode/markov-base01-build/markov-cero-solve,714ff78c14e1ad33b18eab26a2f6cd1235dfce5561a552c1d430fd548f3d8125,data/miplib/n5-3.mps,miplib,MILP,train,1,warm,absent,1,300.0,,,,,,,,,,,,,,,,model_not_in_checkout
bench01-2026-10-01,2026-09-28,/tmp/opencode/markov-base01-build/markov-cero-solve,714ff78c14e1ad33b18eab26a2f6cd1235dfce5561a552c1d430fd548f3d8125,data/miplib/neos-1171737.mps,miplib,MILP,train,1,warm,absent,1,300.0,,,,,,,,,,,,,,,,model_not_in_checkout
bench01-2026-10-01,2026-09-28,/tmp/opencode/markov-base01-build/markov-cero-solve,714ff78c14e1ad33b18eab26a2f6cd1235dfce5561a552c1d430fd548f3d8125,data/miplib/neos-1456979.mps,miplib,MILP,train,1,warm,absent,1,300.0,,,,,,,,,,,,,,,,model_not_in_checkout
bench01-2026-10-01,2026-09-28,/tmp/opencode/markov-base01-build/markov-cero-solve,714ff78c14e1ad33b18eab26a2f6cd1235dfce5561a552c1d430fd548f3d8125,data/miplib/neos-1582420.mps,miplib,MILP,train,1,warm,absent,1,300.0,,,,,,,,,,,,,,,,model_not_in_checkout
bench01-2026-10-01,2026-09-28,/tmp/opencode/markov-base01-build/markov-cero-solve,714ff78c14e1ad33b18eab26a2f6cd1235dfce5561a552c1d430fd548f3d8125,data/miplib/gen-ip054.mps,miplib,MILP,train,1,warm,ok,1,300.0,300006.986,300003.89243,ResourceLimit,false,unverified,0,6780.272432170568,0.018038289792229014,2620,474815,10848,6840.96564179,6840.96564179,not_checked,no primal vector in result,exit_code=5; stderr=markov-cero 0.5.2 ResourceLimit [MILP -> milp] NOT VERIFIED proof: tier=unverified status=not_requested budget_exhausted=false nodes=0 witness_values=0 build_ms=0 replay_ms=0
bench01-2026-10-01,2026-09-28,/tmp/opencode/markov-base01-build/markov-cero-solve,714ff78c14e1ad33b18eab26a2f6cd1235dfce5561a552c1d430fd548f3d8125,data/miplib/neos-2978193-inde.mps,miplib,MILP,train,1,warm,absent,1,300.0,,,,,,,,,,,,,,,,model_not_in_checkout
bench01-2026-10-01,2026-09-28,/tmp/opencode/markov-base01-build/markov-cero-solve,714ff78c14e1ad33b18eab26a2f6cd1235dfce5561a552c1d430fd548f3d8125,data/miplib/neos-3004026-krka.mps,miplib,MILP,train,1,warm,absent,1,300.0,,,,,,,,,,,,,,,,model_not_in_checkout
bench01-2026-10-01,2026-09-28,/tmp/opencode/markov-base01-build/markov-cero-solve,714ff78c14e1ad33b18eab26a2f6cd1235dfce5561a552c1d430fd548f3d8125,data/miplib/neos-3024952-loue.mps,miplib,MILP,train,1,warm,absent,1,300.0,,,,,,,,,,,,,,,,model_not_in_checkout
bench01-2026-10-01,2026-09-28,/tmp/opencode/markov-base01-build/markov-cero-solve,714ff78c14e1ad33b18eab26a2f6cd1235dfce5561a552c1d430fd548f3d8125,data/miplib/markshare_4_0.mps,miplib,MILP,train,1,warm,ok,1,300.0,300036.672,300032.121332,ResourceLimit,false,unverified,0,0,1,4439,685333,46316,1.0,1.0,not_checked,no primal vector in result,exit_code=5; stderr=markov-cero 0.5.2 ResourceLimit [MILP -> milp] NOT VERIFIED proof: tier=unverified status=not_requested budget_exhausted=false nodes=0 witness_values=0 build_ms=0 replay_ms=0
bench01-2026-10-01,2026-09-28,/tmp/opencode/markov-base01-build/markov-cero-solve,714ff78c14e1ad33b18eab26a2f6cd1235dfce5561a552c1d430fd548f3d8125,data/miplib/neos-3083819-nubu.mps,miplib,MILP,train,1,warm,absent,1,300.0,,,,,,,,,,,,,,,,model_not_in_checkout
bench01-2026-10-01,2026-09-28,/tmp/opencode/markov-base01-build/markov-cero-solve,714ff78c14e1ad33b18eab26a2f6cd1235dfce5561a552c1d430fd548f3d8125,data/miplib/neos-3216931-puriri.mps,miplib,MILP,train,1,warm,absent,1,300.0,,,,,,,,,,,,,,,,model_not_in_checkout
bench01-2026-10-01,2026-09-28,/tmp/opencode/markov-base01-build/markov-cero-solve,714ff78c14e1ad33b18eab26a2f6cd1235dfce5561a552c1d430fd548f3d8125,data/miplib/neos-3627168-kasai.mps,miplib,MILP,train,1,warm,absent,1,300.0,,,,,,,,,,,,,,,,model_not_in_checkout
bench01-2026-10-01,2026-09-28,/tmp/opencode/markov-base01-build/markov-cero-solve,714ff78c14e1ad33b18eab26a2f6cd1235dfce5561a552c1d430fd548f3d8125,data/miplib/neos-4338804-snowy.mps,miplib,MILP,train,1,warm,absent,1,300.0,,,,,,,,,,,,,,,,model_not_in_checkout
bench01-2026-10-01,2026-09-28,/tmp/opencode/markov-base01-build/markov-cero-solve,714ff78c14e1ad33b18eab26a2f6cd1235dfce5561a552c1d430fd548f3d8125,data/miplib/neos-4387871-tavua.mps,miplib,MILP,train,1,warm,absent,1,300.0,,,,,,,,,,,,,,,,model_not_in_checkout
bench01-2026-10-01,2026-09-28,/tmp/opencode/markov-base01-build/markov-cero-solve,714ff78c14e1ad33b18eab26a2f6cd1235dfce5561a552c1d430fd548f3d8125,data/miplib/neos-4738912-atrato.mps,miplib,MILP,train,1,warm,absent,1,300.0,,,,,,,,,,,,,,,,model_not_in_checkout
bench01-2026-10-01,2026-09-28,/tmp/opencode/markov-base01-build/markov-cero-solve,714ff78c14e1ad33b18eab26a2f6cd1235dfce5561a552c1d430fd548f3d8125,data/miplib/neos-662469.mps,miplib,MILP,train,1,warm,absent,1,300.0,,,,,,,,,,,,,,,,model_not_in_checkout
bench01-2026-10-01,2026-09-28,/tmp/opencode/markov-base01-build/markov-cero-solve,714ff78c14e1ad33b18eab26a2f6cd1235dfce5561a552c1d430fd548f3d8125,data/miplib/neos-860300.mps,miplib,MILP,train,1,warm,absent,1,300.0,,,,,,,,,,,,,,,,model_not_in_checkout
bench01-2026-10-01,2026-09-28,/tmp/opencode/markov-base01-build/markov-cero-solve,714ff78c14e1ad33b18eab26a2f6cd1235dfce5561a552c1d430fd548f3d8125,data/miplib/neos-911970.mps,miplib,MILP,train,1,warm,absent,1,300.0,,,,,,,,,,,,,,,,model_not_in_checkout
bench01-2026-10-01,2026-09-28,/tmp/opencode/markov-base01-build/markov-cero-solve,714ff78c14e1ad33b18eab26a2f6cd1235dfce5561a552c1d430fd548f3d8125,data/miplib/net12.mps,miplib,MILP,train,1,warm,absent,1,300.0,,,,,,,,,,,,,,,,model_not_in_checkout
bench01-2026-10-01,2026-09-28,/tmp/opencode/markov-base01-build/markov-cero-solve,714ff78c14e1ad33b18eab26a2f6cd1235dfce5561a552c1d430fd548f3d8125,data/miplib/nexp-150-20-8-5.mps,miplib,MILP,train,1,warm,absent,1,300.0,,,,,,,,,,,,,,,,model_not_in_checkout
bench01-2026-10-01,2026-09-28,/tmp/opencode/markov-base01-build/markov-cero-solve,714ff78c14e1ad33b18eab26a2f6cd1235dfce5561a552c1d430fd548f3d8125,data/miplib/ns1208400.mps,miplib,MILP,train,1,warm,absent,1,300.0,,,,,,,,,,,,,,,,model_not_in_checkout
bench01-2026-10-01,2026-09-28,/tmp/opencode/markov-base01-build/markov-cero-solve,714ff78c14e1ad33b18eab26a2f6cd1235dfce5561a552c1d430fd548f3d8125,data/miplib/ns1830653.mps,miplib,MILP,train,1,warm,absent,1,300.0,,,,,,,,,,,,,,,,model_not_in_checkout
bench01-2026-10-01,2026-09-28,/tmp/opencode/markov-base01-build/markov-cero-solve,714ff78c14e1ad33b18eab26a2f6cd1235dfce5561a552c1d430fd548f3d8125,data/miplib/ns1952667.mps,miplib,MILP,train,1,warm,absent,1,300.0,,,,,,,,,,,,,,,,model_not_in_checkout
bench01-2026-10-01,2026-09-28,/tmp/opencode/markov-base01-build/markov-cero-solve,714ff78c14e1ad33b18eab26a2f6cd1235dfce5561a552c1d430fd548f3d8125,data/miplib/nu25-pr12.mps,miplib,MILP,train,1,warm,absent,1,300.0,,,,,,,,,,,,,,,,model_not_in_checkout
bench01-2026-10-01,2026-09-28,/tmp/opencode/markov-base01-build/markov-cero-solve,714ff78c14e1ad33b18eab26a2f6cd1235dfce5561a552c1d430fd548f3d8125,data/miplib/p200x1188c.mps,miplib,MILP,train,1,warm,absent,1,300.0,,,,,,,,,,,,,,,,model_not_in_checkout
bench01-2026-10-01,2026-09-28,/tmp/opencode/markov-base01-build/markov-cero-solve,714ff78c14e1ad33b18eab26a2f6cd1235dfce5561a552c1d430fd548f3d8125,data/miplib/peg-solitaire-a3.mps,miplib,MILP,train,1,warm,absent,1,300.0,,,,,,,,,,,,,,,,model_not_in_checkout
bench01-2026-10-01,2026-09-28,/tmp/opencode/markov-base01-build/markov-cero-solve,714ff78c14e1ad33b18eab26a2f6cd1235dfce5561a552c1d430fd548f3d8125,data/miplib/pg.mps,miplib,MILP,train,1,warm,absent,1,300.0,,,,,,,,,,,,,,,,model_not_in_checkout
bench01-2026-10-01,2026-09-28,/tmp/opencode/markov-base01-build/markov-cero-solve,714ff78c14e1ad33b18eab26a2f6cd1235dfce5561a552c1d430fd548f3d8125,data/miplib/pg5_34.mps,miplib,MILP,train,1,warm,absent,1,300.0,,,,,,,,,,,,,,,,model_not_in_checkout
bench01-2026-10-01,2026-09-28,/tmp/opencode/markov-base01-build/markov-cero-solve,714ff78c14e1ad33b18eab26a2f6cd1235dfce5561a552c1d430fd548f3d8125,data/miplib/piperout-08.mps,miplib,MILP,train,1,warm,absent,1,300.0,,,,,,,,,,,,,,,,model_not_in_checkout
bench01-2026-10-01,2026-09-28,/tmp/opencode/markov-base01-build/markov-cero-solve,714ff78c14e1ad33b18eab26a2f6cd1235dfce5561a552c1d430fd548f3d8125,data/miplib/qap10.mps,miplib,MILP,train,1,warm,absent,1,300.0,,,,,,,,,,,,,,,,model_not_in_checkout
bench01-2026-10-01,2026-09-28,/tmp/opencode/markov-base01-build/markov-cero-solve,714ff78c14e1ad33b18eab26a2f6cd1235dfce5561a552c1d430fd548f3d8125,data/miplib/ran14x18-disj-8.mps,miplib,MILP,train,1,warm,absent,1,300.0,,,,,,,,,,,,,,,,model_not_in_checkout
bench01-2026-10-01,2026-09-28,/tmp/opencode/markov-base01-build/markov-cero-solve,714ff78c14e1ad33b18eab26a2f6cd1235dfce5561a552c1d430fd548f3d8125,data/miplib/reblock115.mps,miplib,MILP,train,1,warm,absent,1,300.0,,,,,,,,,,,,,,,,model_not_in_checkout
bench01-2026-10-01,2026-09-28,/tmp/opencode/markov-base01-build/markov-cero-solve,714ff78c14e1ad33b18eab26a2f6cd1235dfce5561a552c1d430fd548f3d8125,data/miplib/rmatr100-p10.mps,miplib,MILP,train,1,warm,absent,1,300.0,,,,,,,,,,,,,,,,model_not_in_checkout
bench01-2026-10-01,2026-09-28,/tmp/opencode/markov-base01-build/markov-cero-solve,714ff78c14e1ad33b18eab26a2f6cd1235dfce5561a552c1d430fd548f3d8125,data/miplib/rocI-4-11.mps,miplib,MILP,train,1,warm,absent,1,300.0,,,,,,,,,,,,,,,,model_not_in_checkout
bench01-2026-10-01,2026-09-28,/tmp/opencode/markov-base01-build/markov-cero-solve,714ff78c14e1ad33b18eab26a2f6cd1235dfce5561a552c1d430fd548f3d8125,data/miplib/rococoB10-011000.mps,miplib,MILP,train,1,warm,absent,1,300.0,,,,,,,,,,,,,,,,model_not_in_checkout
bench01-2026-10-01,2026-09-28,/tmp/opencode/markov-base01-build/markov-cero-solve,714ff78c14e1ad33b18eab26a2f6cd1235dfce5561a552c1d430fd548f3d8125,data/miplib/sct2.mps,miplib,MILP,train,1,warm,absent,1,300.0,,,,,,,,,,,,,,,,model_not_in_checkout
bench01-2026-10-01,2026-09-28,/tmp/opencode/markov-base01-build/markov-cero-solve,714ff78c14e1ad33b18eab26a2f6cd1235dfce5561a552c1d430fd548f3d8125,data/miplib/seymour.mps,miplib,MILP,train,1,warm,absent,1,300.0,,,,,,,,,,,,,,,,model_not_in_checkout
bench01-2026-10-01,2026-09-28,/tmp/opencode/markov-base01-build/markov-cero-solve,714ff78c14e1ad33b18eab26a2f6cd1235dfce5561a552c1d430fd548f3d8125,data/miplib/seymour1.mps,miplib,MILP,train,1,warm,absent,1,300.0,,,,,,,,,,,,,,,,model_not_in_checkout
bench01-2026-10-01,2026-09-28,/tmp/opencode/markov-base01-build/markov-cero-solve,714ff78c14e1ad33b18eab26a2f6cd1235dfce5561a552c1d430fd548f3d8125,data/miplib/sp98ar.mps,miplib,MILP,train,1,warm,absent,1,300.0,,,,,,,,,,,,,,,,model_not_in_checkout
bench01-2026-10-01,2026-09-28,/tmp/opencode/markov-base01-build/markov-cero-solve,714ff78c14e1ad33b18eab26a2f6cd1235dfce5561a552c1d430fd548f3d8125,data/miplib/stein15.mps,miplib,MILP,train,1,warm,ok,1,300.0,18047.749,18036.587722,Optimal,true,tree_replayed,9,9,0,169,34320,8576,9.0,0.0,pass,0.000000e+00,stderr=markov-cero 0.5.2 Optimal [MILP -> milp] VERIFIED proof: tier=independent_tree status=accepted budget_exhausted=false nodes=241 witness_values=23709 build_ms=3158.9177840000002 replay_ms=17.1922
bench01-2026-10-01,2026-09-28,/tmp/opencode/markov-base01-build/markov-cero-solve,714ff78c14e1ad33b18eab26a2f6cd1235dfce5561a552c1d430fd548f3d8125,data/miplib/stein9.mps,miplib,MILP,train,1,warm,ok,1,300.0,314.076,311.000431,Optimal,true,tree_replayed,5,5,0,13,976,6584,5.0,0.0,pass,0.000000e+00,stderr=markov-cero 0.5.2 Optimal [MILP -> milp] VERIFIED proof: tier=independent_tree status=accepted budget_exhausted=false nodes=33 witness_values=1413 build_ms=100.576858 replay_ms=1.0643370000000001
bench01-2026-10-01,2026-09-28,/tmp/opencode/markov-base01-build/markov-cero-solve,714ff78c14e1ad33b18eab26a2f6cd1235dfce5561a552c1d430fd548f3d8125,data/miplib/supportcase26.mps,miplib,MILP,train,1,warm,absent,1,300.0,,,,,,,,,,,,,,,,model_not_in_checkout
bench01-2026-10-01,2026-09-28,/tmp/opencode/markov-base01-build/markov-cero-solve,714ff78c14e1ad33b18eab26a2f6cd1235dfce5561a552c1d430fd548f3d8125,data/miplib/mas74.mps,miplib,MILP,train,1,warm,ok,1,300.0,300003.756,300001.137357,ResourceLimit,false,unverified,0,10705.842499339127,0.9999999892941575,389,326737,8192,11801.18572,11801.18572,not_checked,no primal vector in result,exit_code=5; stderr=markov-cero 0.5.2 ResourceLimit [MILP -> milp] NOT VERIFIED proof: tier=unverified status=not_requested budget_exhausted=false nodes=0 witness_values=0 build_ms=0 replay_ms=0
bench01-2026-10-01,2026-09-28,/tmp/opencode/markov-base01-build/markov-cero-solve,714ff78c14e1ad33b18eab26a2f6cd1235dfce5561a552c1d430fd548f3d8125,data/miplib/tr12-30.mps,miplib,MILP,train,1,warm,absent,1,300.0,,,,,,,,,,,,,,,,model_not_in_checkout
bench01-2026-10-01,2026-09-28,/tmp/opencode/markov-base01-build/markov-cero-solve,714ff78c14e1ad33b18eab26a2f6cd1235dfce5561a552c1d430fd548f3d8125,data/miplib/traininstance6.mps,miplib,MILP,train,1,warm,absent,1,300.0,,,,,,,,,,,,,,,,model_not_in_checkout
bench01-2026-10-01,2026-09-28,/tmp/opencode/markov-base01-build/markov-cero-solve,714ff78c14e1ad33b18eab26a2f6cd1235dfce5561a552c1d430fd548f3d8125,data/miplib/trento1.mps,miplib,MILP,train,1,warm,absent,1,300.0,,,,,,,,,,,,,,,,model_not_in_checkout
bench01-2026-10-01,2026-09-28,/tmp/opencode/markov-base01-build/markov-cero-solve,714ff78c14e1ad33b18eab26a2f6cd1235dfce5561a552c1d430fd548f3d8125,data/miplib/wachplan.mps,miplib,MILP,train,1,warm,absent,1,300.0,,,,,,,,,,,,,,,,model_not_in_checkout
bench01-2026-10-01,2026-09-28,/tmp/opencode/markov-base01-build/markov-cero-solve,714ff78c14e1ad33b18eab26a2f6cd1235dfce5561a552c1d430fd548f3d8125,data/mittelmann/30n20b8.mps,mittelmann,MILP,train,1,warm,absent,1,300.0,,,,,,,,,,,,,,,,model_not_in_checkout
bench01-2026-10-01,2026-09-28,/tmp/opencode/markov-base01-build/markov-cero-solve,714ff78c14e1ad33b18eab26a2f6cd1235dfce5561a552c1d430fd548f3d8125,data/mittelmann/bienst2.mps,mittelmann,MILP,train,1,warm,absent,1,300.0,,,,,,,,,,,,,,,,model_not_in_checkout
bench01-2026-10-01,2026-09-28,/tmp/opencode/markov-base01-build/markov-cero-solve,714ff78c14e1ad33b18eab26a2f6cd1235dfce5561a552c1d430fd548f3d8125,data/mittelmann/fome12.mps,mittelmann,MILP,train,1,warm,absent,1,300.0,,,,,,,,,,,,,,,,model_not_in_checkout
bench01-2026-10-01,2026-09-28,/tmp/opencode/markov-base01-build/markov-cero-solve,714ff78c14e1ad33b18eab26a2f6cd1235dfce5561a552c1d430fd548f3d8125,data/mittelmann/fome13.mps,mittelmann,MILP,train,1,warm,absent,1,300.0,,,,,,,,,,,,,,,,model_not_in_checkout
bench01-2026-10-01,2026-09-28,/tmp/opencode/markov-base01-build/markov-cero-solve,714ff78c14e1ad33b18eab26a2f6cd1235dfce5561a552c1d430fd548f3d8125,data/miplib/neos-2657525-crna.mps,miplib,MILP,train,1,warm,ok,1,300.0,300018.724,300016.022001,ResourceLimit,false,unverified,0,0,,29,35421,16084,1.810748,1.810748,not_checked,no primal vector in result,exit_code=5; stderr=markov-cero 0.5.2 ResourceLimit [MILP -> milp] NOT VERIFIED proof: tier=unverified status=not_requested budget_exhausted=false nodes=0 witness_values=0 build_ms=0 replay_ms=0
bench01-2026-10-01,2026-09-28,/tmp/opencode/markov-base01-build/markov-cero-solve,714ff78c14e1ad33b18eab26a2f6cd1235dfce5561a552c1d430fd548f3d8125,data/mittelmann/mkc1.mps,mittelmann,MILP,train,1,warm,absent,1,300.0,,,,,,,,,,,,,,,,model_not_in_checkout
bench01-2026-10-01,2026-09-28,/tmp/opencode/markov-base01-build/markov-cero-solve,714ff78c14e1ad33b18eab26a2f6cd1235dfce5561a552c1d430fd548f3d8125,data/mittelmann/pds-20.mps,mittelmann,MILP,train,1,warm,absent,1,300.0,,,,,,,,,,,,,,,,model_not_in_checkout
bench01-2026-10-01,2026-09-28,/tmp/opencode/markov-base01-build/markov-cero-solve,714ff78c14e1ad33b18eab26a2f6cd1235dfce5561a552c1d430fd548f3d8125,data/mittelmann/qap15.mps,mittelmann,MILP,train,1,warm,absent,1,300.0,,,,,,,,,,,,,,,,model_not_in_checkout
bench01-2026-10-01,2026-09-28,/tmp/opencode/markov-base01-build/markov-cero-solve,714ff78c14e1ad33b18eab26a2f6cd1235dfce5561a552c1d430fd548f3d8125,data/mittelmann/rail507.mps,mittelmann,MILP,train,1,warm,absent,1,300.0,,,,,,,,,,,,,,,,model_not_in_checkout
bench01-2026-10-01,2026-09-28,/tmp/opencode/markov-base01-build/markov-cero-solve,714ff78c14e1ad33b18eab26a2f6cd1235dfce5561a552c1d430fd548f3d8125,data/miplib/neos-3046615-murg.mps,miplib,MILP,train,1,warm,ok,1,300.0,300021.052,300017.255405,ResourceLimit,false,unverified,0,194,,14,13935,12644,1600.0,1600.0,not_checked,no primal vector in result,exit_code=5; stderr=markov-cero 0.5.2 ResourceLimit [MILP -> milp] NOT VERIFIED proof: tier=unverified status=not_requested budget_exhausted=false nodes=0 witness_values=0 build_ms=0 replay_ms=0
bench01-2026-10-01,2026-09-28,/tmp/opencode/markov-base01-build/markov-cero-solve,714ff78c14e1ad33b18eab26a2f6cd1235dfce5561a552c1d430fd548f3d8125,data/netlib/25fv47.mps,netlib,LP,train,1,warm,absent,1,60.0,,,,,,,,,,,,,,,,model_not_in_checkout
bench01-2026-10-01,2026-09-28,/tmp/opencode/markov-base01-build/markov-cero-solve,714ff78c14e1ad33b18eab26a2f6cd1235dfce5561a552c1d430fd548f3d8125,data/netlib/adlittle.mps,netlib,LP,train,1,warm,ok,1,60.0,306.047,303.374817,Optimal,true,optimality_witness_checked,225494.9631623804,225494.9631623804,0,1,625,5684,225494.96316238,3.7834979593753815e-10,pass,9.094947e-13,stderr=markov-cero 0.5.2 Optimal [LP -> primal] VERIFIED
bench01-2026-10-01,2026-09-28,/tmp/opencode/markov-base01-build/markov-cero-solve,714ff78c14e1ad33b18eab26a2f6cd1235dfce5561a552c1d430fd548f3d8125,data/netlib/afiro.mps,netlib,LP,train,1,warm,ok,1,60.0,11.534,9.300418,Optimal,true,optimality_witness_checked,-464.75314285714285,-464.75314285714285,0,1,55,5940,-464.753142857143,1.7053025658242404e-13,pass,4.263256e-14,stderr=markov-cero 0.5.2 Optimal [LP -> primal] VERIFIED
bench01-2026-10-01,2026-09-28,/tmp/opencode/markov-base01-build/markov-cero-solve,714ff78c14e1ad33b18eab26a2f6cd1235dfce5561a552c1d430fd548f3d8125,data/netlib/agg.mps,netlib,LP,train,1,warm,absent,1,60.0,,,,,,,,,,,,,,,,model_not_in_checkout
bench01-2026-10-01,2026-09-28,/tmp/opencode/markov-base01-build/markov-cero-solve,714ff78c14e1ad33b18eab26a2f6cd1235dfce5561a552c1d430fd548f3d8125,data/netlib/agg2.mps,netlib,LP,train,1,warm,absent,1,60.0,,,,,,,,,,,,,,,,model_not_in_checkout
bench01-2026-10-01,2026-09-28,/tmp/opencode/markov-base01-build/markov-cero-solve,714ff78c14e1ad33b18eab26a2f6cd1235dfce5561a552c1d430fd548f3d8125,data/netlib/agg3.mps,netlib,LP,train,1,warm,absent,1,60.0,,,,,,,,,,,,,,,,model_not_in_checkout
bench01-2026-10-01,2026-09-28,/tmp/opencode/markov-base01-build/markov-cero-solve,714ff78c14e1ad33b18eab26a2f6cd1235dfce5561a552c1d430fd548f3d8125,data/netlib/blend.mps,netlib,LP,train,1,warm,ok,1,60.0,354.011,351.764949,Optimal,true,optimality_witness_checked,-30.812149845828245,-30.812149845828245,0,1,547,6436,,,pass,2.842171e-14,stderr=markov-cero 0.5.2 Optimal [LP -> primal] VERIFIED
bench01-2026-10-01,2026-09-28,/tmp/opencode/markov-base01-build/markov-cero-solve,714ff78c14e1ad33b18eab26a2f6cd1235dfce5561a552c1d430fd548f3d8125,data/netlib/bnl1.mps,netlib,LP,train,1,warm,absent,1,60.0,,,,,,,,,,,,,,,,model_not_in_checkout
bench01-2026-10-01,2026-09-28,/tmp/opencode/markov-base01-build/markov-cero-solve,714ff78c14e1ad33b18eab26a2f6cd1235dfce5561a552c1d430fd548f3d8125,data/netlib/boeing1.mps,netlib,LP,train,1,warm,absent,1,60.0,,,,,,,,,,,,,,,,model_not_in_checkout
bench01-2026-10-01,2026-09-28,/tmp/opencode/markov-base01-build/markov-cero-solve,714ff78c14e1ad33b18eab26a2f6cd1235dfce5561a552c1d430fd548f3d8125,data/netlib/cycle.mps,netlib,LP,train,1,warm,absent,1,60.0,,,,,,,,,,,,,,,,model_not_in_checkout
bench01-2026-10-01,2026-09-28,/tmp/opencode/markov-base01-build/markov-cero-solve,714ff78c14e1ad33b18eab26a2f6cd1235dfce5561a552c1d430fd548f3d8125,data/netlib/czprob.mps,netlib,LP,train,1,warm,absent,1,60.0,,,,,,,,,,,,,,,,model_not_in_checkout
bench01-2026-10-01,2026-09-28,/tmp/opencode/markov-base01-build/markov-cero-solve,714ff78c14e1ad33b18eab26a2f6cd1235dfce5561a552c1d430fd548f3d8125,data/netlib/d2q06c.mps,netlib,LP,train,1,warm,absent,1,60.0,,,,,,,,,,,,,,,,model_not_in_checkout
bench01-2026-10-01,2026-09-28,/tmp/opencode/markov-base01-build/markov-cero-solve,714ff78c14e1ad33b18eab26a2f6cd1235dfce5561a552c1d430fd548f3d8125,data/netlib/d6cube.mps,netlib,LP,train,1,warm,absent,1,60.0,,,,,,,,,,,,,,,,model_not_in_checkout
bench01-2026-10-01,2026-09-28,/tmp/opencode/markov-base01-build/markov-cero-solve,714ff78c14e1ad33b18eab26a2f6cd1235dfce5561a552c1d430fd548f3d8125,data/netlib/degen2.mps,netlib,LP,train,1,warm,absent,1,60.0,,,,,,,,,,,,,,,,model_not_in_checkout
bench01-2026-10-01,2026-09-28,/tmp/opencode/markov-base01-build/markov-cero-solve,714ff78c14e1ad33b18eab26a2f6cd1235dfce5561a552c1d430fd548f3d8125,data/netlib/degen3.mps,netlib,LP,train,1,warm,absent,1,60.0,,,,,,,,,,,,,,,,model_not_in_checkout
bench01-2026-10-01,2026-09-28,/tmp/opencode/markov-base01-build/markov-cero-solve,714ff78c14e1ad33b18eab26a2f6cd1235dfce5561a552c1d430fd548f3d8125,data/netlib/dfl001.mps,netlib,LP,train,1,warm,absent,1,60.0,,,,,,,,,,,,,,,,model_not_in_checkout
bench01-2026-10-01,2026-09-28,/tmp/opencode/markov-base01-build/markov-cero-solve,714ff78c14e1ad33b18eab26a2f6cd1235dfce5561a552c1d430fd548f3d8125,data/netlib/fffff800.mps,netlib,LP,train,1,warm,absent,1,60.0,,,,,,,,,,,,,,,,model_not_in_checkout
bench01-2026-10-01,2026-09-28,/tmp/opencode/markov-base01-build/markov-cero-solve,714ff78c14e1ad33b18eab26a2f6cd1235dfce5561a552c1d430fd548f3d8125,data/netlib/finnis.mps,netlib,LP,train,1,warm,absent,1,60.0,,,,,,,,,,,,,,,,model_not_in_checkout
bench01-2026-10-01,2026-09-28,/tmp/opencode/markov-base01-build/markov-cero-solve,714ff78c14e1ad33b18eab26a2f6cd1235dfce5561a552c1d430fd548f3d8125,data/netlib/fit1d.mps,netlib,LP,train,1,warm,absent,1,60.0,,,,,,,,,,,,,,,,model_not_in_checkout
bench01-2026-10-01,2026-09-28,/tmp/opencode/markov-base01-build/markov-cero-solve,714ff78c14e1ad33b18eab26a2f6cd1235dfce5561a552c1d430fd548f3d8125,data/netlib/fit1p.mps,netlib,LP,train,1,warm,absent,1,60.0,,,,,,,,,,,,,,,,model_not_in_checkout
bench01-2026-10-01,2026-09-28,/tmp/opencode/markov-base01-build/markov-cero-solve,714ff78c14e1ad33b18eab26a2f6cd1235dfce5561a552c1d430fd548f3d8125,data/netlib/fit2d.mps,netlib,LP,train,1,warm,absent,1,60.0,,,,,,,,,,,,,,,,model_not_in_checkout
bench01-2026-10-01,2026-09-28,/tmp/opencode/markov-base01-build/markov-cero-solve,714ff78c14e1ad33b18eab26a2f6cd1235dfce5561a552c1d430fd548f3d8125,data/netlib/greenbea.mps,netlib,LP,train,1,warm,absent,1,60.0,,,,,,,,,,,,,,,,model_not_in_checkout
bench01-2026-10-01,2026-09-28,/tmp/opencode/markov-base01-build/markov-cero-solve,714ff78c14e1ad33b18eab26a2f6cd1235dfce5561a552c1d430fd548f3d8125,data/netlib/grow15.mps,netlib,LP,train,1,warm,absent,1,60.0,,,,,,,,,,,,,,,,model_not_in_checkout
bench01-2026-10-01,2026-09-28,/tmp/opencode/markov-base01-build/markov-cero-solve,714ff78c14e1ad33b18eab26a2f6cd1235dfce5561a552c1d430fd548f3d8125,data/netlib/grow22.mps,netlib,LP,train,1,warm,absent,1,60.0,,,,,,,,,,,,,,,,model_not_in_checkout
bench01-2026-10-01,2026-09-28,/tmp/opencode/markov-base01-build/markov-cero-solve,714ff78c14e1ad33b18eab26a2f6cd1235dfce5561a552c1d430fd548f3d8125,data/netlib/grow7.mps,netlib,LP,train,1,warm,ok,1,60.0,10.764,8.437677,InvalidModel,false,unverified,0,,,0,0,4680,,,not_checked,no primal vector in result,exit_code=3; stderr=markov-cero 0.5.2 InvalidModel [LP -> auto] NOT VERIFIED
bench01-2026-10-01,2026-09-28,/tmp/opencode/markov-base01-build/markov-cero-solve,714ff78c14e1ad33b18eab26a2f6cd1235dfce5561a552c1d430fd548f3d8125,data/netlib/lotfi.mps,netlib,LP,train,1,warm,ok,1,60.0,1050.519,1047.191609,Optimal,true,optimality_witness_checked,-25.26470606188001,-25.26470606188001,0,1,1166,6560,,,pass,9.313226e-10,stderr=markov-cero 0.5.2 Optimal [LP -> primal] VERIFIED
bench01-2026-10-01,2026-09-28,/tmp/opencode/markov-base01-build/markov-cero-solve,714ff78c14e1ad33b18eab26a2f6cd1235dfce5561a552c1d430fd548f3d8125,data/netlib/maros-r7.mps,netlib,LP,train,1,warm,absent,1,60.0,,,,,,,,,,,,,,,,model_not_in_checkout
bench01-2026-10-01,2026-09-28,/tmp/opencode/markov-base01-build/markov-cero-solve,714ff78c14e1ad33b18eab26a2f6cd1235dfce5561a552c1d430fd548f3d8125,data/netlib/modszk1.mps,netlib,LP,train,1,warm,absent,1,60.0,,,,,,,,,,,,,,,,model_not_in_checkout
bench01-2026-10-01,2026-09-28,/tmp/opencode/markov-base01-build/markov-cero-solve,714ff78c14e1ad33b18eab26a2f6cd1235dfce5561a552c1d430fd548f3d8125,data/netlib/nesm.mps,netlib,LP,train,1,warm,absent,1,60.0,,,,,,,,,,,,,,,,model_not_in_checkout
bench01-2026-10-01,2026-09-28,/tmp/opencode/markov-base01-build/markov-cero-solve,714ff78c14e1ad33b18eab26a2f6cd1235dfce5561a552c1d430fd548f3d8125,data/netlib/perold.mps,netlib,LP,train,1,warm,absent,1,60.0,,,,,,,,,,,,,,,,model_not_in_checkout
bench01-2026-10-01,2026-09-28,/tmp/opencode/markov-base01-build/markov-cero-solve,714ff78c14e1ad33b18eab26a2f6cd1235dfce5561a552c1d430fd548f3d8125,data/netlib/pilot.ja.mps,netlib,LP,train,1,warm,absent,1,60.0,,,,,,,,,,,,,,,,model_not_in_checkout
bench01-2026-10-01,2026-09-28,/tmp/opencode/markov-base01-build/markov-cero-solve,714ff78c14e1ad33b18eab26a2f6cd1235dfce5561a552c1d430fd548f3d8125,data/netlib/pilot.mps,netlib,LP,train,1,warm,absent,1,60.0,,,,,,,,,,,,,,,,model_not_in_checkout
bench01-2026-10-01,2026-09-28,/tmp/opencode/markov-base01-build/markov-cero-solve,714ff78c14e1ad33b18eab26a2f6cd1235dfce5561a552c1d430fd548f3d8125,data/netlib/pilot4.mps,netlib,LP,train,1,warm,absent,1,60.0,,,,,,,,,,,,,,,,model_not_in_checkout
bench01-2026-10-01,2026-09-28,/tmp/opencode/markov-base01-build/markov-cero-solve,714ff78c14e1ad33b18eab26a2f6cd1235dfce5561a552c1d430fd548f3d8125,data/netlib/pilot87.mps,netlib,LP,train,1,warm,absent,1,60.0,,,,,,,,,,,,,,,,model_not_in_checkout
bench01-2026-10-01,2026-09-28,/tmp/opencode/markov-base01-build/markov-cero-solve,714ff78c14e1ad33b18eab26a2f6cd1235dfce5561a552c1d430fd548f3d8125,data/netlib/pilotnov.mps,netlib,LP,train,1,warm,absent,1,60.0,,,,,,,,,,,,,,,,model_not_in_checkout
bench01-2026-10-01,2026-09-28,/tmp/opencode/markov-base01-build/markov-cero-solve,714ff78c14e1ad33b18eab26a2f6cd1235dfce5561a552c1d430fd548f3d8125,data/netlib/qap12.mps,netlib,LP,train,1,warm,absent,1,60.0,,,,,,,,,,,,,,,,model_not_in_checkout
bench01-2026-10-01,2026-09-28,/tmp/opencode/markov-base01-build/markov-cero-solve,714ff78c14e1ad33b18eab26a2f6cd1235dfce5561a552c1d430fd548f3d8125,data/netlib/qap15.mps,netlib,LP,train,1,warm,absent,1,60.0,,,,,,,,,,,,,,,,model_not_in_checkout
bench01-2026-10-01,2026-09-28,/tmp/opencode/markov-base01-build/markov-cero-solve,714ff78c14e1ad33b18eab26a2f6cd1235dfce5561a552c1d430fd548f3d8125,data/netlib/qap8.mps,netlib,LP,train,1,warm,absent,1,60.0,,,,,,,,,,,,,,,,model_not_in_checkout
bench01-2026-10-01,2026-09-28,/tmp/opencode/markov-base01-build/markov-cero-solve,714ff78c14e1ad33b18eab26a2f6cd1235dfce5561a552c1d430fd548f3d8125,data/netlib/recipe.mps,netlib,LP,train,1,warm,ok,1,60.0,105.891,102.98228,Optimal,true,optimality_witness_checked,-266.616,-266.616,0,1,211,6376,-266.616,0.0,pass,0.000000e+00,stderr=markov-cero 0.5.2 Optimal [LP -> primal] VERIFIED
bench01-2026-10-01,2026-09-28,/tmp/opencode/markov-base01-build/markov-cero-solve,714ff78c14e1ad33b18eab26a2f6cd1235dfce5561a552c1d430fd548f3d8125,data/netlib/sc105.mps,netlib,LP,train,1,warm,ok,1,60.0,149.343,146.723111,Optimal,true,optimality_witness_checked,-52.20206121170726,-52.20206121170726,0,1,256,6228,-52.202061211707,2.6290081223123707e-13,pass,5.684342e-14,stderr=markov-cero 0.5.2 Optimal [LP -> primal] VERIFIED
bench01-2026-10-01,2026-09-28,/tmp/opencode/markov-base01-build/markov-cero-solve,714ff78c14e1ad33b18eab26a2f6cd1235dfce5561a552c1d430fd548f3d8125,data/netlib/sc205.mps,netlib,LP,train,1,warm,ok,1,60.0,10555.663,10552.311252,Optimal,true,optimality_witness_checked,-52.20206121170727,-52.20206121170727,0,1,4417,6496,-52.202061211707,2.7000623958883807e-13,pass,1.136868e-13,stderr=markov-cero 0.5.2 Optimal [LP -> primal] VERIFIED
bench01-2026-10-01,2026-09-28,/tmp/opencode/markov-base01-build/markov-cero-solve,714ff78c14e1ad33b18eab26a2f6cd1235dfce5561a552c1d430fd548f3d8125,data/netlib/sc50b.mps,netlib,LP,train,1,warm,ok,1,60.0,16.461,13.966517,Optimal,true,optimality_witness_checked,-70.00000000000001,-70.00000000000001,0,1,48,5868,-70.0,1.4210854715202004e-14,pass,5.684342e-14,stderr=markov-cero 0.5.2 Optimal [LP -> primal] VERIFIED
bench01-2026-10-01,2026-09-28,/tmp/opencode/markov-base01-build/markov-cero-solve,714ff78c14e1ad33b18eab26a2f6cd1235dfce5561a552c1d430fd548f3d8125,data/netlib/scagr7.mps,netlib,LP,train,1,warm,ok,1,60.0,266.378,263.131735,Optimal,true,optimality_witness_checked,-2331389.8243309837,-2331389.8243309837,0,1,411,5912,-2331389.82433098,3.725290298461914e-09,pass,2.728484e-12,stderr=markov-cero 0.5.2 Optimal [LP -> primal] VERIFIED
bench01-2026-10-01,2026-09-28,/tmp/opencode/markov-base01-build/markov-cero-solve,714ff78c14e1ad33b18eab26a2f6cd1235dfce5561a552c1d430fd548f3d8125,data/netlib/scfxm1.mps,netlib,LP,train,1,warm,ok,1,60.0,6569.97,6564.307901,Optimal,true,optimality_witness_checked,18416.75902834893,18416.75902834893,0,1,127,9132,,,pass,1.091394e-11,stderr=markov-cero 0.5.2 Optimal [LP -> primal] VERIFIED
bench01-2026-10-01,2026-09-28,/tmp/opencode/markov-base01-build/markov-cero-solve,714ff78c14e1ad33b18eab26a2f6cd1235dfce5561a552c1d430fd548f3d8125,data/netlib/scfxm2.mps,netlib,LP,train,1,warm,absent,1,60.0,,,,,,,,,,,,,,,,model_not_in_checkout
bench01-2026-10-01,2026-09-28,/tmp/opencode/markov-base01-build/markov-cero-solve,714ff78c14e1ad33b18eab26a2f6cd1235dfce5561a552c1d430fd548f3d8125,data/netlib/scfxm3.mps,netlib,LP,train,1,warm,absent,1,60.0,,,,,,,,,,,,,,,,model_not_in_checkout
bench01-2026-10-01,2026-09-28,/tmp/opencode/markov-base01-build/markov-cero-solve,714ff78c14e1ad33b18eab26a2f6cd1235dfce5561a552c1d430fd548f3d8125,data/netlib/scorpion.mps,netlib,LP,train,1,warm,ok,1,60.0,1497.925,1494.245151,Optimal,true,optimality_witness_checked,1878.1248227381068,1878.1248227381068,0,1,487,7284,1878.1248227381,6.821210263296962e-12,pass,9.992007e-16,stderr=markov-cero 0.5.2 Optimal [LP -> primal] VERIFIED
bench01-2026-10-01,2026-09-28,/tmp/opencode/markov-base01-build/markov-cero-solve,714ff78c14e1ad33b18eab26a2f6cd1235dfce5561a552c1d430fd548f3d8125,data/netlib/scrs8.mps,netlib,LP,train,1,warm,absent,1,60.0,,,,,,,,,,,,,,,,model_not_in_checkout
bench01-2026-10-01,2026-09-28,/tmp/opencode/markov-base01-build/markov-cero-solve,714ff78c14e1ad33b18eab26a2f6cd1235dfce5561a552c1d430fd548f3d8125,data/netlib/scsd6.mps,netlib,LP,train,1,warm,ok,1,60.0,1415.324,1410.825305,NumericalFailure,false,unverified,50.50013320878034,,,0,0,8844,,,pass,1.186821e-10,exit_code=7; stderr=markov-cero 0.5.2 NumericalFailure [LP -> primal] NOT VERIFIED numerical_diagnostic: primal_residual=1.18682064176312e-10 dual_residual=0 complementarity_gap=0.00014605328332558884 condition_estimate=
bench01-2026-10-01,2026-09-28,/tmp/opencode/markov-base01-build/markov-cero-solve,714ff78c14e1ad33b18eab26a2f6cd1235dfce5561a552c1d430fd548f3d8125,data/netlib/scsd8.mps,netlib,LP,train,1,warm,absent,1,60.0,,,,,,,,,,,,,,,,model_not_in_checkout
bench01-2026-10-01,2026-09-28,/tmp/opencode/markov-base01-build/markov-cero-solve,714ff78c14e1ad33b18eab26a2f6cd1235dfce5561a552c1d430fd548f3d8125,data/netlib/sctap3.mps,netlib,LP,train,1,warm,absent,1,60.0,,,,,,,,,,,,,,,,model_not_in_checkout
bench01-2026-10-01,2026-09-28,/tmp/opencode/markov-base01-build/markov-cero-solve,714ff78c14e1ad33b18eab26a2f6cd1235dfce5561a552c1d430fd548f3d8125,data/netlib/seba.mps,netlib,LP,train,1,warm,absent,1,60.0,,,,,,,,,,,,,,,,model_not_in_checkout
bench01-2026-10-01,2026-09-28,/tmp/opencode/markov-base01-build/markov-cero-solve,714ff78c14e1ad33b18eab26a2f6cd1235dfce5561a552c1d430fd548f3d8125,data/netlib/ship04l.mps,netlib,LP,train,1,warm,absent,1,60.0,,,,,,,,,,,,,,,,model_not_in_checkout
bench01-2026-10-01,2026-09-28,/tmp/opencode/markov-base01-build/markov-cero-solve,714ff78c14e1ad33b18eab26a2f6cd1235dfce5561a552c1d430fd548f3d8125,data/netlib/ship08l.mps,netlib,LP,train,1,warm,absent,1,60.0,,,,,,,,,,,,,,,,model_not_in_checkout
bench01-2026-10-01,2026-09-28,/tmp/opencode/markov-base01-build/markov-cero-solve,714ff78c14e1ad33b18eab26a2f6cd1235dfce5561a552c1d430fd548f3d8125,data/netlib/ship08s.mps,netlib,LP,train,1,warm,absent,1,60.0,,,,,,,,,,,,,,,,model_not_in_checkout
bench01-2026-10-01,2026-09-28,/tmp/opencode/markov-base01-build/markov-cero-solve,714ff78c14e1ad33b18eab26a2f6cd1235dfce5561a552c1d430fd548f3d8125,data/netlib/ship12l.mps,netlib,LP,train,1,warm,absent,1,60.0,,,,,,,,,,,,,,,,model_not_in_checkout
bench01-2026-10-01,2026-09-28,/tmp/opencode/markov-base01-build/markov-cero-solve,714ff78c14e1ad33b18eab26a2f6cd1235dfce5561a552c1d430fd548f3d8125,data/netlib/sierra.mps,netlib,LP,train,1,warm,absent,1,60.0,,,,,,,,,,,,,,,,model_not_in_checkout
bench01-2026-10-01,2026-09-28,/tmp/opencode/markov-base01-build/markov-cero-solve,714ff78c14e1ad33b18eab26a2f6cd1235dfce5561a552c1d430fd548f3d8125,data/netlib/standgub.mps,netlib,LP,train,1,warm,absent,1,60.0,,,,,,,,,,,,,,,,model_not_in_checkout
bench01-2026-10-01,2026-09-28,/tmp/opencode/markov-base01-build/markov-cero-solve,714ff78c14e1ad33b18eab26a2f6cd1235dfce5561a552c1d430fd548f3d8125,data/netlib/standmps.mps,netlib,LP,train,1,warm,absent,1,60.0,,,,,,,,,,,,,,,,model_not_in_checkout
bench01-2026-10-01,2026-09-28,/tmp/opencode/markov-base01-build/markov-cero-solve,714ff78c14e1ad33b18eab26a2f6cd1235dfce5561a552c1d430fd548f3d8125,data/netlib/wood1p.mps,netlib,LP,train,1,warm,absent,1,60.0,,,,,,,,,,,,,,,,model_not_in_checkout
bench01-2026-10-01,2026-09-28,/tmp/opencode/markov-base01-build/markov-cero-solve,714ff78c14e1ad33b18eab26a2f6cd1235dfce5561a552c1d430fd548f3d8125,data/netlib/woodw.mps,netlib,LP,train,1,warm,absent,1,60.0,,,,,,,,,,,,,,,,model_not_in_checkout
bench01-2026-10-01,2026-09-28,/tmp/opencode/markov-base01-build/markov-cero-solve,714ff78c14e1ad33b18eab26a2f6cd1235dfce5561a552c1d430fd548f3d8125,data/qp/QPLIB_0001.mps,qplib,QP,train,1,warm,ok,1,60.0,2.312,0.535016,Optimal,true,optimality_witness_checked,-3.499999999991098,,,1,17,16,,,pass,0.000000e+00,stderr=markov-cero 0.5.2 Optimal [QP -> qp] VERIFIED
bench01-2026-10-01,2026-09-28,/tmp/opencode/markov-base01-build/markov-cero-solve,714ff78c14e1ad33b18eab26a2f6cd1235dfce5561a552c1d430fd548f3d8125,data/qp/QPLIB_0002.mps,qplib,QP,train,1,warm,ok,1,60.0,2.601,0.488248,Optimal,true,optimality_witness_checked,-2.10714709820743,,,1,23,148,,,pass,0.000000e+00,stderr=markov-cero 0.5.2 Optimal [QP -> qp] VERIFIED
bench01-2026-10-01,2026-09-28,/tmp/opencode/markov-base01-build/markov-cero-solve,714ff78c14e1ad33b18eab26a2f6cd1235dfce5561a552c1d430fd548f3d8125,data/qp/QPLIB_0010.mps,qplib,QP,train,1,warm,ok,1,60.0,3.284,1.07811,Optimal,true,optimality_witness_checked,-0.10334179412050311,,,1,27,5704,,,fail,1.280096e-06,stderr=markov-cero 0.5.2 Optimal [QP -> qp] VERIFIED; harness_feasibility_failure_solver_reported_verified
bench01-2026-10-01,2026-09-28,/tmp/opencode/markov-base01-build/markov-cero-solve,714ff78c14e1ad33b18eab26a2f6cd1235dfce5561a552c1d430fd548f3d8125,data/qp/QPLIB_0025.mps,qplib,QP,train,1,warm,ok,1,60.0,2.413,0.798686,Optimal,true,optimality_witness_checked,2681.000000219597,,,1,49,352,,,pass,3.124709e-07,stderr=markov-cero 0.5.2 Optimal [QP -> qp] VERIFIED
bench01-2026-10-01,2026-09-28,/tmp/opencode/markov-base01-build/markov-cero-solve,714ff78c14e1ad33b18eab26a2f6cd1235dfce5561a552c1d430fd548f3d8125,data/qp/QPLIB_8515.mps,qplib,QP,train,1,warm,absent,1,60.0,,,,,,,,,,,,,,,,model_not_in_checkout
bench01-2026-10-01,2026-09-28,/tmp/opencode/markov-base01-build/markov-cero-solve,714ff78c14e1ad33b18eab26a2f6cd1235dfce5561a552c1d430fd548f3d8125,data/qp/QPLIB_8559.mps,qplib,QP,train,1,warm,absent,1,60.0,,,,,,,,,,,,,,,,model_not_in_checkout
bench01-2026-10-01,2026-09-28,/tmp/opencode/markov-base01-build/markov-cero-solve,714ff78c14e1ad33b18eab26a2f6cd1235dfce5561a552c1d430fd548f3d8125,data/qp/QPLIB_8567.mps,qplib,QP,train,1,warm,absent,1,60.0,,,,,,,,,,,,,,,,model_not_in_checkout
bench01-2026-10-01,2026-09-28,/tmp/opencode/markov-base01-build/markov-cero-solve,714ff78c14e1ad33b18eab26a2f6cd1235dfce5561a552c1d430fd548f3d8125,data/qp/QPLIB_8602.mps,qplib,QP,train,1,warm,absent,1,60.0,,,,,,,,,,,,,,,,model_not_in_checkout
bench01-2026-10-01,2026-09-28,/tmp/opencode/markov-base01-build/markov-cero-solve,714ff78c14e1ad33b18eab26a2f6cd1235dfce5561a552c1d430fd548f3d8125,data/qp/QPLIB_8616.mps,qplib,QP,train,1,warm,absent,1,60.0,,,,,,,,,,,,,,,,model_not_in_checkout
bench01-2026-10-01,2026-09-28,/tmp/opencode/markov-base01-build/markov-cero-solve,714ff78c14e1ad33b18eab26a2f6cd1235dfce5561a552c1d430fd548f3d8125,data/qp/QPLIB_8785.mps,qplib,QP,train,1,warm,absent,1,60.0,,,,,,,,,,,,,,,,model_not_in_checkout
bench01-2026-10-01,2026-09-28,/tmp/opencode/markov-base01-build/markov-cero-solve,714ff78c14e1ad33b18eab26a2f6cd1235dfce5561a552c1d430fd548f3d8125,data/qp/QPLIB_8790.mps,qplib,QP,train,1,warm,absent,1,60.0,,,,,,,,,,,,,,,,model_not_in_checkout
bench01-2026-10-01,2026-09-28,/tmp/opencode/markov-base01-build/markov-cero-solve,714ff78c14e1ad33b18eab26a2f6cd1235dfce5561a552c1d430fd548f3d8125,data/qp/QPLIB_8792.mps,qplib,QP,train,1,warm,absent,1,60.0,,,,,,,,,,,,,,,,model_not_in_checkout
bench01-2026-10-01,2026-09-28,/tmp/opencode/markov-base01-build/markov-cero-solve,714ff78c14e1ad33b18eab26a2f6cd1235dfce5561a552c1d430fd548f3d8125,data/qp/QPLIB_8845.mps,qplib,QP,train,1,warm,absent,1,60.0,,,,,,,,,,,,,,,,model_not_in_checkout
bench01-2026-10-01,2026-09-28,/tmp/opencode/markov-base01-build/markov-cero-solve,714ff78c14e1ad33b18eab26a2f6cd1235dfce5561a552c1d430fd548f3d8125,data/qp/QPLIB_8938.mps,qplib,QP,train,1,warm,absent,1,60.0,,,,,,,,,,,,,,,,model_not_in_checkout
bench01-2026-10-01,2026-09-28,/tmp/opencode/markov-base01-build/markov-cero-solve,714ff78c14e1ad33b18eab26a2f6cd1235dfce5561a552c1d430fd548f3d8125,data/qp/QPLIB_8991.mps,qplib,QP,train,1,warm,absent,1,60.0,,,,,,,,,,,,,,,,model_not_in_checkout
bench01-2026-10-01,2026-09-28,/tmp/opencode/markov-base01-build/markov-cero-solve,714ff78c14e1ad33b18eab26a2f6cd1235dfce5561a552c1d430fd548f3d8125,data/miplib/timtab1.mps,miplib,MILP,train,1,warm,ok,1,300.0,300007.422,300004.562213,ResourceLimit,false,unverified,0,76793,,114,92416,11348,764771.99999978,764771.99999978,not_checked,no primal vector in result,exit_code=5; stderr=markov-cero 0.5.2 ResourceLimit [MILP -> milp] NOT VERIFIED proof: tier=unverified status=not_requested budget_exhausted=false nodes=0 witness_values=0 build_ms=0 replay_ms=0
bench01-2026-10-01,2026-09-28,/tmp/opencode/markov-base01-build/markov-cero-solve,714ff78c14e1ad33b18eab26a2f6cd1235dfce5561a552c1d430fd548f3d8125,data/mittelmann/markshare_5_0.mps,mittelmann,MILP,train,1,warm,ok,1,300.0,300022.602,300019.172798,ResourceLimit,false,unverified,0,0,1,2581,497342,39712,,,not_checked,no primal vector in result,exit_code=5; stderr=markov-cero 0.5.2 ResourceLimit [MILP -> milp] NOT VERIFIED proof: tier=unverified status=not_requested budget_exhausted=false nodes=0 witness_values=0 build_ms=0 replay_ms=0
bench01-2026-10-01,2026-09-28,/tmp/opencode/markov-base01-build/markov-cero-solve,714ff78c14e1ad33b18eab26a2f6cd1235dfce5561a552c1d430fd548f3d8125,data/mittelmann/ran14x18_1.mps,mittelmann,MILP,train,1,warm,ok,1,300.0,300008.498,300006.258739,ResourceLimit,false,unverified,0,3077.938427128427,0.2806874439989654,129,130409,12016,,,not_checked,no primal vector in result,exit_code=5; stderr=markov-cero 0.5.2 ResourceLimit [MILP -> milp] NOT VERIFIED proof: tier=unverified status=not_requested budget_exhausted=false nodes=0 witness_values=0 build_ms=0 replay_ms=0
bench01-2026-10-01,2026-09-28,/tmp/opencode/markov-base01-build/markov-cero-solve,714ff78c14e1ad33b18eab26a2f6cd1235dfce5561a552c1d430fd548f3d8125,data/miplib/b1c1s1.mps,miplib,MILP,holdout,2,warm,absent,1,300.0,,,,,,,,,,,,,,,,model_not_in_checkout
bench01-2026-10-01,2026-09-28,/tmp/opencode/markov-base01-build/markov-cero-solve,714ff78c14e1ad33b18eab26a2f6cd1235dfce5561a552c1d430fd548f3d8125,data/miplib/fastxgemm-n2r6s0t2.mps,miplib,MILP,holdout,2,warm,absent,1,300.0,,,,,,,,,,,,,,,,model_not_in_checkout
bench01-2026-10-01,2026-09-28,/tmp/opencode/markov-base01-build/markov-cero-solve,714ff78c14e1ad33b18eab26a2f6cd1235dfce5561a552c1d430fd548f3d8125,data/miplib/gmu-35-50.mps,miplib,MILP,holdout,2,warm,absent,1,300.0,,,,,,,,,,,,,,,,model_not_in_checkout
bench01-2026-10-01,2026-09-28,/tmp/opencode/markov-base01-build/markov-cero-solve,714ff78c14e1ad33b18eab26a2f6cd1235dfce5561a552c1d430fd548f3d8125,data/miplib/graphdraw-domain.mps,miplib,MILP,holdout,2,warm,absent,1,300.0,,,,,,,,,,,,,,,,model_not_in_checkout
bench01-2026-10-01,2026-09-28,/tmp/opencode/markov-base01-build/markov-cero-solve,714ff78c14e1ad33b18eab26a2f6cd1235dfce5561a552c1d430fd548f3d8125,data/miplib/lotsize.mps,miplib,MILP,holdout,2,warm,absent,1,300.0,,,,,,,,,,,,,,,,model_not_in_checkout
bench01-2026-10-01,2026-09-28,/tmp/opencode/markov-base01-build/markov-cero-solve,714ff78c14e1ad33b18eab26a2f6cd1235dfce5561a552c1d430fd548f3d8125,data/miplib/neos-1171448.mps,miplib,MILP,holdout,2,warm,absent,1,300.0,,,,,,,,,,,,,,,,model_not_in_checkout
bench01-2026-10-01,2026-09-28,/tmp/opencode/markov-base01-build/markov-cero-solve,714ff78c14e1ad33b18eab26a2f6cd1235dfce5561a552c1d430fd548f3d8125,data/cases/capitanescu_dc_opf.mps,cases,MILP,holdout,2,warm,hash_mismatch,1,300.0,,,,,,,,,,,,,,,,model_sha256_disagrees
bench01-2026-10-01,2026-09-28,/tmp/opencode/markov-base01-build/markov-cero-solve,714ff78c14e1ad33b18eab26a2f6cd1235dfce5561a552c1d430fd548f3d8125,data/miplib/neos-4954672-berkel.mps,miplib,MILP,holdout,2,warm,absent,1,300.0,,,,,,,,,,,,,,,,model_not_in_checkout
bench01-2026-10-01,2026-09-28,/tmp/opencode/markov-base01-build/markov-cero-solve,714ff78c14e1ad33b18eab26a2f6cd1235dfce5561a552c1d430fd548f3d8125,data/cases/pochet_lot_sizing.mps,cases,MILP,holdout,2,warm,hash_mismatch,1,300.0,,,,,,,,,,,,,,,,model_sha256_disagrees
bench01-2026-10-01,2026-09-28,/tmp/opencode/markov-base01-build/markov-cero-solve,714ff78c14e1ad33b18eab26a2f6cd1235dfce5561a552c1d430fd548f3d8125,data/miplib/rococoC10-001000.mps,miplib,MILP,holdout,2,warm,absent,1,300.0,,,,,,,,,,,,,,,,model_not_in_checkout
bench01-2026-10-01,2026-09-28,/tmp/opencode/markov-base01-build/markov-cero-solve,714ff78c14e1ad33b18eab26a2f6cd1235dfce5561a552c1d430fd548f3d8125,data/miplib/supportcase18.mps,miplib,MILP,holdout,2,warm,absent,1,300.0,,,,,,,,,,,,,,,,model_not_in_checkout
bench01-2026-10-01,2026-09-28,/tmp/opencode/markov-base01-build/markov-cero-solve,714ff78c14e1ad33b18eab26a2f6cd1235dfce5561a552c1d430fd548f3d8125,data/miplib/swath1.mps,miplib,MILP,holdout,2,warm,absent,1,300.0,,,,,,,,,,,,,,,,model_not_in_checkout
bench01-2026-10-01,2026-09-28,/tmp/opencode/markov-base01-build/markov-cero-solve,714ff78c14e1ad33b18eab26a2f6cd1235dfce5561a552c1d430fd548f3d8125,data/miplib/traininstance2.mps,miplib,MILP,holdout,2,warm,absent,1,300.0,,,,,,,,,,,,,,,,model_not_in_checkout
bench01-2026-10-01,2026-09-28,/tmp/opencode/markov-base01-build/markov-cero-solve,714ff78c14e1ad33b18eab26a2f6cd1235dfce5561a552c1d430fd548f3d8125,data/mittelmann/air05.mps,mittelmann,MILP,holdout,2,warm,absent,1,300.0,,,,,,,,,,,,,,,,model_not_in_checkout
bench01-2026-10-01,2026-09-28,/tmp/opencode/markov-base01-build/markov-cero-solve,714ff78c14e1ad33b18eab26a2f6cd1235dfce5561a552c1d430fd548f3d8125,data/mittelmann/bienst1.mps,mittelmann,MILP,holdout,2,warm,absent,1,300.0,,,,,,,,,,,,,,,,model_not_in_checkout
bench01-2026-10-01,2026-09-28,/tmp/opencode/markov-base01-build/markov-cero-solve,714ff78c14e1ad33b18eab26a2f6cd1235dfce5561a552c1d430fd548f3d8125,data/mittelmann/rail516.mps,mittelmann,MILP,holdout,2,warm,absent,1,300.0,,,,,,,,,,,,,,,,model_not_in_checkout
bench01-2026-10-01,2026-09-28,/tmp/opencode/markov-base01-build/markov-cero-solve,714ff78c14e1ad33b18eab26a2f6cd1235dfce5561a552c1d430fd548f3d8125,data/mittelmann/rail582.mps,mittelmann,MILP,holdout,2,warm,absent,1,300.0,,,,,,,,,,,,,,,,model_not_in_checkout
bench01-2026-10-01,2026-09-28,/tmp/opencode/markov-base01-build/markov-cero-solve,714ff78c14e1ad33b18eab26a2f6cd1235dfce5561a552c1d430fd548f3d8125,data/miplib/neos-5107597-kakapo.mps,miplib,MILP,holdout,2,warm,absent,1,300.0,,,,,,,,,,,,,,,,model_not_in_checkout
bench01-2026-10-01,2026-09-28,/tmp/opencode/markov-base01-build/markov-cero-solve,714ff78c14e1ad33b18eab26a2f6cd1235dfce5561a552c1d430fd548f3d8125,data/netlib/bore3d.mps,netlib,LP,holdout,2,warm,ok,1,60.0,1542.307,1539.748036,NumericalFailure,false,unverified,1373.0804138468477,,,0,319,8060,,,not_checked,primal and variable_names differ in length,exit_code=7; stderr=markov-cero 0.5.2 NumericalFailure [LP -> primal] NOT VERIFIED numerical_diagnostic: primal_residual=4.3338091466345384e-09 dual_residual=4.8783501746014274e-11 complementarity_gap=0.00185362991938647
bench01-2026-10-01,2026-09-28,/tmp/opencode/markov-base01-build/markov-cero-solve,714ff78c14e1ad33b18eab26a2f6cd1235dfce5561a552c1d430fd548f3d8125,data/netlib/e226.mps,netlib,LP,holdout,2,warm,ok,1,60.0,13.277,10.955058,InvalidModel,false,unverified,0,,,0,0,4720,,,not_checked,no primal vector in result,exit_code=3; stderr=markov-cero 0.5.2 InvalidModel [LP -> auto] NOT VERIFIED
bench01-2026-10-01,2026-09-28,/tmp/opencode/markov-base01-build/markov-cero-solve,714ff78c14e1ad33b18eab26a2f6cd1235dfce5561a552c1d430fd548f3d8125,data/netlib/brandy.mps,netlib,LP,holdout,2,warm,ok,1,60.0,6705.29,6702.356273,Optimal,true,optimality_witness_checked,1518.509896488128,1518.509896488128,0,1,612,8268,,,pass,6.821210e-13,stderr=markov-cero 0.5.2 Optimal [LP -> primal] VERIFIED
bench01-2026-10-01,2026-09-28,/tmp/opencode/markov-base01-build/markov-cero-solve,714ff78c14e1ad33b18eab26a2f6cd1235dfce5561a552c1d430fd548f3d8125,data/netlib/greenbeb.mps,netlib,LP,holdout,2,warm,absent,1,60.0,,,,,,,,,,,,,,,,model_not_in_checkout
bench01-2026-10-01,2026-09-28,/tmp/opencode/markov-base01-build/markov-cero-solve,714ff78c14e1ad33b18eab26a2f6cd1235dfce5561a552c1d430fd548f3d8125,data/netlib/pilot.we.mps,netlib,LP,holdout,2,warm,absent,1,60.0,,,,,,,,,,,,,,,,model_not_in_checkout
bench01-2026-10-01,2026-09-28,/tmp/opencode/markov-base01-build/markov-cero-solve,714ff78c14e1ad33b18eab26a2f6cd1235dfce5561a552c1d430fd548f3d8125,data/netlib/sc50a.mps,netlib,LP,holdout,2,warm,ok,1,60.0,18.353,15.786966,Optimal,true,optimality_witness_checked,-64.57507705856453,-64.57507705856453,0,1,54,5852,-64.575077058564,5.258016244624741e-13,pass,2.842171e-14,stderr=markov-cero 0.5.2 Optimal [LP -> primal] VERIFIED
bench01-2026-10-01,2026-09-28,/tmp/opencode/markov-base01-build/markov-cero-solve,714ff78c14e1ad33b18eab26a2f6cd1235dfce5561a552c1d430fd548f3d8125,data/netlib/scagr25.mps,netlib,LP,holdout,2,warm,ok,1,60.0,9685.692,9680.154042,Optimal,true,optimality_witness_checked,-14753433.06076852,-14753433.06076852,0,1,3204,7276,,,pass,1.818989e-12,stderr=markov-cero 0.5.2 Optimal [LP -> primal] VERIFIED
bench01-2026-10-01,2026-09-28,/tmp/opencode/markov-base01-build/markov-cero-solve,714ff78c14e1ad33b18eab26a2f6cd1235dfce5561a552c1d430fd548f3d8125,data/netlib/sctap2.mps,netlib,LP,holdout,2,warm,absent,1,60.0,,,,,,,,,,,,,,,,model_not_in_checkout
bench01-2026-10-01,2026-09-28,/tmp/opencode/markov-base01-build/markov-cero-solve,714ff78c14e1ad33b18eab26a2f6cd1235dfce5561a552c1d430fd548f3d8125,data/miplib/neos-3754480-nidda.mps,miplib,MILP,holdout,2,warm,ok,1,300.0,17122.904,17120.727833,NumericalFailure,false,unverified,0,,,1,794,8016,12939.7540104743,12939.7540104743,not_checked,no primal vector in result,exit_code=7; stderr=markov-cero 0.5.2 NumericalFailure [MILP -> milp] NOT VERIFIED proof: tier=unverified status=not_requested budget_exhausted=false nodes=0 witness_values=0 build_ms=0 replay_ms=0 numerical_diagnostic: 
bench01-2026-10-01,2026-09-28,/tmp/opencode/markov-base01-build/markov-cero-solve,714ff78c14e1ad33b18eab26a2f6cd1235dfce5561a552c1d430fd548f3d8125,data/netlib/share1b.mps,netlib,LP,holdout,2,warm,ok,1,60.0,1071.263,1068.060883,Optimal,true,optimality_witness_checked,-76589.31857918539,-76589.31857918539,0,1,1266,6528,-76589.3185791855,1.1641532182693481e-10,pass,5.067908e-10,stderr=markov-cero 0.5.2 Optimal [LP -> primal] VERIFIED
bench01-2026-10-01,2026-09-28,/tmp/opencode/markov-base01-build/markov-cero-solve,714ff78c14e1ad33b18eab26a2f6cd1235dfce5561a552c1d430fd548f3d8125,data/netlib/shell.mps,netlib,LP,holdout,2,warm,absent,1,60.0,,,,,,,,,,,,,,,,model_not_in_checkout
bench01-2026-10-01,2026-09-28,/tmp/opencode/markov-base01-build/markov-cero-solve,714ff78c14e1ad33b18eab26a2f6cd1235dfce5561a552c1d430fd548f3d8125,data/netlib/stair.mps,netlib,LP,holdout,2,warm,absent,1,60.0,,,,,,,,,,,,,,,,model_not_in_checkout
bench01-2026-10-01,2026-09-28,/tmp/opencode/markov-base01-build/markov-cero-solve,714ff78c14e1ad33b18eab26a2f6cd1235dfce5561a552c1d430fd548f3d8125,data/netlib/share2b.mps,netlib,LP,holdout,2,warm,ok,1,60.0,378.061,370.58519,Optimal,true,optimality_witness_checked,-415.7322407414181,-415.7322407414181,0,1,473,6008,-415.732240741418,5.684341886080802e-14,pass,9.094947e-13,stderr=markov-cero 0.5.2 Optimal [LP -> primal] VERIFIED
bench01-2026-10-01,2026-09-28,/tmp/opencode/markov-base01-build/markov-cero-solve,714ff78c14e1ad33b18eab26a2f6cd1235dfce5561a552c1d430fd548f3d8125,data/netlib/stocfor3.mps,netlib,LP,holdout,2,warm,absent,1,60.0,,,,,,,,,,,,,,,,model_not_in_checkout
bench01-2026-10-01,2026-09-28,/tmp/opencode/markov-base01-build/markov-cero-solve,714ff78c14e1ad33b18eab26a2f6cd1235dfce5561a552c1d430fd548f3d8125,data/netlib/tuff.mps,netlib,LP,holdout,2,warm,absent,1,60.0,,,,,,,,,,,,,,,,model_not_in_checkout
bench01-2026-10-01,2026-09-28,/tmp/opencode/markov-base01-build/markov-cero-solve,714ff78c14e1ad33b18eab26a2f6cd1235dfce5561a552c1d430fd548f3d8125,data/qp/QPLIB_8495.mps,qplib,QP,holdout,2,warm,absent,1,60.0,,,,,,,,,,,,,,,,model_not_in_checkout
bench01-2026-10-01,2026-09-28,/tmp/opencode/markov-base01-build/markov-cero-solve,714ff78c14e1ad33b18eab26a2f6cd1235dfce5561a552c1d430fd548f3d8125,data/qp/QPLIB_8906.mps,qplib,QP,holdout,2,warm,absent,1,60.0,,,,,,,,,,,,,,,,model_not_in_checkout
bench01-2026-10-01,2026-09-28,/tmp/opencode/markov-base01-build/markov-cero-solve,714ff78c14e1ad33b18eab26a2f6cd1235dfce5561a552c1d430fd548f3d8125,data/cases/refinery_scheduling_large.mps,cases,MILP,tune,2,warm,hash_mismatch,1,300.0,,,,,,,,,,,,,,,,model_sha256_disagrees
bench01-2026-10-01,2026-09-28,/tmp/opencode/markov-base01-build/markov-cero-solve,714ff78c14e1ad33b18eab26a2f6cd1235dfce5561a552c1d430fd548f3d8125,data/miplib/CMS750_4.mps,miplib,MILP,tune,2,warm,absent,1,300.0,,,,,,,,,,,,,,,,model_not_in_checkout
bench01-2026-10-01,2026-09-28,/tmp/opencode/markov-base01-build/markov-cero-solve,714ff78c14e1ad33b18eab26a2f6cd1235dfce5561a552c1d430fd548f3d8125,data/miplib/beasleyC3.mps,miplib,MILP,tune,2,warm,absent,1,300.0,,,,,,,,,,,,,,,,model_not_in_checkout
bench01-2026-10-01,2026-09-28,/tmp/opencode/markov-base01-build/markov-cero-solve,714ff78c14e1ad33b18eab26a2f6cd1235dfce5561a552c1d430fd548f3d8125,data/miplib/bnatt400.mps,miplib,MILP,tune,2,warm,absent,1,300.0,,,,,,,,,,,,,,,,model_not_in_checkout
bench01-2026-10-01,2026-09-28,/tmp/opencode/markov-base01-build/markov-cero-solve,714ff78c14e1ad33b18eab26a2f6cd1235dfce5561a552c1d430fd548f3d8125,data/miplib/bppc4-08.mps,miplib,MILP,tune,2,warm,absent,1,300.0,,,,,,,,,,,,,,,,model_not_in_checkout
bench01-2026-10-01,2026-09-28,/tmp/opencode/markov-base01-build/markov-cero-solve,714ff78c14e1ad33b18eab26a2f6cd1235dfce5561a552c1d430fd548f3d8125,data/miplib/cvs16r128-89.mps,miplib,MILP,tune,2,warm,absent,1,300.0,,,,,,,,,,,,,,,,model_not_in_checkout
bench01-2026-10-01,2026-09-28,/tmp/opencode/markov-base01-build/markov-cero-solve,714ff78c14e1ad33b18eab26a2f6cd1235dfce5561a552c1d430fd548f3d8125,data/miplib/dano3_5.mps,miplib,MILP,tune,2,warm,absent,1,300.0,,,,,,,,,,,,,,,,model_not_in_checkout
bench01-2026-10-01,2026-09-28,/tmp/opencode/markov-base01-build/markov-cero-solve,714ff78c14e1ad33b18eab26a2f6cd1235dfce5561a552c1d430fd548f3d8125,data/miplib/graph20-20-1rand.mps,miplib,MILP,tune,2,warm,absent,1,300.0,,,,,,,,,,,,,,,,model_not_in_checkout
bench01-2026-10-01,2026-09-28,/tmp/opencode/markov-base01-build/markov-cero-solve,714ff78c14e1ad33b18eab26a2f6cd1235dfce5561a552c1d430fd548f3d8125,data/miplib/istanbul-no-cutoff.mps,miplib,MILP,tune,2,warm,absent,1,300.0,,,,,,,,,,,,,,,,model_not_in_checkout
bench01-2026-10-01,2026-09-28,/tmp/opencode/markov-base01-build/markov-cero-solve,714ff78c14e1ad33b18eab26a2f6cd1235dfce5561a552c1d430fd548f3d8125,data/netlib/stocfor1.mps,netlib,LP,holdout,2,warm,ok,1,60.0,268.596,265.524435,Optimal,true,optimality_witness_checked,-41131.97621943642,-41131.97621943642,0,1,432,5932,,,pass,2.728484e-12,stderr=markov-cero 0.5.2 Optimal [LP -> primal] VERIFIED
bench01-2026-10-01,2026-09-28,/tmp/opencode/markov-base01-build/markov-cero-solve,714ff78c14e1ad33b18eab26a2f6cd1235dfce5561a552c1d430fd548f3d8125,data/miplib/mcsched.mps,miplib,MILP,tune,2,warm,absent,1,300.0,,,,,,,,,,,,,,,,model_not_in_checkout
bench01-2026-10-01,2026-09-28,/tmp/opencode/markov-base01-build/markov-cero-solve,714ff78c14e1ad33b18eab26a2f6cd1235dfce5561a552c1d430fd548f3d8125,data/miplib/mik-250-20-75-4.mps,miplib,MILP,tune,2,warm,absent,1,300.0,,,,,,,,,,,,,,,,model_not_in_checkout
bench01-2026-10-01,2026-09-28,/tmp/opencode/markov-base01-build/markov-cero-solve,714ff78c14e1ad33b18eab26a2f6cd1235dfce5561a552c1d430fd548f3d8125,data/miplib/neos-1354092.mps,miplib,MILP,tune,2,warm,absent,1,300.0,,,,,,,,,,,,,,,,model_not_in_checkout
bench01-2026-10-01,2026-09-28,/tmp/opencode/markov-base01-build/markov-cero-solve,714ff78c14e1ad33b18eab26a2f6cd1235dfce5561a552c1d430fd548f3d8125,data/miplib/neos-3381206-awhea.mps,miplib,MILP,tune,2,warm,absent,1,300.0,,,,,,,,,,,,,,,,model_not_in_checkout
bench01-2026-10-01,2026-09-28,/tmp/opencode/markov-base01-build/markov-cero-solve,714ff78c14e1ad33b18eab26a2f6cd1235dfce5561a552c1d430fd548f3d8125,data/miplib/neos17.mps,miplib,MILP,tune,2,warm,absent,1,300.0,,,,,,,,,,,,,,,,model_not_in_checkout
bench01-2026-10-01,2026-09-28,/tmp/opencode/markov-base01-build/markov-cero-solve,714ff78c14e1ad33b18eab26a2f6cd1235dfce5561a552c1d430fd548f3d8125,data/netlib/etamacro.mps,netlib,LP,holdout,2,warm,ok,1,60.0,22246.339,22242.322002,NumericalFailure,false,unverified,-755.7143090291331,,,0,1378,12640,,,not_checked,primal and variable_names differ in length,exit_code=7; stderr=markov-cero 0.5.2 NumericalFailure [LP -> primal] NOT VERIFIED numerical_diagnostic: primal_residual=5.5644022722844966e-10 dual_residual=2.0621525320674294e-16 complementarity_gap=0.00214953078166371
bench01-2026-10-01,2026-09-28,/tmp/opencode/markov-base01-build/markov-cero-solve,714ff78c14e1ad33b18eab26a2f6cd1235dfce5561a552c1d430fd548f3d8125,data/miplib/enlight_hard.mps,miplib,MILP,holdout,2,warm,ok,1,300.0,300005.494,300003.20342,ResourceLimit,false,unverified,0,15,,613,384814,12896,37.0,37.0,not_checked,no primal vector in result,exit_code=5; stderr=markov-cero 0.5.2 ResourceLimit [MILP -> milp] NOT VERIFIED proof: tier=unverified status=not_requested budget_exhausted=false nodes=0 witness_values=0 build_ms=0 replay_ms=0
bench01-2026-10-01,2026-09-28,/tmp/opencode/markov-base01-build/markov-cero-solve,714ff78c14e1ad33b18eab26a2f6cd1235dfce5561a552c1d430fd548f3d8125,data/miplib/sp97ar.mps,miplib,MILP,tune,2,warm,absent,1,300.0,,,,,,,,,,,,,,,,model_not_in_checkout
bench01-2026-10-01,2026-09-28,/tmp/opencode/markov-base01-build/markov-cero-solve,714ff78c14e1ad33b18eab26a2f6cd1235dfce5561a552c1d430fd548f3d8125,data/miplib/uct-subprob.mps,miplib,MILP,tune,2,warm,absent,1,300.0,,,,,,,,,,,,,,,,model_not_in_checkout
bench01-2026-10-01,2026-09-28,/tmp/opencode/markov-base01-build/markov-cero-solve,714ff78c14e1ad33b18eab26a2f6cd1235dfce5561a552c1d430fd548f3d8125,data/mittelmann/50v-10.mps,mittelmann,MILP,tune,2,warm,absent,1,300.0,,,,,,,,,,,,,,,,model_not_in_checkout
bench01-2026-10-01,2026-09-28,/tmp/opencode/markov-base01-build/markov-cero-solve,714ff78c14e1ad33b18eab26a2f6cd1235dfce5561a552c1d430fd548f3d8125,data/mittelmann/app1-1.mps,mittelmann,MILP,tune,2,warm,absent,1,300.0,,,,,,,,,,,,,,,,model_not_in_checkout
bench01-2026-10-01,2026-09-28,/tmp/opencode/markov-base01-build/markov-cero-solve,714ff78c14e1ad33b18eab26a2f6cd1235dfce5561a552c1d430fd548f3d8125,data/mittelmann/fome11.mps,mittelmann,MILP,tune,2,warm,absent,1,300.0,,,,,,,,,,,,,,,,model_not_in_checkout
bench01-2026-10-01,2026-09-28,/tmp/opencode/markov-base01-build/markov-cero-solve,714ff78c14e1ad33b18eab26a2f6cd1235dfce5561a552c1d430fd548f3d8125,data/miplib/mas76.mps,miplib,MILP,tune,2,warm,ok,1,300.0,300004.284,300001.271295,ResourceLimit,false,unverified,0,39103.012641377,0.9999999608969874,550,375051,8228,40005.05398999999,40005.05398999999,not_checked,no primal vector in result,exit_code=5; stderr=markov-cero 0.5.2 ResourceLimit [MILP -> milp] NOT VERIFIED proof: tier=unverified status=not_requested budget_exhausted=false nodes=0 witness_values=0 build_ms=0 replay_ms=0
bench01-2026-10-01,2026-09-28,/tmp/opencode/markov-base01-build/markov-cero-solve,714ff78c14e1ad33b18eab26a2f6cd1235dfce5561a552c1d430fd548f3d8125,data/mittelmann/nug08-3rd.mps,mittelmann,MILP,tune,2,warm,absent,1,300.0,,,,,,,,,,,,,,,,model_not_in_checkout
bench01-2026-10-01,2026-09-28,/tmp/opencode/markov-base01-build/markov-cero-solve,714ff78c14e1ad33b18eab26a2f6cd1235dfce5561a552c1d430fd548f3d8125,data/mittelmann/nug20.mps,mittelmann,MILP,tune,2,warm,absent,1,300.0,,,,,,,,,,,,,,,,model_not_in_checkout
bench01-2026-10-01,2026-09-28,/tmp/opencode/markov-base01-build/markov-cero-solve,714ff78c14e1ad33b18eab26a2f6cd1235dfce5561a552c1d430fd548f3d8125,data/netlib/80bau3b.mps,netlib,LP,tune,2,warm,absent,1,60.0,,,,,,,,,,,,,,,,model_not_in_checkout
bench01-2026-10-01,2026-09-28,/tmp/opencode/markov-base01-build/markov-cero-solve,714ff78c14e1ad33b18eab26a2f6cd1235dfce5561a552c1d430fd548f3d8125,data/miplib/pk1.mps,miplib,MILP,tune,2,warm,ok,1,300.0,300004.814,300001.971296,ResourceLimit,false,unverified,0,0,1,439,305812,7992,11.0,11.0,not_checked,no primal vector in result,exit_code=5; stderr=markov-cero 0.5.2 ResourceLimit [MILP -> milp] NOT VERIFIED proof: tier=unverified status=not_requested budget_exhausted=false nodes=0 witness_values=0 build_ms=0 replay_ms=0
bench01-2026-10-01,2026-09-28,/tmp/opencode/markov-base01-build/markov-cero-solve,714ff78c14e1ad33b18eab26a2f6cd1235dfce5561a552c1d430fd548f3d8125,data/netlib/beaconfd.mps,netlib,LP,tune,2,warm,ok,1,60.0,182.099,179.53171,Optimal,true,optimality_witness_checked,33592.485807200006,33592.485807200006,0,1,244,6572,33592.4858072,7.275957614183426e-12,pass,3.259615e-11,stderr=markov-cero 0.5.2 Optimal [LP -> primal] VERIFIED
bench01-2026-10-01,2026-09-28,/tmp/opencode/markov-base01-build/markov-cero-solve,714ff78c14e1ad33b18eab26a2f6cd1235dfce5561a552c1d430fd548f3d8125,data/netlib/bnl2.mps,netlib,LP,tune,2,warm,absent,1,60.0,,,,,,,,,,,,,,,,model_not_in_checkout
bench01-2026-10-01,2026-09-28,/tmp/opencode/markov-base01-build/markov-cero-solve,714ff78c14e1ad33b18eab26a2f6cd1235dfce5561a552c1d430fd548f3d8125,data/netlib/boeing2.mps,netlib,LP,tune,2,warm,ok,1,60.0,1609.386,1606.174906,Optimal,true,optimality_witness_checked,-315.0187280152029,-315.0187280152029,0,1,1254,6324,,,pass,1.421085e-14,stderr=markov-cero 0.5.2 Optimal [LP -> primal] VERIFIED
bench01-2026-10-01,2026-09-28,/tmp/opencode/markov-base01-build/markov-cero-solve,714ff78c14e1ad33b18eab26a2f6cd1235dfce5561a552c1d430fd548f3d8125,data/netlib/bandm.mps,netlib,LP,tune,2,warm,ok,1,60.0,3545.094,3541.023714,Optimal,true,optimality_witness_checked,-158.6280184501206,-158.6280184501206,0,1,2105,6996,,,pass,1.936229e-13,stderr=markov-cero 0.5.2 Optimal [LP -> primal] VERIFIED
bench01-2026-10-01,2026-09-28,/tmp/opencode/markov-base01-build/markov-cero-solve,714ff78c14e1ad33b18eab26a2f6cd1235dfce5561a552c1d430fd548f3d8125,data/netlib/fit2p.mps,netlib,LP,tune,2,warm,absent,1,60.0,,,,,,,,,,,,,,,,model_not_in_checkout
bench01-2026-10-01,2026-09-28,/tmp/opencode/markov-base01-build/markov-cero-solve,714ff78c14e1ad33b18eab26a2f6cd1235dfce5561a552c1d430fd548f3d8125,data/netlib/forplan.mps,netlib,LP,tune,2,warm,absent,1,60.0,,,,,,,,,,,,,,,,model_not_in_checkout
bench01-2026-10-01,2026-09-28,/tmp/opencode/markov-base01-build/markov-cero-solve,714ff78c14e1ad33b18eab26a2f6cd1235dfce5561a552c1d430fd548f3d8125,data/netlib/ganges.mps,netlib,LP,tune,2,warm,absent,1,60.0,,,,,,,,,,,,,,,,model_not_in_checkout
bench01-2026-10-01,2026-09-28,/tmp/opencode/markov-base01-build/markov-cero-solve,714ff78c14e1ad33b18eab26a2f6cd1235dfce5561a552c1d430fd548f3d8125,data/netlib/gfrd-pnc.mps,netlib,LP,tune,2,warm,absent,1,60.0,,,,,,,,,,,,,,,,model_not_in_checkout
bench01-2026-10-01,2026-09-28,/tmp/opencode/markov-base01-build/markov-cero-solve,714ff78c14e1ad33b18eab26a2f6cd1235dfce5561a552c1d430fd548f3d8125,data/netlib/capri.mps,netlib,LP,tune,2,warm,ok,1,60.0,4168.658,4164.177721,Optimal,true,optimality_witness_checked,2690.012913768161,2690.012913768161,0,1,1281,7384,,,pass,8.590906e-13,stderr=markov-cero 0.5.2 Optimal [LP -> primal] VERIFIED
bench01-2026-10-01,2026-09-28,/tmp/opencode/markov-base01-build/markov-cero-solve,714ff78c14e1ad33b18eab26a2f6cd1235dfce5561a552c1d430fd548f3d8125,data/netlib/kb2.mps,netlib,LP,tune,2,warm,ok,1,60.0,84.813,81.871032,Optimal,true,optimality_witness_checked,-1749.9001299062056,-1749.9001299062056,0,1,176,5580,,,pass,1.364242e-12,stderr=markov-cero 0.5.2 Optimal [LP -> primal] VERIFIED
bench01-2026-10-01,2026-09-28,/tmp/opencode/markov-base01-build/markov-cero-solve,714ff78c14e1ad33b18eab26a2f6cd1235dfce5561a552c1d430fd548f3d8125,data/netlib/maros.mps,netlib,LP,tune,2,warm,absent,1,60.0,,,,,,,,,,,,,,,,model_not_in_checkout
bench01-2026-10-01,2026-09-28,/tmp/opencode/markov-base01-build/markov-cero-solve,714ff78c14e1ad33b18eab26a2f6cd1235dfce5561a552c1d430fd548f3d8125,data/miplib/sp150x300d.mps,miplib,MILP,tune,2,warm,ok,1,300.0,300041.055,300036.988798,ResourceLimit,false,unverified,0,5.861593965234503,0.9162629433537928,18,22930,21968,69.0,69.0,not_checked,no primal vector in result,exit_code=5; stderr=markov-cero 0.5.2 ResourceLimit [MILP -> milp] NOT VERIFIED proof: tier=unverified status=not_requested budget_exhausted=false nodes=0 witness_values=0 build_ms=0 replay_ms=0
bench01-2026-10-01,2026-09-28,/tmp/opencode/markov-base01-build/markov-cero-solve,714ff78c14e1ad33b18eab26a2f6cd1235dfce5561a552c1d430fd548f3d8125,data/netlib/scsd1.mps,netlib,LP,tune,2,warm,ok,1,60.0,180.887,177.74089,NumericalFailure,false,unverified,8.666680097560823,,,0,79,7576,,,pass,4.937994e-11,exit_code=7; stderr=markov-cero 0.5.2 NumericalFailure [LP -> primal] NOT VERIFIED numerical_diagnostic: primal_residual=4.93799445777654e-11 dual_residual=0 complementarity_gap=1.5090295139641614e-05 condition_estimate=
bench01-2026-10-01,2026-09-28,/tmp/opencode/markov-base01-build/markov-cero-solve,714ff78c14e1ad33b18eab26a2f6cd1235dfce5561a552c1d430fd548f3d8125,data/netlib/ship04s.mps,netlib,LP,tune,2,warm,absent,1,60.0,,,,,,,,,,,,,,,,model_not_in_checkout
bench01-2026-10-01,2026-09-28,/tmp/opencode/markov-base01-build/markov-cero-solve,714ff78c14e1ad33b18eab26a2f6cd1235dfce5561a552c1d430fd548f3d8125,data/netlib/ship12s.mps,netlib,LP,tune,2,warm,absent,1,60.0,,,,,,,,,,,,,,,,model_not_in_checkout
bench01-2026-10-01,2026-09-28,/tmp/opencode/markov-base01-build/markov-cero-solve,714ff78c14e1ad33b18eab26a2f6cd1235dfce5561a552c1d430fd548f3d8125,data/netlib/standata.mps,netlib,LP,tune,2,warm,absent,1,60.0,,,,,,,,,,,,,,,,model_not_in_checkout
bench01-2026-10-01,2026-09-28,/tmp/opencode/markov-base01-build/markov-cero-solve,714ff78c14e1ad33b18eab26a2f6cd1235dfce5561a552c1d430fd548f3d8125,data/netlib/stocfor2.mps,netlib,LP,tune,2,warm,absent,1,60.0,,,,,,,,,,,,,,,,model_not_in_checkout
bench01-2026-10-01,2026-09-28,/tmp/opencode/markov-base01-build/markov-cero-solve,714ff78c14e1ad33b18eab26a2f6cd1235dfce5561a552c1d430fd548f3d8125,data/netlib/truss.mps,netlib,LP,tune,2,warm,absent,1,60.0,,,,,,,,,,,,,,,,model_not_in_checkout
bench01-2026-10-01,2026-09-28,/tmp/opencode/markov-base01-build/markov-cero-solve,714ff78c14e1ad33b18eab26a2f6cd1235dfce5561a552c1d430fd548f3d8125,data/netlib/vtpbase.mps,netlib,LP,tune,2,warm,ok,1,60.0,144.046,140.584413,Optimal,true,optimality_witness_checked,129831.46246136136,129831.46246136136,0,1,185,6104,,,pass,3.161915e-11,stderr=markov-cero 0.5.2 Optimal [LP -> primal] VERIFIED
bench01-2026-10-01,2026-09-28,/tmp/opencode/markov-base01-build/markov-cero-solve,714ff78c14e1ad33b18eab26a2f6cd1235dfce5561a552c1d430fd548f3d8125,data/qp/QPLIB_9002.mps,qplib,QP,tune,2,warm,absent,1,60.0,,,,,,,,,,,,,,,,model_not_in_checkout
bench01-2026-10-01,2026-09-28,/tmp/opencode/markov-base01-build/markov-cero-solve,714ff78c14e1ad33b18eab26a2f6cd1235dfce5561a552c1d430fd548f3d8125,data/netlib/sctap1.mps,netlib,LP,tune,2,warm,ok,1,60.0,1703.109,1699.197235,Optimal,true,optimality_witness_checked,1412.2500000000002,1412.2500000000002,0,1,1409,6992,,,pass,1.421085e-14,stderr=markov-cero 0.5.2 Optimal [LP -> primal] VERIFIED
bench01-2026-10-01,2026-09-28,/tmp/opencode/markov-base01-build/markov-cero-solve,714ff78c14e1ad33b18eab26a2f6cd1235dfce5561a552c1d430fd548f3d8125,data/cases/li_crude_blending.mps,cases,MILP,train,2,warm,hash_mismatch,1,300.0,,,,,,,,,,,,,,,,model_sha256_disagrees
bench01-2026-10-01,2026-09-28,/tmp/opencode/markov-base01-build/markov-cero-solve,714ff78c14e1ad33b18eab26a2f6cd1235dfce5561a552c1d430fd548f3d8125,data/cases/neiro_refinery_scheduling.mps,cases,MILP,train,2,warm,hash_mismatch,1,300.0,,,,,,,,,,,,,,,,model_sha256_disagrees
bench01-2026-10-01,2026-09-28,/tmp/opencode/markov-base01-build/markov-cero-solve,714ff78c14e1ad33b18eab26a2f6cd1235dfce5561a552c1d430fd548f3d8125,data/cases/process_network_large.mps,cases,MILP,train,2,warm,hash_mismatch,1,300.0,,,,,,,,,,,,,,,,model_sha256_disagrees
bench01-2026-10-01,2026-09-28,/tmp/opencode/markov-base01-build/markov-cero-solve,714ff78c14e1ad33b18eab26a2f6cd1235dfce5561a552c1d430fd548f3d8125,data/cases/production_planning_large.mps,cases,MILP,train,2,warm,hash_mismatch,1,300.0,,,,,,,,,,,,,,,,model_sha256_disagrees
bench01-2026-10-01,2026-09-28,/tmp/opencode/markov-base01-build/markov-cero-solve,714ff78c14e1ad33b18eab26a2f6cd1235dfce5561a552c1d430fd548f3d8125,data/cases/shapiro_network_flow.mps,cases,MILP,train,2,warm,hash_mismatch,1,300.0,,,,,,,,,,,,,,,,model_sha256_disagrees
bench01-2026-10-01,2026-09-28,/tmp/opencode/markov-base01-build/markov-cero-solve,714ff78c14e1ad33b18eab26a2f6cd1235dfce5561a552c1d430fd548f3d8125,data/cases/supply_chain_large.mps,cases,MILP,train,2,warm,hash_mismatch,1,300.0,,,,,,,,,,,,,,,,model_sha256_disagrees
bench01-2026-10-01,2026-09-28,/tmp/opencode/markov-base01-build/markov-cero-solve,714ff78c14e1ad33b18eab26a2f6cd1235dfce5561a552c1d430fd548f3d8125,data/miplib/assign1-5-8.mps,miplib,MILP,train,2,warm,absent,1,300.0,,,,,,,,,,,,,,,,model_not_in_checkout
bench01-2026-10-01,2026-09-28,/tmp/opencode/markov-base01-build/markov-cero-solve,714ff78c14e1ad33b18eab26a2f6cd1235dfce5561a552c1d430fd548f3d8125,data/miplib/binkar10_1.mps,miplib,MILP,train,2,warm,absent,1,300.0,,,,,,,,,,,,,,,,model_not_in_checkout
bench01-2026-10-01,2026-09-28,/tmp/opencode/markov-base01-build/markov-cero-solve,714ff78c14e1ad33b18eab26a2f6cd1235dfce5561a552c1d430fd548f3d8125,data/miplib/blp-ar98.mps,miplib,MILP,train,2,warm,absent,1,300.0,,,,,,,,,,,,,,,,model_not_in_checkout
bench01-2026-10-01,2026-09-28,/tmp/opencode/markov-base01-build/markov-cero-solve,714ff78c14e1ad33b18eab26a2f6cd1235dfce5561a552c1d430fd548f3d8125,data/miplib/blp-ic98.mps,miplib,MILP,train,2,warm,absent,1,300.0,,,,,,,,,,,,,,,,model_not_in_checkout
bench01-2026-10-01,2026-09-28,/tmp/opencode/markov-base01-build/markov-cero-solve,714ff78c14e1ad33b18eab26a2f6cd1235dfce5561a552c1d430fd548f3d8125,data/miplib/cmflsp50-24-8-8.mps,miplib,MILP,train,2,warm,absent,1,300.0,,,,,,,,,,,,,,,,model_not_in_checkout
bench01-2026-10-01,2026-09-28,/tmp/opencode/markov-base01-build/markov-cero-solve,714ff78c14e1ad33b18eab26a2f6cd1235dfce5561a552c1d430fd548f3d8125,data/miplib/cod105.mps,miplib,MILP,train,2,warm,absent,1,300.0,,,,,,,,,,,,,,,,model_not_in_checkout
bench01-2026-10-01,2026-09-28,/tmp/opencode/markov-base01-build/markov-cero-solve,714ff78c14e1ad33b18eab26a2f6cd1235dfce5561a552c1d430fd548f3d8125,data/miplib/comp21-2idx.mps,miplib,MILP,train,2,warm,absent,1,300.0,,,,,,,,,,,,,,,,model_not_in_checkout
bench01-2026-10-01,2026-09-28,/tmp/opencode/markov-base01-build/markov-cero-solve,714ff78c14e1ad33b18eab26a2f6cd1235dfce5561a552c1d430fd548f3d8125,data/miplib/cost266-UUE.mps,miplib,MILP,train,2,warm,absent,1,300.0,,,,,,,,,,,,,,,,model_not_in_checkout
bench01-2026-10-01,2026-09-28,/tmp/opencode/markov-base01-build/markov-cero-solve,714ff78c14e1ad33b18eab26a2f6cd1235dfce5561a552c1d430fd548f3d8125,data/miplib/csched007.mps,miplib,MILP,train,2,warm,absent,1,300.0,,,,,,,,,,,,,,,,model_not_in_checkout
bench01-2026-10-01,2026-09-28,/tmp/opencode/markov-base01-build/markov-cero-solve,714ff78c14e1ad33b18eab26a2f6cd1235dfce5561a552c1d430fd548f3d8125,data/miplib/csched008.mps,miplib,MILP,train,2,warm,absent,1,300.0,,,,,,,,,,,,,,,,model_not_in_checkout
bench01-2026-10-01,2026-09-28,/tmp/opencode/markov-base01-build/markov-cero-solve,714ff78c14e1ad33b18eab26a2f6cd1235dfce5561a552c1d430fd548f3d8125,data/miplib/dano3_3.mps,miplib,MILP,train,2,warm,absent,1,300.0,,,,,,,,,,,,,,,,model_not_in_checkout
bench01-2026-10-01,2026-09-28,/tmp/opencode/markov-base01-build/markov-cero-solve,714ff78c14e1ad33b18eab26a2f6cd1235dfce5561a552c1d430fd548f3d8125,data/miplib/decomp2.mps,miplib,MILP,train,2,warm,absent,1,300.0,,,,,,,,,,,,,,,,model_not_in_checkout
bench01-2026-10-01,2026-09-28,/tmp/opencode/markov-base01-build/markov-cero-solve,714ff78c14e1ad33b18eab26a2f6cd1235dfce5561a552c1d430fd548f3d8125,data/miplib/drayage-100-23.mps,miplib,MILP,train,2,warm,absent,1,300.0,,,,,,,,,,,,,,,,model_not_in_checkout
bench01-2026-10-01,2026-09-28,/tmp/opencode/markov-base01-build/markov-cero-solve,714ff78c14e1ad33b18eab26a2f6cd1235dfce5561a552c1d430fd548f3d8125,data/miplib/drayage-25-23.mps,miplib,MILP,train,2,warm,absent,1,300.0,,,,,,,,,,,,,,,,model_not_in_checkout
bench01-2026-10-01,2026-09-28,/tmp/opencode/markov-base01-build/markov-cero-solve,714ff78c14e1ad33b18eab26a2f6cd1235dfce5561a552c1d430fd548f3d8125,data/miplib/dws008-01.mps,miplib,MILP,train,2,warm,absent,1,300.0,,,,,,,,,,,,,,,,model_not_in_checkout
bench01-2026-10-01,2026-09-28,/tmp/opencode/markov-base01-build/markov-cero-solve,714ff78c14e1ad33b18eab26a2f6cd1235dfce5561a552c1d430fd548f3d8125,data/miplib/eil33-2.mps,miplib,MILP,train,2,warm,absent,1,300.0,,,,,,,,,,,,,,,,model_not_in_checkout
bench01-2026-10-01,2026-09-28,/tmp/opencode/markov-base01-build/markov-cero-solve,714ff78c14e1ad33b18eab26a2f6cd1235dfce5561a552c1d430fd548f3d8125,data/miplib/exp-1-500-5-5.mps,miplib,MILP,train,2,warm,absent,1,300.0,,,,,,,,,,,,,,,,model_not_in_checkout
bench01-2026-10-01,2026-09-28,/tmp/opencode/markov-base01-build/markov-cero-solve,714ff78c14e1ad33b18eab26a2f6cd1235dfce5561a552c1d430fd548f3d8125,data/miplib/fhnw-binpack4-48.mps,miplib,MILP,train,2,warm,absent,1,300.0,,,,,,,,,,,,,,,,model_not_in_checkout
bench01-2026-10-01,2026-09-28,/tmp/opencode/markov-base01-build/markov-cero-solve,714ff78c14e1ad33b18eab26a2f6cd1235dfce5561a552c1d430fd548f3d8125,data/netlib/israel.mps,netlib,LP,tune,2,warm,ok,1,60.0,4662.716,4659.308417,Optimal,true,optimality_witness_checked,-896644.8218630457,-896644.8218630457,0,1,987,6648,,,pass,1.855360e-11,stderr=markov-cero 0.5.2 Optimal [LP -> primal] VERIFIED
bench01-2026-10-01,2026-09-28,/tmp/opencode/markov-base01-build/markov-cero-solve,714ff78c14e1ad33b18eab26a2f6cd1235dfce5561a552c1d430fd548f3d8125,data/cases/crude_blending_large.mps,cases,MILP,train,2,warm,ok,1,300.0,16788.184,16785.990226,IterationLimit,false,unverified,0,,,1,10000,7272,,,not_checked,no primal vector in result,exit_code=6; stderr=markov-cero 0.5.2 IterationLimit [QP -> qp] NOT VERIFIED
bench01-2026-10-01,2026-09-28,/tmp/opencode/markov-base01-build/markov-cero-solve,714ff78c14e1ad33b18eab26a2f6cd1235dfce5561a552c1d430fd548f3d8125,data/miplib/flugpl.mps,miplib,MILP,train,2,warm,ok,1,300.0,56646.211,56633.126377,Feasible,false,original_primal_checked,1201500,1201500,0,6703,287990,10912,1201500.0,0.0,pass,0.000000e+00,stderr=markov-cero 0.5.2 Feasible [MILP -> milp] NOT VERIFIED proof: tier=unverified status=exhausted budget_exhausted=true nodes=837 witness_values=41764 build_ms=5000.1399959999999 replay_ms=0.054579999999
bench01-2026-10-01,2026-09-28,/tmp/opencode/markov-base01-build/markov-cero-solve,714ff78c14e1ad33b18eab26a2f6cd1235dfce5561a552c1d430fd548f3d8125,data/miplib/germanrr.mps,miplib,MILP,train,2,warm,absent,1,300.0,,,,,,,,,,,,,,,,model_not_in_checkout
bench01-2026-10-01,2026-09-28,/tmp/opencode/markov-base01-build/markov-cero-solve,714ff78c14e1ad33b18eab26a2f6cd1235dfce5561a552c1d430fd548f3d8125,data/miplib/glass-sc.mps,miplib,MILP,train,2,warm,absent,1,300.0,,,,,,,,,,,,,,,,model_not_in_checkout
bench01-2026-10-01,2026-09-28,/tmp/opencode/markov-base01-build/markov-cero-solve,714ff78c14e1ad33b18eab26a2f6cd1235dfce5561a552c1d430fd548f3d8125,data/miplib/gmu-35-40.mps,miplib,MILP,train,2,warm,absent,1,300.0,,,,,,,,,,,,,,,,model_not_in_checkout
bench01-2026-10-01,2026-09-28,/tmp/opencode/markov-base01-build/markov-cero-solve,714ff78c14e1ad33b18eab26a2f6cd1235dfce5561a552c1d430fd548f3d8125,data/miplib/h80x6320d.mps,miplib,MILP,train,2,warm,absent,1,300.0,,,,,,,,,,,,,,,,model_not_in_checkout
bench01-2026-10-01,2026-09-28,/tmp/opencode/markov-base01-build/markov-cero-solve,714ff78c14e1ad33b18eab26a2f6cd1235dfce5561a552c1d430fd548f3d8125,data/miplib/hypothyroid-k1.mps,miplib,MILP,train,2,warm,absent,1,300.0,,,,,,,,,,,,,,,,model_not_in_checkout
bench01-2026-10-01,2026-09-28,/tmp/opencode/markov-base01-build/markov-cero-solve,714ff78c14e1ad33b18eab26a2f6cd1235dfce5561a552c1d430fd548f3d8125,data/miplib/ic97_potential.mps,miplib,MILP,train,2,warm,absent,1,300.0,,,,,,,,,,,,,,,,model_not_in_checkout
bench01-2026-10-01,2026-09-28,/tmp/opencode/markov-base01-build/markov-cero-solve,714ff78c14e1ad33b18eab26a2f6cd1235dfce5561a552c1d430fd548f3d8125,data/miplib/icir97_tension.mps,miplib,MILP,train,2,warm,absent,1,300.0,,,,,,,,,,,,,,,,model_not_in_checkout
bench01-2026-10-01,2026-09-28,/tmp/opencode/markov-base01-build/markov-cero-solve,714ff78c14e1ad33b18eab26a2f6cd1235dfce5561a552c1d430fd548f3d8125,data/miplib/irp.mps,miplib,MILP,train,2,warm,absent,1,300.0,,,,,,,,,,,,,,,,model_not_in_checkout
bench01-2026-10-01,2026-09-28,/tmp/opencode/markov-base01-build/markov-cero-solve,714ff78c14e1ad33b18eab26a2f6cd1235dfce5561a552c1d430fd548f3d8125,data/miplib/leo1.mps,miplib,MILP,train,2,warm,absent,1,300.0,,,,,,,,,,,,,,,,model_not_in_checkout
bench01-2026-10-01,2026-09-28,/tmp/opencode/markov-base01-build/markov-cero-solve,714ff78c14e1ad33b18eab26a2f6cd1235dfce5561a552c1d430fd548f3d8125,data/miplib/leo2.mps,miplib,MILP,train,2,warm,absent,1,300.0,,,,,,,,,,,,,,,,model_not_in_checkout
bench01-2026-10-01,2026-09-28,/tmp/opencode/markov-base01-build/markov-cero-solve,714ff78c14e1ad33b18eab26a2f6cd1235dfce5561a552c1d430fd548f3d8125,data/miplib/mad.mps,miplib,MILP,train,2,warm,absent,1,300.0,,,,,,,,,,,,,,,,model_not_in_checkout
bench01-2026-10-01,2026-09-28,/tmp/opencode/markov-base01-build/markov-cero-solve,714ff78c14e1ad33b18eab26a2f6cd1235dfce5561a552c1d430fd548f3d8125,data/mittelmann/neos5.mps,mittelmann,MILP,tune,2,warm,ok,1,300.0,300004.283,300001.289054,ResourceLimit,false,unverified,0,13.75,0.1791044776119403,543,435267,8112,,,not_checked,no primal vector in result,exit_code=5; stderr=markov-cero 0.5.2 ResourceLimit [MILP -> milp] NOT VERIFIED proof: tier=unverified status=not_requested budget_exhausted=false nodes=0 witness_values=0 build_ms=0 replay_ms=0
bench01-2026-10-01,2026-09-28,/tmp/opencode/markov-base01-build/markov-cero-solve,714ff78c14e1ad33b18eab26a2f6cd1235dfce5561a552c1d430fd548f3d8125,data/miplib/gen-ip002.mps,miplib,MILP,train,2,warm,ok,1,300.0,300010.889,300007.412821,ResourceLimit,false,unverified,0,-4821.194735760776,0.01848589558365826,4310,334256,11448,-4783.733392,4783.733392,not_checked,no primal vector in result,exit_code=5; stderr=markov-cero 0.5.2 ResourceLimit [MILP -> milp] NOT VERIFIED proof: tier=unverified status=not_requested budget_exhausted=false nodes=0 witness_values=0 build_ms=0 replay_ms=0
bench01-2026-10-01,2026-09-28,/tmp/opencode/markov-base01-build/markov-cero-solve,714ff78c14e1ad33b18eab26a2f6cd1235dfce5561a552c1d430fd548f3d8125,data/miplib/mc11.mps,miplib,MILP,train,2,warm,absent,1,300.0,,,,,,,,,,,,,,,,model_not_in_checkout
bench01-2026-10-01,2026-09-28,/tmp/opencode/markov-base01-build/markov-cero-solve,714ff78c14e1ad33b18eab26a2f6cd1235dfce5561a552c1d430fd548f3d8125,data/miplib/milo-v12-6-r2-40-1.mps,miplib,MILP,train,2,warm,absent,1,300.0,,,,,,,,,,,,,,,,model_not_in_checkout
bench01-2026-10-01,2026-09-28,/tmp/opencode/markov-base01-build/markov-cero-solve,714ff78c14e1ad33b18eab26a2f6cd1235dfce5561a552c1d430fd548f3d8125,data/miplib/mushroom-best.mps,miplib,MILP,train,2,warm,absent,1,300.0,,,,,,,,,,,,,,,,model_not_in_checkout
bench01-2026-10-01,2026-09-28,/tmp/opencode/markov-base01-build/markov-cero-solve,714ff78c14e1ad33b18eab26a2f6cd1235dfce5561a552c1d430fd548f3d8125,data/miplib/mzzv11.mps,miplib,MILP,train,2,warm,absent,1,300.0,,,,,,,,,,,,,,,,model_not_in_checkout
bench01-2026-10-01,2026-09-28,/tmp/opencode/markov-base01-build/markov-cero-solve,714ff78c14e1ad33b18eab26a2f6cd1235dfce5561a552c1d430fd548f3d8125,data/miplib/mzzv42z.mps,miplib,MILP,train,2,warm,absent,1,300.0,,,,,,,,,,,,,,,,model_not_in_checkout
bench01-2026-10-01,2026-09-28,/tmp/opencode/markov-base01-build/markov-cero-solve,714ff78c14e1ad33b18eab26a2f6cd1235dfce5561a552c1d430fd548f3d8125,data/miplib/n2seq36q.mps,miplib,MILP,train,2,warm,absent,1,300.0,,,,,,,,,,,,,,,,model_not_in_checkout
bench01-2026-10-01,2026-09-28,/tmp/opencode/markov-base01-build/markov-cero-solve,714ff78c14e1ad33b18eab26a2f6cd1235dfce5561a552c1d430fd548f3d8125,data/miplib/n5-3.mps,miplib,MILP,train,2,warm,absent,1,300.0,,,,,,,,,,,,,,,,model_not_in_checkout
bench01-2026-10-01,2026-09-28,/tmp/opencode/markov-base01-build/markov-cero-solve,714ff78c14e1ad33b18eab26a2f6cd1235dfce5561a552c1d430fd548f3d8125,data/miplib/neos-1171737.mps,miplib,MILP,train,2,warm,absent,1,300.0,,,,,,,,,,,,,,,,model_not_in_checkout
bench01-2026-10-01,2026-09-28,/tmp/opencode/markov-base01-build/markov-cero-solve,714ff78c14e1ad33b18eab26a2f6cd1235dfce5561a552c1d430fd548f3d8125,data/miplib/neos-1456979.mps,miplib,MILP,train,2,warm,absent,1,300.0,,,,,,,,,,,,,,,,model_not_in_checkout
bench01-2026-10-01,2026-09-28,/tmp/opencode/markov-base01-build/markov-cero-solve,714ff78c14e1ad33b18eab26a2f6cd1235dfce5561a552c1d430fd548f3d8125,data/miplib/neos-1582420.mps,miplib,MILP,train,2,warm,absent,1,300.0,,,,,,,,,,,,,,,,model_not_in_checkout
bench01-2026-10-01,2026-09-28,/tmp/opencode/markov-base01-build/markov-cero-solve,714ff78c14e1ad33b18eab26a2f6cd1235dfce5561a552c1d430fd548f3d8125,data/miplib/gen-ip054.mps,miplib,MILP,train,2,warm,ok,1,300.0,300007.123,300004.937457,ResourceLimit,false,unverified,0,6780.124395569377,0.01805972938415296,2494,451170,10608,6840.96564179,6840.96564179,not_checked,no primal vector in result,exit_code=5; stderr=markov-cero 0.5.2 ResourceLimit [MILP -> milp] NOT VERIFIED proof: tier=unverified status=not_requested budget_exhausted=false nodes=0 witness_values=0 build_ms=0 replay_ms=0
bench01-2026-10-01,2026-09-28,/tmp/opencode/markov-base01-build/markov-cero-solve,714ff78c14e1ad33b18eab26a2f6cd1235dfce5561a552c1d430fd548f3d8125,data/miplib/neos-2978193-inde.mps,miplib,MILP,train,2,warm,absent,1,300.0,,,,,,,,,,,,,,,,model_not_in_checkout
bench01-2026-10-01,2026-09-28,/tmp/opencode/markov-base01-build/markov-cero-solve,714ff78c14e1ad33b18eab26a2f6cd1235dfce5561a552c1d430fd548f3d8125,data/miplib/neos-3004026-krka.mps,miplib,MILP,train,2,warm,absent,1,300.0,,,,,,,,,,,,,,,,model_not_in_checkout
bench01-2026-10-01,2026-09-28,/tmp/opencode/markov-base01-build/markov-cero-solve,714ff78c14e1ad33b18eab26a2f6cd1235dfce5561a552c1d430fd548f3d8125,data/miplib/neos-3024952-loue.mps,miplib,MILP,train,2,warm,absent,1,300.0,,,,,,,,,,,,,,,,model_not_in_checkout
bench01-2026-10-01,2026-09-28,/tmp/opencode/markov-base01-build/markov-cero-solve,714ff78c14e1ad33b18eab26a2f6cd1235dfce5561a552c1d430fd548f3d8125,data/miplib/markshare_4_0.mps,miplib,MILP,train,2,warm,ok,1,300.0,300042.205,300036.739027,ResourceLimit,false,unverified,0,0,1,4226,648035,44304,1.0,1.0,not_checked,no primal vector in result,exit_code=5; stderr=markov-cero 0.5.2 ResourceLimit [MILP -> milp] NOT VERIFIED proof: tier=unverified status=not_requested budget_exhausted=false nodes=0 witness_values=0 build_ms=0 replay_ms=0
bench01-2026-10-01,2026-09-28,/tmp/opencode/markov-base01-build/markov-cero-solve,714ff78c14e1ad33b18eab26a2f6cd1235dfce5561a552c1d430fd548f3d8125,data/miplib/neos-3083819-nubu.mps,miplib,MILP,train,2,warm,absent,1,300.0,,,,,,,,,,,,,,,,model_not_in_checkout
bench01-2026-10-01,2026-09-28,/tmp/opencode/markov-base01-build/markov-cero-solve,714ff78c14e1ad33b18eab26a2f6cd1235dfce5561a552c1d430fd548f3d8125,data/miplib/neos-3216931-puriri.mps,miplib,MILP,train,2,warm,absent,1,300.0,,,,,,,,,,,,,,,,model_not_in_checkout
bench01-2026-10-01,2026-09-28,/tmp/opencode/markov-base01-build/markov-cero-solve,714ff78c14e1ad33b18eab26a2f6cd1235dfce5561a552c1d430fd548f3d8125,data/miplib/neos-3627168-kasai.mps,miplib,MILP,train,2,warm,absent,1,300.0,,,,,,,,,,,,,,,,model_not_in_checkout
bench01-2026-10-01,2026-09-28,/tmp/opencode/markov-base01-build/markov-cero-solve,714ff78c14e1ad33b18eab26a2f6cd1235dfce5561a552c1d430fd548f3d8125,data/miplib/neos-4338804-snowy.mps,miplib,MILP,train,2,warm,absent,1,300.0,,,,,,,,,,,,,,,,model_not_in_checkout
bench01-2026-10-01,2026-09-28,/tmp/opencode/markov-base01-build/markov-cero-solve,714ff78c14e1ad33b18eab26a2f6cd1235dfce5561a552c1d430fd548f3d8125,data/miplib/neos-4387871-tavua.mps,miplib,MILP,train,2,warm,absent,1,300.0,,,,,,,,,,,,,,,,model_not_in_checkout
bench01-2026-10-01,2026-09-28,/tmp/opencode/markov-base01-build/markov-cero-solve,714ff78c14e1ad33b18eab26a2f6cd1235dfce5561a552c1d430fd548f3d8125,data/miplib/neos-4738912-atrato.mps,miplib,MILP,train,2,warm,absent,1,300.0,,,,,,,,,,,,,,,,model_not_in_checkout
bench01-2026-10-01,2026-09-28,/tmp/opencode/markov-base01-build/markov-cero-solve,714ff78c14e1ad33b18eab26a2f6cd1235dfce5561a552c1d430fd548f3d8125,data/miplib/neos-662469.mps,miplib,MILP,train,2,warm,absent,1,300.0,,,,,,,,,,,,,,,,model_not_in_checkout
bench01-2026-10-01,2026-09-28,/tmp/opencode/markov-base01-build/markov-cero-solve,714ff78c14e1ad33b18eab26a2f6cd1235dfce5561a552c1d430fd548f3d8125,data/miplib/neos-860300.mps,miplib,MILP,train,2,warm,absent,1,300.0,,,,,,,,,,,,,,,,model_not_in_checkout
bench01-2026-10-01,2026-09-28,/tmp/opencode/markov-base01-build/markov-cero-solve,714ff78c14e1ad33b18eab26a2f6cd1235dfce5561a552c1d430fd548f3d8125,data/miplib/neos-911970.mps,miplib,MILP,train,2,warm,absent,1,300.0,,,,,,,,,,,,,,,,model_not_in_checkout
bench01-2026-10-01,2026-09-28,/tmp/opencode/markov-base01-build/markov-cero-solve,714ff78c14e1ad33b18eab26a2f6cd1235dfce5561a552c1d430fd548f3d8125,data/miplib/net12.mps,miplib,MILP,train,2,warm,absent,1,300.0,,,,,,,,,,,,,,,,model_not_in_checkout
bench01-2026-10-01,2026-09-28,/tmp/opencode/markov-base01-build/markov-cero-solve,714ff78c14e1ad33b18eab26a2f6cd1235dfce5561a552c1d430fd548f3d8125,data/miplib/nexp-150-20-8-5.mps,miplib,MILP,train,2,warm,absent,1,300.0,,,,,,,,,,,,,,,,model_not_in_checkout
bench01-2026-10-01,2026-09-28,/tmp/opencode/markov-base01-build/markov-cero-solve,714ff78c14e1ad33b18eab26a2f6cd1235dfce5561a552c1d430fd548f3d8125,data/miplib/ns1208400.mps,miplib,MILP,train,2,warm,absent,1,300.0,,,,,,,,,,,,,,,,model_not_in_checkout
bench01-2026-10-01,2026-09-28,/tmp/opencode/markov-base01-build/markov-cero-solve,714ff78c14e1ad33b18eab26a2f6cd1235dfce5561a552c1d430fd548f3d8125,data/miplib/ns1830653.mps,miplib,MILP,train,2,warm,absent,1,300.0,,,,,,,,,,,,,,,,model_not_in_checkout
bench01-2026-10-01,2026-09-28,/tmp/opencode/markov-base01-build/markov-cero-solve,714ff78c14e1ad33b18eab26a2f6cd1235dfce5561a552c1d430fd548f3d8125,data/miplib/ns1952667.mps,miplib,MILP,train,2,warm,absent,1,300.0,,,,,,,,,,,,,,,,model_not_in_checkout
bench01-2026-10-01,2026-09-28,/tmp/opencode/markov-base01-build/markov-cero-solve,714ff78c14e1ad33b18eab26a2f6cd1235dfce5561a552c1d430fd548f3d8125,data/miplib/nu25-pr12.mps,miplib,MILP,train,2,warm,absent,1,300.0,,,,,,,,,,,,,,,,model_not_in_checkout
bench01-2026-10-01,2026-09-28,/tmp/opencode/markov-base01-build/markov-cero-solve,714ff78c14e1ad33b18eab26a2f6cd1235dfce5561a552c1d430fd548f3d8125,data/miplib/p200x1188c.mps,miplib,MILP,train,2,warm,absent,1,300.0,,,,,,,,,,,,,,,,model_not_in_checkout
bench01-2026-10-01,2026-09-28,/tmp/opencode/markov-base01-build/markov-cero-solve,714ff78c14e1ad33b18eab26a2f6cd1235dfce5561a552c1d430fd548f3d8125,data/miplib/peg-solitaire-a3.mps,miplib,MILP,train,2,warm,absent,1,300.0,,,,,,,,,,,,,,,,model_not_in_checkout
bench01-2026-10-01,2026-09-28,/tmp/opencode/markov-base01-build/markov-cero-solve,714ff78c14e1ad33b18eab26a2f6cd1235dfce5561a552c1d430fd548f3d8125,data/miplib/pg.mps,miplib,MILP,train,2,warm,absent,1,300.0,,,,,,,,,,,,,,,,model_not_in_checkout
bench01-2026-10-01,2026-09-28,/tmp/opencode/markov-base01-build/markov-cero-solve,714ff78c14e1ad33b18eab26a2f6cd1235dfce5561a552c1d430fd548f3d8125,data/miplib/pg5_34.mps,miplib,MILP,train,2,warm,absent,1,300.0,,,,,,,,,,,,,,,,model_not_in_checkout
bench01-2026-10-01,2026-09-28,/tmp/opencode/markov-base01-build/markov-cero-solve,714ff78c14e1ad33b18eab26a2f6cd1235dfce5561a552c1d430fd548f3d8125,data/miplib/piperout-08.mps,miplib,MILP,train,2,warm,absent,1,300.0,,,,,,,,,,,,,,,,model_not_in_checkout
bench01-2026-10-01,2026-09-28,/tmp/opencode/markov-base01-build/markov-cero-solve,714ff78c14e1ad33b18eab26a2f6cd1235dfce5561a552c1d430fd548f3d8125,data/miplib/qap10.mps,miplib,MILP,train,2,warm,absent,1,300.0,,,,,,,,,,,,,,,,model_not_in_checkout
bench01-2026-10-01,2026-09-28,/tmp/opencode/markov-base01-build/markov-cero-solve,714ff78c14e1ad33b18eab26a2f6cd1235dfce5561a552c1d430fd548f3d8125,data/miplib/ran14x18-disj-8.mps,miplib,MILP,train,2,warm,absent,1,300.0,,,,,,,,,,,,,,,,model_not_in_checkout
bench01-2026-10-01,2026-09-28,/tmp/opencode/markov-base01-build/markov-cero-solve,714ff78c14e1ad33b18eab26a2f6cd1235dfce5561a552c1d430fd548f3d8125,data/miplib/reblock115.mps,miplib,MILP,train,2,warm,absent,1,300.0,,,,,,,,,,,,,,,,model_not_in_checkout
bench01-2026-10-01,2026-09-28,/tmp/opencode/markov-base01-build/markov-cero-solve,714ff78c14e1ad33b18eab26a2f6cd1235dfce5561a552c1d430fd548f3d8125,data/miplib/rmatr100-p10.mps,miplib,MILP,train,2,warm,absent,1,300.0,,,,,,,,,,,,,,,,model_not_in_checkout
bench01-2026-10-01,2026-09-28,/tmp/opencode/markov-base01-build/markov-cero-solve,714ff78c14e1ad33b18eab26a2f6cd1235dfce5561a552c1d430fd548f3d8125,data/miplib/rocI-4-11.mps,miplib,MILP,train,2,warm,absent,1,300.0,,,,,,,,,,,,,,,,model_not_in_checkout
bench01-2026-10-01,2026-09-28,/tmp/opencode/markov-base01-build/markov-cero-solve,714ff78c14e1ad33b18eab26a2f6cd1235dfce5561a552c1d430fd548f3d8125,data/miplib/rococoB10-011000.mps,miplib,MILP,train,2,warm,absent,1,300.0,,,,,,,,,,,,,,,,model_not_in_checkout
bench01-2026-10-01,2026-09-28,/tmp/opencode/markov-base01-build/markov-cero-solve,714ff78c14e1ad33b18eab26a2f6cd1235dfce5561a552c1d430fd548f3d8125,data/miplib/sct2.mps,miplib,MILP,train,2,warm,absent,1,300.0,,,,,,,,,,,,,,,,model_not_in_checkout
bench01-2026-10-01,2026-09-28,/tmp/opencode/markov-base01-build/markov-cero-solve,714ff78c14e1ad33b18eab26a2f6cd1235dfce5561a552c1d430fd548f3d8125,data/miplib/seymour.mps,miplib,MILP,train,2,warm,absent,1,300.0,,,,,,,,,,,,,,,,model_not_in_checkout
bench01-2026-10-01,2026-09-28,/tmp/opencode/markov-base01-build/markov-cero-solve,714ff78c14e1ad33b18eab26a2f6cd1235dfce5561a552c1d430fd548f3d8125,data/miplib/seymour1.mps,miplib,MILP,train,2,warm,absent,1,300.0,,,,,,,,,,,,,,,,model_not_in_checkout
bench01-2026-10-01,2026-09-28,/tmp/opencode/markov-base01-build/markov-cero-solve,714ff78c14e1ad33b18eab26a2f6cd1235dfce5561a552c1d430fd548f3d8125,data/miplib/sp98ar.mps,miplib,MILP,train,2,warm,absent,1,300.0,,,,,,,,,,,,,,,,model_not_in_checkout
bench01-2026-10-01,2026-09-28,/tmp/opencode/markov-base01-build/markov-cero-solve,714ff78c14e1ad33b18eab26a2f6cd1235dfce5561a552c1d430fd548f3d8125,data/miplib/stein15.mps,miplib,MILP,train,2,warm,ok,1,300.0,18415.933,18406.412941,Optimal,true,tree_replayed,9,9,0,169,34320,8424,9.0,0.0,pass,0.000000e+00,stderr=markov-cero 0.5.2 Optimal [MILP -> milp] VERIFIED proof: tier=independent_tree status=accepted budget_exhausted=false nodes=241 witness_values=23709 build_ms=3235.6116959999999 replay_ms=16.293447
bench01-2026-10-01,2026-09-28,/tmp/opencode/markov-base01-build/markov-cero-solve,714ff78c14e1ad33b18eab26a2f6cd1235dfce5561a552c1d430fd548f3d8125,data/miplib/stein9.mps,miplib,MILP,train,2,warm,ok,1,300.0,254.054,250.765966,Optimal,true,tree_replayed,5,5,0,13,976,6544,5.0,0.0,pass,0.000000e+00,stderr=markov-cero 0.5.2 Optimal [MILP -> milp] VERIFIED proof: tier=independent_tree status=accepted budget_exhausted=false nodes=33 witness_values=1413 build_ms=77.650216999999998 replay_ms=1.706858
bench01-2026-10-01,2026-09-28,/tmp/opencode/markov-base01-build/markov-cero-solve,714ff78c14e1ad33b18eab26a2f6cd1235dfce5561a552c1d430fd548f3d8125,data/miplib/supportcase26.mps,miplib,MILP,train,2,warm,absent,1,300.0,,,,,,,,,,,,,,,,model_not_in_checkout
bench01-2026-10-01,2026-09-28,/tmp/opencode/markov-base01-build/markov-cero-solve,714ff78c14e1ad33b18eab26a2f6cd1235dfce5561a552c1d430fd548f3d8125,data/miplib/mas74.mps,miplib,MILP,train,2,warm,ok,1,300.0,300004.318,300001.849956,ResourceLimit,false,unverified,0,10704.056558394814,0.9999999892959435,380,319651,8360,11801.18572,11801.18572,not_checked,no primal vector in result,exit_code=5; stderr=markov-cero 0.5.2 ResourceLimit [MILP -> milp] NOT VERIFIED proof: tier=unverified status=not_requested budget_exhausted=false nodes=0 witness_values=0 build_ms=0 replay_ms=0
bench01-2026-10-01,2026-09-28,/tmp/opencode/markov-base01-build/markov-cero-solve,714ff78c14e1ad33b18eab26a2f6cd1235dfce5561a552c1d430fd548f3d8125,data/miplib/tr12-30.mps,miplib,MILP,train,2,warm,absent,1,300.0,,,,,,,,,,,,,,,,model_not_in_checkout
bench01-2026-10-01,2026-09-28,/tmp/opencode/markov-base01-build/markov-cero-solve,714ff78c14e1ad33b18eab26a2f6cd1235dfce5561a552c1d430fd548f3d8125,data/miplib/traininstance6.mps,miplib,MILP,train,2,warm,absent,1,300.0,,,,,,,,,,,,,,,,model_not_in_checkout
bench01-2026-10-01,2026-09-28,/tmp/opencode/markov-base01-build/markov-cero-solve,714ff78c14e1ad33b18eab26a2f6cd1235dfce5561a552c1d430fd548f3d8125,data/miplib/trento1.mps,miplib,MILP,train,2,warm,absent,1,300.0,,,,,,,,,,,,,,,,model_not_in_checkout
bench01-2026-10-01,2026-09-28,/tmp/opencode/markov-base01-build/markov-cero-solve,714ff78c14e1ad33b18eab26a2f6cd1235dfce5561a552c1d430fd548f3d8125,data/miplib/wachplan.mps,miplib,MILP,train,2,warm,absent,1,300.0,,,,,,,,,,,,,,,,model_not_in_checkout
bench01-2026-10-01,2026-09-28,/tmp/opencode/markov-base01-build/markov-cero-solve,714ff78c14e1ad33b18eab26a2f6cd1235dfce5561a552c1d430fd548f3d8125,data/mittelmann/30n20b8.mps,mittelmann,MILP,train,2,warm,absent,1,300.0,,,,,,,,,,,,,,,,model_not_in_checkout
bench01-2026-10-01,2026-09-28,/tmp/opencode/markov-base01-build/markov-cero-solve,714ff78c14e1ad33b18eab26a2f6cd1235dfce5561a552c1d430fd548f3d8125,data/mittelmann/bienst2.mps,mittelmann,MILP,train,2,warm,absent,1,300.0,,,,,,,,,,,,,,,,model_not_in_checkout
bench01-2026-10-01,2026-09-28,/tmp/opencode/markov-base01-build/markov-cero-solve,714ff78c14e1ad33b18eab26a2f6cd1235dfce5561a552c1d430fd548f3d8125,data/mittelmann/fome12.mps,mittelmann,MILP,train,2,warm,absent,1,300.0,,,,,,,,,,,,,,,,model_not_in_checkout
bench01-2026-10-01,2026-09-28,/tmp/opencode/markov-base01-build/markov-cero-solve,714ff78c14e1ad33b18eab26a2f6cd1235dfce5561a552c1d430fd548f3d8125,data/mittelmann/fome13.mps,mittelmann,MILP,train,2,warm,absent,1,300.0,,,,,,,,,,,,,,,,model_not_in_checkout
bench01-2026-10-01,2026-09-28,/tmp/opencode/markov-base01-build/markov-cero-solve,714ff78c14e1ad33b18eab26a2f6cd1235dfce5561a552c1d430fd548f3d8125,data/miplib/neos-2657525-crna.mps,miplib,MILP,train,2,warm,ok,1,300.0,300017.458,300014.831449,ResourceLimit,false,unverified,0,0,,29,35421,16252,1.810748,1.810748,not_checked,no primal vector in result,exit_code=5; stderr=markov-cero 0.5.2 ResourceLimit [MILP -> milp] NOT VERIFIED proof: tier=unverified status=not_requested budget_exhausted=false nodes=0 witness_values=0 build_ms=0 replay_ms=0
bench01-2026-10-01,2026-09-28,/tmp/opencode/markov-base01-build/markov-cero-solve,714ff78c14e1ad33b18eab26a2f6cd1235dfce5561a552c1d430fd548f3d8125,data/mittelmann/mkc1.mps,mittelmann,MILP,train,2,warm,absent,1,300.0,,,,,,,,,,,,,,,,model_not_in_checkout
bench01-2026-10-01,2026-09-28,/tmp/opencode/markov-base01-build/markov-cero-solve,714ff78c14e1ad33b18eab26a2f6cd1235dfce5561a552c1d430fd548f3d8125,data/mittelmann/pds-20.mps,mittelmann,MILP,train,2,warm,absent,1,300.0,,,,,,,,,,,,,,,,model_not_in_checkout
bench01-2026-10-01,2026-09-28,/tmp/opencode/markov-base01-build/markov-cero-solve,714ff78c14e1ad33b18eab26a2f6cd1235dfce5561a552c1d430fd548f3d8125,data/mittelmann/qap15.mps,mittelmann,MILP,train,2,warm,absent,1,300.0,,,,,,,,,,,,,,,,model_not_in_checkout
bench01-2026-10-01,2026-09-28,/tmp/opencode/markov-base01-build/markov-cero-solve,714ff78c14e1ad33b18eab26a2f6cd1235dfce5561a552c1d430fd548f3d8125,data/mittelmann/rail507.mps,mittelmann,MILP,train,2,warm,absent,1,300.0,,,,,,,,,,,,,,,,model_not_in_checkout
bench01-2026-10-01,2026-09-28,/tmp/opencode/markov-base01-build/markov-cero-solve,714ff78c14e1ad33b18eab26a2f6cd1235dfce5561a552c1d430fd548f3d8125,data/miplib/neos-3046615-murg.mps,miplib,MILP,train,2,warm,ok,1,300.0,307719.136,307715.895451,ResourceLimit,false,unverified,0,194,,14,14171,12324,1600.0,1600.0,not_checked,no primal vector in result,exit_code=5; stderr=markov-cero 0.5.2 ResourceLimit [MILP -> milp] NOT VERIFIED proof: tier=unverified status=not_requested budget_exhausted=false nodes=0 witness_values=0 build_ms=0 replay_ms=0
bench01-2026-10-01,2026-09-28,/tmp/opencode/markov-base01-build/markov-cero-solve,714ff78c14e1ad33b18eab26a2f6cd1235dfce5561a552c1d430fd548f3d8125,data/netlib/25fv47.mps,netlib,LP,train,2,warm,absent,1,60.0,,,,,,,,,,,,,,,,model_not_in_checkout
bench01-2026-10-01,2026-09-28,/tmp/opencode/markov-base01-build/markov-cero-solve,714ff78c14e1ad33b18eab26a2f6cd1235dfce5561a552c1d430fd548f3d8125,data/netlib/adlittle.mps,netlib,LP,train,2,warm,ok,1,60.0,236.782,234.35457,Optimal,true,optimality_witness_checked,225494.9631623804,225494.9631623804,0,1,625,5804,225494.96316238,3.7834979593753815e-10,pass,9.094947e-13,stderr=markov-cero 0.5.2 Optimal [LP -> primal] VERIFIED
bench01-2026-10-01,2026-09-28,/tmp/opencode/markov-base01-build/markov-cero-solve,714ff78c14e1ad33b18eab26a2f6cd1235dfce5561a552c1d430fd548f3d8125,data/netlib/afiro.mps,netlib,LP,train,2,warm,ok,1,60.0,9.667,7.446319,Optimal,true,optimality_witness_checked,-464.75314285714285,-464.75314285714285,0,1,55,5856,-464.753142857143,1.7053025658242404e-13,pass,4.263256e-14,stderr=markov-cero 0.5.2 Optimal [LP -> primal] VERIFIED
bench01-2026-10-01,2026-09-28,/tmp/opencode/markov-base01-build/markov-cero-solve,714ff78c14e1ad33b18eab26a2f6cd1235dfce5561a552c1d430fd548f3d8125,data/netlib/agg.mps,netlib,LP,train,2,warm,absent,1,60.0,,,,,,,,,,,,,,,,model_not_in_checkout
bench01-2026-10-01,2026-09-28,/tmp/opencode/markov-base01-build/markov-cero-solve,714ff78c14e1ad33b18eab26a2f6cd1235dfce5561a552c1d430fd548f3d8125,data/netlib/agg2.mps,netlib,LP,train,2,warm,absent,1,60.0,,,,,,,,,,,,,,,,model_not_in_checkout
bench01-2026-10-01,2026-09-28,/tmp/opencode/markov-base01-build/markov-cero-solve,714ff78c14e1ad33b18eab26a2f6cd1235dfce5561a552c1d430fd548f3d8125,data/netlib/agg3.mps,netlib,LP,train,2,warm,absent,1,60.0,,,,,,,,,,,,,,,,model_not_in_checkout
bench01-2026-10-01,2026-09-28,/tmp/opencode/markov-base01-build/markov-cero-solve,714ff78c14e1ad33b18eab26a2f6cd1235dfce5561a552c1d430fd548f3d8125,data/netlib/blend.mps,netlib,LP,train,2,warm,ok,1,60.0,352.186,350.240013,Optimal,true,optimality_witness_checked,-30.812149845828245,-30.812149845828245,0,1,547,6244,,,pass,2.842171e-14,stderr=markov-cero 0.5.2 Optimal [LP -> primal] VERIFIED
bench01-2026-10-01,2026-09-28,/tmp/opencode/markov-base01-build/markov-cero-solve,714ff78c14e1ad33b18eab26a2f6cd1235dfce5561a552c1d430fd548f3d8125,data/netlib/bnl1.mps,netlib,LP,train,2,warm,absent,1,60.0,,,,,,,,,,,,,,,,model_not_in_checkout
bench01-2026-10-01,2026-09-28,/tmp/opencode/markov-base01-build/markov-cero-solve,714ff78c14e1ad33b18eab26a2f6cd1235dfce5561a552c1d430fd548f3d8125,data/netlib/boeing1.mps,netlib,LP,train,2,warm,absent,1,60.0,,,,,,,,,,,,,,,,model_not_in_checkout
bench01-2026-10-01,2026-09-28,/tmp/opencode/markov-base01-build/markov-cero-solve,714ff78c14e1ad33b18eab26a2f6cd1235dfce5561a552c1d430fd548f3d8125,data/netlib/cycle.mps,netlib,LP,train,2,warm,absent,1,60.0,,,,,,,,,,,,,,,,model_not_in_checkout
bench01-2026-10-01,2026-09-28,/tmp/opencode/markov-base01-build/markov-cero-solve,714ff78c14e1ad33b18eab26a2f6cd1235dfce5561a552c1d430fd548f3d8125,data/netlib/czprob.mps,netlib,LP,train,2,warm,absent,1,60.0,,,,,,,,,,,,,,,,model_not_in_checkout
bench01-2026-10-01,2026-09-28,/tmp/opencode/markov-base01-build/markov-cero-solve,714ff78c14e1ad33b18eab26a2f6cd1235dfce5561a552c1d430fd548f3d8125,data/netlib/d2q06c.mps,netlib,LP,train,2,warm,absent,1,60.0,,,,,,,,,,,,,,,,model_not_in_checkout
bench01-2026-10-01,2026-09-28,/tmp/opencode/markov-base01-build/markov-cero-solve,714ff78c14e1ad33b18eab26a2f6cd1235dfce5561a552c1d430fd548f3d8125,data/netlib/d6cube.mps,netlib,LP,train,2,warm,absent,1,60.0,,,,,,,,,,,,,,,,model_not_in_checkout
bench01-2026-10-01,2026-09-28,/tmp/opencode/markov-base01-build/markov-cero-solve,714ff78c14e1ad33b18eab26a2f6cd1235dfce5561a552c1d430fd548f3d8125,data/netlib/degen2.mps,netlib,LP,train,2,warm,absent,1,60.0,,,,,,,,,,,,,,,,model_not_in_checkout
bench01-2026-10-01,2026-09-28,/tmp/opencode/markov-base01-build/markov-cero-solve,714ff78c14e1ad33b18eab26a2f6cd1235dfce5561a552c1d430fd548f3d8125,data/netlib/degen3.mps,netlib,LP,train,2,warm,absent,1,60.0,,,,,,,,,,,,,,,,model_not_in_checkout
bench01-2026-10-01,2026-09-28,/tmp/opencode/markov-base01-build/markov-cero-solve,714ff78c14e1ad33b18eab26a2f6cd1235dfce5561a552c1d430fd548f3d8125,data/netlib/dfl001.mps,netlib,LP,train,2,warm,absent,1,60.0,,,,,,,,,,,,,,,,model_not_in_checkout
bench01-2026-10-01,2026-09-28,/tmp/opencode/markov-base01-build/markov-cero-solve,714ff78c14e1ad33b18eab26a2f6cd1235dfce5561a552c1d430fd548f3d8125,data/netlib/fffff800.mps,netlib,LP,train,2,warm,absent,1,60.0,,,,,,,,,,,,,,,,model_not_in_checkout
bench01-2026-10-01,2026-09-28,/tmp/opencode/markov-base01-build/markov-cero-solve,714ff78c14e1ad33b18eab26a2f6cd1235dfce5561a552c1d430fd548f3d8125,data/netlib/finnis.mps,netlib,LP,train,2,warm,absent,1,60.0,,,,,,,,,,,,,,,,model_not_in_checkout
bench01-2026-10-01,2026-09-28,/tmp/opencode/markov-base01-build/markov-cero-solve,714ff78c14e1ad33b18eab26a2f6cd1235dfce5561a552c1d430fd548f3d8125,data/netlib/fit1d.mps,netlib,LP,train,2,warm,absent,1,60.0,,,,,,,,,,,,,,,,model_not_in_checkout
bench01-2026-10-01,2026-09-28,/tmp/opencode/markov-base01-build/markov-cero-solve,714ff78c14e1ad33b18eab26a2f6cd1235dfce5561a552c1d430fd548f3d8125,data/netlib/fit1p.mps,netlib,LP,train,2,warm,absent,1,60.0,,,,,,,,,,,,,,,,model_not_in_checkout
bench01-2026-10-01,2026-09-28,/tmp/opencode/markov-base01-build/markov-cero-solve,714ff78c14e1ad33b18eab26a2f6cd1235dfce5561a552c1d430fd548f3d8125,data/netlib/fit2d.mps,netlib,LP,train,2,warm,absent,1,60.0,,,,,,,,,,,,,,,,model_not_in_checkout
bench01-2026-10-01,2026-09-28,/tmp/opencode/markov-base01-build/markov-cero-solve,714ff78c14e1ad33b18eab26a2f6cd1235dfce5561a552c1d430fd548f3d8125,data/netlib/greenbea.mps,netlib,LP,train,2,warm,absent,1,60.0,,,,,,,,,,,,,,,,model_not_in_checkout
bench01-2026-10-01,2026-09-28,/tmp/opencode/markov-base01-build/markov-cero-solve,714ff78c14e1ad33b18eab26a2f6cd1235dfce5561a552c1d430fd548f3d8125,data/netlib/grow15.mps,netlib,LP,train,2,warm,absent,1,60.0,,,,,,,,,,,,,,,,model_not_in_checkout
bench01-2026-10-01,2026-09-28,/tmp/opencode/markov-base01-build/markov-cero-solve,714ff78c14e1ad33b18eab26a2f6cd1235dfce5561a552c1d430fd548f3d8125,data/netlib/grow22.mps,netlib,LP,train,2,warm,absent,1,60.0,,,,,,,,,,,,,,,,model_not_in_checkout
bench01-2026-10-01,2026-09-28,/tmp/opencode/markov-base01-build/markov-cero-solve,714ff78c14e1ad33b18eab26a2f6cd1235dfce5561a552c1d430fd548f3d8125,data/netlib/grow7.mps,netlib,LP,train,2,warm,ok,1,60.0,16.033,13.289462,InvalidModel,false,unverified,0,,,0,0,4780,,,not_checked,no primal vector in result,exit_code=3; stderr=markov-cero 0.5.2 InvalidModel [LP -> auto] NOT VERIFIED
bench01-2026-10-01,2026-09-28,/tmp/opencode/markov-base01-build/markov-cero-solve,714ff78c14e1ad33b18eab26a2f6cd1235dfce5561a552c1d430fd548f3d8125,data/netlib/lotfi.mps,netlib,LP,train,2,warm,ok,1,60.0,1101.699,1098.324945,Optimal,true,optimality_witness_checked,-25.26470606188001,-25.26470606188001,0,1,1166,6504,,,pass,9.313226e-10,stderr=markov-cero 0.5.2 Optimal [LP -> primal] VERIFIED
bench01-2026-10-01,2026-09-28,/tmp/opencode/markov-base01-build/markov-cero-solve,714ff78c14e1ad33b18eab26a2f6cd1235dfce5561a552c1d430fd548f3d8125,data/netlib/maros-r7.mps,netlib,LP,train,2,warm,absent,1,60.0,,,,,,,,,,,,,,,,model_not_in_checkout
bench01-2026-10-01,2026-09-28,/tmp/opencode/markov-base01-build/markov-cero-solve,714ff78c14e1ad33b18eab26a2f6cd1235dfce5561a552c1d430fd548f3d8125,data/netlib/modszk1.mps,netlib,LP,train,2,warm,absent,1,60.0,,,,,,,,,,,,,,,,model_not_in_checkout
bench01-2026-10-01,2026-09-28,/tmp/opencode/markov-base01-build/markov-cero-solve,714ff78c14e1ad33b18eab26a2f6cd1235dfce5561a552c1d430fd548f3d8125,data/netlib/nesm.mps,netlib,LP,train,2,warm,absent,1,60.0,,,,,,,,,,,,,,,,model_not_in_checkout
bench01-2026-10-01,2026-09-28,/tmp/opencode/markov-base01-build/markov-cero-solve,714ff78c14e1ad33b18eab26a2f6cd1235dfce5561a552c1d430fd548f3d8125,data/netlib/perold.mps,netlib,LP,train,2,warm,absent,1,60.0,,,,,,,,,,,,,,,,model_not_in_checkout
bench01-2026-10-01,2026-09-28,/tmp/opencode/markov-base01-build/markov-cero-solve,714ff78c14e1ad33b18eab26a2f6cd1235dfce5561a552c1d430fd548f3d8125,data/netlib/pilot.ja.mps,netlib,LP,train,2,warm,absent,1,60.0,,,,,,,,,,,,,,,,model_not_in_checkout
bench01-2026-10-01,2026-09-28,/tmp/opencode/markov-base01-build/markov-cero-solve,714ff78c14e1ad33b18eab26a2f6cd1235dfce5561a552c1d430fd548f3d8125,data/netlib/pilot.mps,netlib,LP,train,2,warm,absent,1,60.0,,,,,,,,,,,,,,,,model_not_in_checkout
bench01-2026-10-01,2026-09-28,/tmp/opencode/markov-base01-build/markov-cero-solve,714ff78c14e1ad33b18eab26a2f6cd1235dfce5561a552c1d430fd548f3d8125,data/netlib/pilot4.mps,netlib,LP,train,2,warm,absent,1,60.0,,,,,,,,,,,,,,,,model_not_in_checkout
bench01-2026-10-01,2026-09-28,/tmp/opencode/markov-base01-build/markov-cero-solve,714ff78c14e1ad33b18eab26a2f6cd1235dfce5561a552c1d430fd548f3d8125,data/netlib/pilot87.mps,netlib,LP,train,2,warm,absent,1,60.0,,,,,,,,,,,,,,,,model_not_in_checkout
bench01-2026-10-01,2026-09-28,/tmp/opencode/markov-base01-build/markov-cero-solve,714ff78c14e1ad33b18eab26a2f6cd1235dfce5561a552c1d430fd548f3d8125,data/netlib/pilotnov.mps,netlib,LP,train,2,warm,absent,1,60.0,,,,,,,,,,,,,,,,model_not_in_checkout
bench01-2026-10-01,2026-09-28,/tmp/opencode/markov-base01-build/markov-cero-solve,714ff78c14e1ad33b18eab26a2f6cd1235dfce5561a552c1d430fd548f3d8125,data/netlib/qap12.mps,netlib,LP,train,2,warm,absent,1,60.0,,,,,,,,,,,,,,,,model_not_in_checkout
bench01-2026-10-01,2026-09-28,/tmp/opencode/markov-base01-build/markov-cero-solve,714ff78c14e1ad33b18eab26a2f6cd1235dfce5561a552c1d430fd548f3d8125,data/netlib/qap15.mps,netlib,LP,train,2,warm,absent,1,60.0,,,,,,,,,,,,,,,,model_not_in_checkout
bench01-2026-10-01,2026-09-28,/tmp/opencode/markov-base01-build/markov-cero-solve,714ff78c14e1ad33b18eab26a2f6cd1235dfce5561a552c1d430fd548f3d8125,data/netlib/qap8.mps,netlib,LP,train,2,warm,absent,1,60.0,,,,,,,,,,,,,,,,model_not_in_checkout
bench01-2026-10-01,2026-09-28,/tmp/opencode/markov-base01-build/markov-cero-solve,714ff78c14e1ad33b18eab26a2f6cd1235dfce5561a552c1d430fd548f3d8125,data/netlib/recipe.mps,netlib,LP,train,2,warm,ok,1,60.0,98.478,95.650242,Optimal,true,optimality_witness_checked,-266.616,-266.616,0,1,211,5960,-266.616,0.0,pass,0.000000e+00,stderr=markov-cero 0.5.2 Optimal [LP -> primal] VERIFIED
bench01-2026-10-01,2026-09-28,/tmp/opencode/markov-base01-build/markov-cero-solve,714ff78c14e1ad33b18eab26a2f6cd1235dfce5561a552c1d430fd548f3d8125,data/netlib/sc105.mps,netlib,LP,train,2,warm,ok,1,60.0,153.524,150.525359,Optimal,true,optimality_witness_checked,-52.20206121170726,-52.20206121170726,0,1,256,5800,-52.202061211707,2.6290081223123707e-13,pass,5.684342e-14,stderr=markov-cero 0.5.2 Optimal [LP -> primal] VERIFIED
bench01-2026-10-01,2026-09-28,/tmp/opencode/markov-base01-build/markov-cero-solve,714ff78c14e1ad33b18eab26a2f6cd1235dfce5561a552c1d430fd548f3d8125,data/netlib/sc205.mps,netlib,LP,train,2,warm,ok,1,60.0,10031.782,10028.462415,Optimal,true,optimality_witness_checked,-52.20206121170727,-52.20206121170727,0,1,4417,6380,-52.202061211707,2.7000623958883807e-13,pass,1.136868e-13,stderr=markov-cero 0.5.2 Optimal [LP -> primal] VERIFIED
bench01-2026-10-01,2026-09-28,/tmp/opencode/markov-base01-build/markov-cero-solve,714ff78c14e1ad33b18eab26a2f6cd1235dfce5561a552c1d430fd548f3d8125,data/netlib/sc50b.mps,netlib,LP,train,2,warm,ok,1,60.0,15.375,13.533854,Optimal,true,optimality_witness_checked,-70.00000000000001,-70.00000000000001,0,1,48,5952,-70.0,1.4210854715202004e-14,pass,5.684342e-14,stderr=markov-cero 0.5.2 Optimal [LP -> primal] VERIFIED
bench01-2026-10-01,2026-09-28,/tmp/opencode/markov-base01-build/markov-cero-solve,714ff78c14e1ad33b18eab26a2f6cd1235dfce5561a552c1d430fd548f3d8125,data/netlib/scagr7.mps,netlib,LP,train,2,warm,ok,1,60.0,277.514,274.19765,Optimal,true,optimality_witness_checked,-2331389.8243309837,-2331389.8243309837,0,1,411,6364,-2331389.82433098,3.725290298461914e-09,pass,2.728484e-12,stderr=markov-cero 0.5.2 Optimal [LP -> primal] VERIFIED
bench01-2026-10-01,2026-09-28,/tmp/opencode/markov-base01-build/markov-cero-solve,714ff78c14e1ad33b18eab26a2f6cd1235dfce5561a552c1d430fd548f3d8125,data/netlib/scfxm1.mps,netlib,LP,train,2,warm,ok,1,60.0,6309.204,6305.709589,Optimal,true,optimality_witness_checked,18416.75902834893,18416.75902834893,0,1,127,9256,,,pass,1.091394e-11,stderr=markov-cero 0.5.2 Optimal [LP -> primal] VERIFIED
bench01-2026-10-01,2026-09-28,/tmp/opencode/markov-base01-build/markov-cero-solve,714ff78c14e1ad33b18eab26a2f6cd1235dfce5561a552c1d430fd548f3d8125,data/netlib/scfxm2.mps,netlib,LP,train,2,warm,absent,1,60.0,,,,,,,,,,,,,,,,model_not_in_checkout
bench01-2026-10-01,2026-09-28,/tmp/opencode/markov-base01-build/markov-cero-solve,714ff78c14e1ad33b18eab26a2f6cd1235dfce5561a552c1d430fd548f3d8125,data/netlib/scfxm3.mps,netlib,LP,train,2,warm,absent,1,60.0,,,,,,,,,,,,,,,,model_not_in_checkout
bench01-2026-10-01,2026-09-28,/tmp/opencode/markov-base01-build/markov-cero-solve,714ff78c14e1ad33b18eab26a2f6cd1235dfce5561a552c1d430fd548f3d8125,data/netlib/scorpion.mps,netlib,LP,train,2,warm,ok,1,60.0,1558.681,1554.617469,Optimal,true,optimality_witness_checked,1878.1248227381068,1878.1248227381068,0,1,487,6972,1878.1248227381,6.821210263296962e-12,pass,9.992007e-16,stderr=markov-cero 0.5.2 Optimal [LP -> primal] VERIFIED
bench01-2026-10-01,2026-09-28,/tmp/opencode/markov-base01-build/markov-cero-solve,714ff78c14e1ad33b18eab26a2f6cd1235dfce5561a552c1d430fd548f3d8125,data/netlib/scrs8.mps,netlib,LP,train,2,warm,absent,1,60.0,,,,,,,,,,,,,,,,model_not_in_checkout
bench01-2026-10-01,2026-09-28,/tmp/opencode/markov-base01-build/markov-cero-solve,714ff78c14e1ad33b18eab26a2f6cd1235dfce5561a552c1d430fd548f3d8125,data/netlib/scsd6.mps,netlib,LP,train,2,warm,ok,1,60.0,1508.768,1503.871257,NumericalFailure,false,unverified,50.50013320878034,,,0,0,8960,,,pass,1.186821e-10,exit_code=7; stderr=markov-cero 0.5.2 NumericalFailure [LP -> primal] NOT VERIFIED numerical_diagnostic: primal_residual=1.18682064176312e-10 dual_residual=0 complementarity_gap=0.00014605328332558884 condition_estimate=
bench01-2026-10-01,2026-09-28,/tmp/opencode/markov-base01-build/markov-cero-solve,714ff78c14e1ad33b18eab26a2f6cd1235dfce5561a552c1d430fd548f3d8125,data/netlib/scsd8.mps,netlib,LP,train,2,warm,absent,1,60.0,,,,,,,,,,,,,,,,model_not_in_checkout
bench01-2026-10-01,2026-09-28,/tmp/opencode/markov-base01-build/markov-cero-solve,714ff78c14e1ad33b18eab26a2f6cd1235dfce5561a552c1d430fd548f3d8125,data/netlib/sctap3.mps,netlib,LP,train,2,warm,absent,1,60.0,,,,,,,,,,,,,,,,model_not_in_checkout
bench01-2026-10-01,2026-09-28,/tmp/opencode/markov-base01-build/markov-cero-solve,714ff78c14e1ad33b18eab26a2f6cd1235dfce5561a552c1d430fd548f3d8125,data/netlib/seba.mps,netlib,LP,train,2,warm,absent,1,60.0,,,,,,,,,,,,,,,,model_not_in_checkout
bench01-2026-10-01,2026-09-28,/tmp/opencode/markov-base01-build/markov-cero-solve,714ff78c14e1ad33b18eab26a2f6cd1235dfce5561a552c1d430fd548f3d8125,data/netlib/ship04l.mps,netlib,LP,train,2,warm,absent,1,60.0,,,,,,,,,,,,,,,,model_not_in_checkout
bench01-2026-10-01,2026-09-28,/tmp/opencode/markov-base01-build/markov-cero-solve,714ff78c14e1ad33b18eab26a2f6cd1235dfce5561a552c1d430fd548f3d8125,data/netlib/ship08l.mps,netlib,LP,train,2,warm,absent,1,60.0,,,,,,,,,,,,,,,,model_not_in_checkout
bench01-2026-10-01,2026-09-28,/tmp/opencode/markov-base01-build/markov-cero-solve,714ff78c14e1ad33b18eab26a2f6cd1235dfce5561a552c1d430fd548f3d8125,data/netlib/ship08s.mps,netlib,LP,train,2,warm,absent,1,60.0,,,,,,,,,,,,,,,,model_not_in_checkout
bench01-2026-10-01,2026-09-28,/tmp/opencode/markov-base01-build/markov-cero-solve,714ff78c14e1ad33b18eab26a2f6cd1235dfce5561a552c1d430fd548f3d8125,data/netlib/ship12l.mps,netlib,LP,train,2,warm,absent,1,60.0,,,,,,,,,,,,,,,,model_not_in_checkout
bench01-2026-10-01,2026-09-28,/tmp/opencode/markov-base01-build/markov-cero-solve,714ff78c14e1ad33b18eab26a2f6cd1235dfce5561a552c1d430fd548f3d8125,data/netlib/sierra.mps,netlib,LP,train,2,warm,absent,1,60.0,,,,,,,,,,,,,,,,model_not_in_checkout
bench01-2026-10-01,2026-09-28,/tmp/opencode/markov-base01-build/markov-cero-solve,714ff78c14e1ad33b18eab26a2f6cd1235dfce5561a552c1d430fd548f3d8125,data/netlib/standgub.mps,netlib,LP,train,2,warm,absent,1,60.0,,,,,,,,,,,,,,,,model_not_in_checkout
bench01-2026-10-01,2026-09-28,/tmp/opencode/markov-base01-build/markov-cero-solve,714ff78c14e1ad33b18eab26a2f6cd1235dfce5561a552c1d430fd548f3d8125,data/netlib/standmps.mps,netlib,LP,train,2,warm,absent,1,60.0,,,,,,,,,,,,,,,,model_not_in_checkout
bench01-2026-10-01,2026-09-28,/tmp/opencode/markov-base01-build/markov-cero-solve,714ff78c14e1ad33b18eab26a2f6cd1235dfce5561a552c1d430fd548f3d8125,data/netlib/wood1p.mps,netlib,LP,train,2,warm,absent,1,60.0,,,,,,,,,,,,,,,,model_not_in_checkout
bench01-2026-10-01,2026-09-28,/tmp/opencode/markov-base01-build/markov-cero-solve,714ff78c14e1ad33b18eab26a2f6cd1235dfce5561a552c1d430fd548f3d8125,data/netlib/woodw.mps,netlib,LP,train,2,warm,absent,1,60.0,,,,,,,,,,,,,,,,model_not_in_checkout
bench01-2026-10-01,2026-09-28,/tmp/opencode/markov-base01-build/markov-cero-solve,714ff78c14e1ad33b18eab26a2f6cd1235dfce5561a552c1d430fd548f3d8125,data/qp/QPLIB_0001.mps,qplib,QP,train,2,warm,ok,1,60.0,3.426,0.666624,Optimal,true,optimality_witness_checked,-3.499999999991098,,,1,17,5372,,,pass,0.000000e+00,stderr=markov-cero 0.5.2 Optimal [QP -> qp] VERIFIED
bench01-2026-10-01,2026-09-28,/tmp/opencode/markov-base01-build/markov-cero-solve,714ff78c14e1ad33b18eab26a2f6cd1235dfce5561a552c1d430fd548f3d8125,data/qp/QPLIB_0002.mps,qplib,QP,train,2,warm,ok,1,60.0,2.691,0.521202,Optimal,true,optimality_witness_checked,-2.10714709820743,,,1,23,5960,,,pass,0.000000e+00,stderr=markov-cero 0.5.2 Optimal [QP -> qp] VERIFIED
bench01-2026-10-01,2026-09-28,/tmp/opencode/markov-base01-build/markov-cero-solve,714ff78c14e1ad33b18eab26a2f6cd1235dfce5561a552c1d430fd548f3d8125,data/qp/QPLIB_0010.mps,qplib,QP,train,2,warm,ok,1,60.0,3.414,1.117929,Optimal,true,optimality_witness_checked,-0.10334179412050311,,,1,27,5652,,,fail,1.280096e-06,stderr=markov-cero 0.5.2 Optimal [QP -> qp] VERIFIED; harness_feasibility_failure_solver_reported_verified
bench01-2026-10-01,2026-09-28,/tmp/opencode/markov-base01-build/markov-cero-solve,714ff78c14e1ad33b18eab26a2f6cd1235dfce5561a552c1d430fd548f3d8125,data/qp/QPLIB_0025.mps,qplib,QP,train,2,warm,ok,1,60.0,2.362,0.817089,Optimal,true,optimality_witness_checked,2681.000000219597,,,1,49,20,,,pass,3.124709e-07,stderr=markov-cero 0.5.2 Optimal [QP -> qp] VERIFIED
bench01-2026-10-01,2026-09-28,/tmp/opencode/markov-base01-build/markov-cero-solve,714ff78c14e1ad33b18eab26a2f6cd1235dfce5561a552c1d430fd548f3d8125,data/qp/QPLIB_8515.mps,qplib,QP,train,2,warm,absent,1,60.0,,,,,,,,,,,,,,,,model_not_in_checkout
bench01-2026-10-01,2026-09-28,/tmp/opencode/markov-base01-build/markov-cero-solve,714ff78c14e1ad33b18eab26a2f6cd1235dfce5561a552c1d430fd548f3d8125,data/qp/QPLIB_8559.mps,qplib,QP,train,2,warm,absent,1,60.0,,,,,,,,,,,,,,,,model_not_in_checkout
bench01-2026-10-01,2026-09-28,/tmp/opencode/markov-base01-build/markov-cero-solve,714ff78c14e1ad33b18eab26a2f6cd1235dfce5561a552c1d430fd548f3d8125,data/qp/QPLIB_8567.mps,qplib,QP,train,2,warm,absent,1,60.0,,,,,,,,,,,,,,,,model_not_in_checkout
bench01-2026-10-01,2026-09-28,/tmp/opencode/markov-base01-build/markov-cero-solve,714ff78c14e1ad33b18eab26a2f6cd1235dfce5561a552c1d430fd548f3d8125,data/qp/QPLIB_8602.mps,qplib,QP,train,2,warm,absent,1,60.0,,,,,,,,,,,,,,,,model_not_in_checkout
bench01-2026-10-01,2026-09-28,/tmp/opencode/markov-base01-build/markov-cero-solve,714ff78c14e1ad33b18eab26a2f6cd1235dfce5561a552c1d430fd548f3d8125,data/qp/QPLIB_8616.mps,qplib,QP,train,2,warm,absent,1,60.0,,,,,,,,,,,,,,,,model_not_in_checkout
bench01-2026-10-01,2026-09-28,/tmp/opencode/markov-base01-build/markov-cero-solve,714ff78c14e1ad33b18eab26a2f6cd1235dfce5561a552c1d430fd548f3d8125,data/qp/QPLIB_8785.mps,qplib,QP,train,2,warm,absent,1,60.0,,,,,,,,,,,,,,,,model_not_in_checkout
bench01-2026-10-01,2026-09-28,/tmp/opencode/markov-base01-build/markov-cero-solve,714ff78c14e1ad33b18eab26a2f6cd1235dfce5561a552c1d430fd548f3d8125,data/qp/QPLIB_8790.mps,qplib,QP,train,2,warm,absent,1,60.0,,,,,,,,,,,,,,,,model_not_in_checkout
bench01-2026-10-01,2026-09-28,/tmp/opencode/markov-base01-build/markov-cero-solve,714ff78c14e1ad33b18eab26a2f6cd1235dfce5561a552c1d430fd548f3d8125,data/qp/QPLIB_8792.mps,qplib,QP,train,2,warm,absent,1,60.0,,,,,,,,,,,,,,,,model_not_in_checkout
bench01-2026-10-01,2026-09-28,/tmp/opencode/markov-base01-build/markov-cero-solve,714ff78c14e1ad33b18eab26a2f6cd1235dfce5561a552c1d430fd548f3d8125,data/qp/QPLIB_8845.mps,qplib,QP,train,2,warm,absent,1,60.0,,,,,,,,,,,,,,,,model_not_in_checkout
bench01-2026-10-01,2026-09-28,/tmp/opencode/markov-base01-build/markov-cero-solve,714ff78c14e1ad33b18eab26a2f6cd1235dfce5561a552c1d430fd548f3d8125,data/qp/QPLIB_8938.mps,qplib,QP,train,2,warm,absent,1,60.0,,,,,,,,,,,,,,,,model_not_in_checkout
bench01-2026-10-01,2026-09-28,/tmp/opencode/markov-base01-build/markov-cero-solve,714ff78c14e1ad33b18eab26a2f6cd1235dfce5561a552c1d430fd548f3d8125,data/qp/QPLIB_8991.mps,qplib,QP,train,2,warm,absent,1,60.0,,,,,,,,,,,,,,,,model_not_in_checkout
bench01-2026-10-01,2026-09-28,/tmp/opencode/markov-base01-build/markov-cero-solve,714ff78c14e1ad33b18eab26a2f6cd1235dfce5561a552c1d430fd548f3d8125,data/miplib/timtab1.mps,miplib,MILP,train,2,warm,ok,1,300.0,300010.303,300006.795998,ResourceLimit,false,unverified,0,76793,,112,90692,11452,764771.99999978,764771.99999978,not_checked,no primal vector in result,exit_code=5; stderr=markov-cero 0.5.2 ResourceLimit [MILP -> milp] NOT VERIFIED proof: tier=unverified status=not_requested budget_exhausted=false nodes=0 witness_values=0 build_ms=0 replay_ms=0
bench01-2026-10-01,2026-09-28,/tmp/opencode/markov-base01-build/markov-cero-solve,714ff78c14e1ad33b18eab26a2f6cd1235dfce5561a552c1d430fd548f3d8125,data/mittelmann/markshare_5_0.mps,mittelmann,MILP,train,2,warm,ok,1,300.0,300022.701,300019.150967,ResourceLimit,false,unverified,0,0,1,2476,476347,38436,,,not_checked,no primal vector in result,exit_code=5; stderr=markov-cero 0.5.2 ResourceLimit [MILP -> milp] NOT VERIFIED proof: tier=unverified status=not_requested budget_exhausted=false nodes=0 witness_values=0 build_ms=0 replay_ms=0
bench01-2026-10-01,2026-09-28,/tmp/opencode/markov-base01-build/markov-cero-solve,714ff78c14e1ad33b18eab26a2f6cd1235dfce5561a552c1d430fd548f3d8125,data/mittelmann/ran14x18_1.mps,mittelmann,MILP,train,2,warm,ok,1,300.0,300009.365,300006.202602,ResourceLimit,false,unverified,0,3076.130509878838,0.281109953288423,122,123403,11816,,,not_checked,no primal vector in result,exit_code=5; stderr=markov-cero 0.5.2 ResourceLimit [MILP -> milp] NOT VERIFIED proof: tier=unverified status=not_requested budget_exhausted=false nodes=0 witness_values=0 build_ms=0 replay_ms=0
bench01-2026-10-01,2026-09-28,/tmp/opencode/markov-base01-build/markov-cero-solve,714ff78c14e1ad33b18eab26a2f6cd1235dfce5561a552c1d430fd548f3d8125,data/miplib/b1c1s1.mps,miplib,MILP,holdout,3,warm,absent,1,300.0,,,,,,,,,,,,,,,,model_not_in_checkout
bench01-2026-10-01,2026-09-28,/tmp/opencode/markov-base01-build/markov-cero-solve,714ff78c14e1ad33b18eab26a2f6cd1235dfce5561a552c1d430fd548f3d8125,data/miplib/fastxgemm-n2r6s0t2.mps,miplib,MILP,holdout,3,warm,absent,1,300.0,,,,,,,,,,,,,,,,model_not_in_checkout
bench01-2026-10-01,2026-09-28,/tmp/opencode/markov-base01-build/markov-cero-solve,714ff78c14e1ad33b18eab26a2f6cd1235dfce5561a552c1d430fd548f3d8125,data/miplib/gmu-35-50.mps,miplib,MILP,holdout,3,warm,absent,1,300.0,,,,,,,,,,,,,,,,model_not_in_checkout
bench01-2026-10-01,2026-09-28,/tmp/opencode/markov-base01-build/markov-cero-solve,714ff78c14e1ad33b18eab26a2f6cd1235dfce5561a552c1d430fd548f3d8125,data/miplib/graphdraw-domain.mps,miplib,MILP,holdout,3,warm,absent,1,300.0,,,,,,,,,,,,,,,,model_not_in_checkout
bench01-2026-10-01,2026-09-28,/tmp/opencode/markov-base01-build/markov-cero-solve,714ff78c14e1ad33b18eab26a2f6cd1235dfce5561a552c1d430fd548f3d8125,data/miplib/lotsize.mps,miplib,MILP,holdout,3,warm,absent,1,300.0,,,,,,,,,,,,,,,,model_not_in_checkout
bench01-2026-10-01,2026-09-28,/tmp/opencode/markov-base01-build/markov-cero-solve,714ff78c14e1ad33b18eab26a2f6cd1235dfce5561a552c1d430fd548f3d8125,data/miplib/neos-1171448.mps,miplib,MILP,holdout,3,warm,absent,1,300.0,,,,,,,,,,,,,,,,model_not_in_checkout
bench01-2026-10-01,2026-09-28,/tmp/opencode/markov-base01-build/markov-cero-solve,714ff78c14e1ad33b18eab26a2f6cd1235dfce5561a552c1d430fd548f3d8125,data/cases/pochet_lot_sizing.mps,cases,MILP,holdout,3,warm,hash_mismatch,1,300.0,,,,,,,,,,,,,,,,model_sha256_disagrees
bench01-2026-10-01,2026-09-28,/tmp/opencode/markov-base01-build/markov-cero-solve,714ff78c14e1ad33b18eab26a2f6cd1235dfce5561a552c1d430fd548f3d8125,data/miplib/neos-4954672-berkel.mps,miplib,MILP,holdout,3,warm,absent,1,300.0,,,,,,,,,,,,,,,,model_not_in_checkout
bench01-2026-10-01,2026-09-28,/tmp/opencode/markov-base01-build/markov-cero-solve,714ff78c14e1ad33b18eab26a2f6cd1235dfce5561a552c1d430fd548f3d8125,data/miplib/neos-5107597-kakapo.mps,miplib,MILP,holdout,3,warm,absent,1,300.0,,,,,,,,,,,,,,,,model_not_in_checkout
bench01-2026-10-01,2026-09-28,/tmp/opencode/markov-base01-build/markov-cero-solve,714ff78c14e1ad33b18eab26a2f6cd1235dfce5561a552c1d430fd548f3d8125,data/cases/capitanescu_dc_opf.mps,cases,MILP,holdout,3,warm,hash_mismatch,1,300.0,,,,,,,,,,,,,,,,model_sha256_disagrees
bench01-2026-10-01,2026-09-28,/tmp/opencode/markov-base01-build/markov-cero-solve,714ff78c14e1ad33b18eab26a2f6cd1235dfce5561a552c1d430fd548f3d8125,data/miplib/supportcase18.mps,miplib,MILP,holdout,3,warm,absent,1,300.0,,,,,,,,,,,,,,,,model_not_in_checkout
bench01-2026-10-01,2026-09-28,/tmp/opencode/markov-base01-build/markov-cero-solve,714ff78c14e1ad33b18eab26a2f6cd1235dfce5561a552c1d430fd548f3d8125,data/miplib/swath1.mps,miplib,MILP,holdout,3,warm,absent,1,300.0,,,,,,,,,,,,,,,,model_not_in_checkout
bench01-2026-10-01,2026-09-28,/tmp/opencode/markov-base01-build/markov-cero-solve,714ff78c14e1ad33b18eab26a2f6cd1235dfce5561a552c1d430fd548f3d8125,data/miplib/traininstance2.mps,miplib,MILP,holdout,3,warm,absent,1,300.0,,,,,,,,,,,,,,,,model_not_in_checkout
bench01-2026-10-01,2026-09-28,/tmp/opencode/markov-base01-build/markov-cero-solve,714ff78c14e1ad33b18eab26a2f6cd1235dfce5561a552c1d430fd548f3d8125,data/mittelmann/air05.mps,mittelmann,MILP,holdout,3,warm,absent,1,300.0,,,,,,,,,,,,,,,,model_not_in_checkout
bench01-2026-10-01,2026-09-28,/tmp/opencode/markov-base01-build/markov-cero-solve,714ff78c14e1ad33b18eab26a2f6cd1235dfce5561a552c1d430fd548f3d8125,data/mittelmann/bienst1.mps,mittelmann,MILP,holdout,3,warm,absent,1,300.0,,,,,,,,,,,,,,,,model_not_in_checkout
bench01-2026-10-01,2026-09-28,/tmp/opencode/markov-base01-build/markov-cero-solve,714ff78c14e1ad33b18eab26a2f6cd1235dfce5561a552c1d430fd548f3d8125,data/mittelmann/rail516.mps,mittelmann,MILP,holdout,3,warm,absent,1,300.0,,,,,,,,,,,,,,,,model_not_in_checkout
bench01-2026-10-01,2026-09-28,/tmp/opencode/markov-base01-build/markov-cero-solve,714ff78c14e1ad33b18eab26a2f6cd1235dfce5561a552c1d430fd548f3d8125,data/mittelmann/rail582.mps,mittelmann,MILP,holdout,3,warm,absent,1,300.0,,,,,,,,,,,,,,,,model_not_in_checkout
bench01-2026-10-01,2026-09-28,/tmp/opencode/markov-base01-build/markov-cero-solve,714ff78c14e1ad33b18eab26a2f6cd1235dfce5561a552c1d430fd548f3d8125,data/miplib/rococoC10-001000.mps,miplib,MILP,holdout,3,warm,absent,1,300.0,,,,,,,,,,,,,,,,model_not_in_checkout
bench01-2026-10-01,2026-09-28,/tmp/opencode/markov-base01-build/markov-cero-solve,714ff78c14e1ad33b18eab26a2f6cd1235dfce5561a552c1d430fd548f3d8125,data/netlib/bore3d.mps,netlib,LP,holdout,3,warm,ok,1,60.0,1636.16,1633.486477,NumericalFailure,false,unverified,1373.0804138468477,,,0,319,8024,,,not_checked,primal and variable_names differ in length,exit_code=7; stderr=markov-cero 0.5.2 NumericalFailure [LP -> primal] NOT VERIFIED numerical_diagnostic: primal_residual=4.3338091466345384e-09 dual_residual=4.8783501746014274e-11 complementarity_gap=0.00185362991938647
bench01-2026-10-01,2026-09-28,/tmp/opencode/markov-base01-build/markov-cero-solve,714ff78c14e1ad33b18eab26a2f6cd1235dfce5561a552c1d430fd548f3d8125,data/netlib/e226.mps,netlib,LP,holdout,3,warm,ok,1,60.0,13.451,11.157635,InvalidModel,false,unverified,0,,,0,0,4772,,,not_checked,no primal vector in result,exit_code=3; stderr=markov-cero 0.5.2 InvalidModel [LP -> auto] NOT VERIFIED
bench01-2026-10-01,2026-09-28,/tmp/opencode/markov-base01-build/markov-cero-solve,714ff78c14e1ad33b18eab26a2f6cd1235dfce5561a552c1d430fd548f3d8125,data/netlib/brandy.mps,netlib,LP,holdout,3,warm,ok,1,60.0,7107.371,7104.536383,Optimal,true,optimality_witness_checked,1518.509896488128,1518.509896488128,0,1,612,8248,,,pass,6.821210e-13,stderr=markov-cero 0.5.2 Optimal [LP -> primal] VERIFIED
bench01-2026-10-01,2026-09-28,/tmp/opencode/markov-base01-build/markov-cero-solve,714ff78c14e1ad33b18eab26a2f6cd1235dfce5561a552c1d430fd548f3d8125,data/netlib/greenbeb.mps,netlib,LP,holdout,3,warm,absent,1,60.0,,,,,,,,,,,,,,,,model_not_in_checkout
bench01-2026-10-01,2026-09-28,/tmp/opencode/markov-base01-build/markov-cero-solve,714ff78c14e1ad33b18eab26a2f6cd1235dfce5561a552c1d430fd548f3d8125,data/netlib/pilot.we.mps,netlib,LP,holdout,3,warm,absent,1,60.0,,,,,,,,,,,,,,,,model_not_in_checkout
bench01-2026-10-01,2026-09-28,/tmp/opencode/markov-base01-build/markov-cero-solve,714ff78c14e1ad33b18eab26a2f6cd1235dfce5561a552c1d430fd548f3d8125,data/netlib/sc50a.mps,netlib,LP,holdout,3,warm,ok,1,60.0,23.755,20.676695,Optimal,true,optimality_witness_checked,-64.57507705856453,-64.57507705856453,0,1,54,5652,-64.575077058564,5.258016244624741e-13,pass,2.842171e-14,stderr=markov-cero 0.5.2 Optimal [LP -> primal] VERIFIED
bench01-2026-10-01,2026-09-28,/tmp/opencode/markov-base01-build/markov-cero-solve,714ff78c14e1ad33b18eab26a2f6cd1235dfce5561a552c1d430fd548f3d8125,data/netlib/scagr25.mps,netlib,LP,holdout,3,warm,ok,1,60.0,10066.887,10061.69026,Optimal,true,optimality_witness_checked,-14753433.06076852,-14753433.06076852,0,1,3204,7168,,,pass,1.818989e-12,stderr=markov-cero 0.5.2 Optimal [LP -> primal] VERIFIED
bench01-2026-10-01,2026-09-28,/tmp/opencode/markov-base01-build/markov-cero-solve,714ff78c14e1ad33b18eab26a2f6cd1235dfce5561a552c1d430fd548f3d8125,data/netlib/sctap2.mps,netlib,LP,holdout,3,warm,absent,1,60.0,,,,,,,,,,,,,,,,model_not_in_checkout
bench01-2026-10-01,2026-09-28,/tmp/opencode/markov-base01-build/markov-cero-solve,714ff78c14e1ad33b18eab26a2f6cd1235dfce5561a552c1d430fd548f3d8125,data/netlib/share1b.mps,netlib,LP,holdout,3,warm,ok,1,60.0,1396.096,1392.72984,Optimal,true,optimality_witness_checked,-76589.31857918539,-76589.31857918539,0,1,1266,6568,-76589.3185791855,1.1641532182693481e-10,pass,5.067908e-10,stderr=markov-cero 0.5.2 Optimal [LP -> primal] VERIFIED
bench01-2026-10-01,2026-09-28,/tmp/opencode/markov-base01-build/markov-cero-solve,714ff78c14e1ad33b18eab26a2f6cd1235dfce5561a552c1d430fd548f3d8125,data/netlib/share2b.mps,netlib,LP,holdout,3,warm,ok,1,60.0,389.842,387.069653,Optimal,true,optimality_witness_checked,-415.7322407414181,-415.7322407414181,0,1,473,5948,-415.732240741418,5.684341886080802e-14,pass,9.094947e-13,stderr=markov-cero 0.5.2 Optimal [LP -> primal] VERIFIED
bench01-2026-10-01,2026-09-28,/tmp/opencode/markov-base01-build/markov-cero-solve,714ff78c14e1ad33b18eab26a2f6cd1235dfce5561a552c1d430fd548f3d8125,data/netlib/shell.mps,netlib,LP,holdout,3,warm,absent,1,60.0,,,,,,,,,,,,,,,,model_not_in_checkout
bench01-2026-10-01,2026-09-28,/tmp/opencode/markov-base01-build/markov-cero-solve,714ff78c14e1ad33b18eab26a2f6cd1235dfce5561a552c1d430fd548f3d8125,data/netlib/stair.mps,netlib,LP,holdout,3,warm,absent,1,60.0,,,,,,,,,,,,,,,,model_not_in_checkout
bench01-2026-10-01,2026-09-28,/tmp/opencode/markov-base01-build/markov-cero-solve,714ff78c14e1ad33b18eab26a2f6cd1235dfce5561a552c1d430fd548f3d8125,data/netlib/stocfor1.mps,netlib,LP,holdout,3,warm,ok,1,60.0,300.38,296.904964,Optimal,true,optimality_witness_checked,-41131.97621943642,-41131.97621943642,0,1,432,6280,,,pass,2.728484e-12,stderr=markov-cero 0.5.2 Optimal [LP -> primal] VERIFIED
bench01-2026-10-01,2026-09-28,/tmp/opencode/markov-base01-build/markov-cero-solve,714ff78c14e1ad33b18eab26a2f6cd1235dfce5561a552c1d430fd548f3d8125,data/netlib/stocfor3.mps,netlib,LP,holdout,3,warm,absent,1,60.0,,,,,,,,,,,,,,,,model_not_in_checkout
bench01-2026-10-01,2026-09-28,/tmp/opencode/markov-base01-build/markov-cero-solve,714ff78c14e1ad33b18eab26a2f6cd1235dfce5561a552c1d430fd548f3d8125,data/netlib/tuff.mps,netlib,LP,holdout,3,warm,absent,1,60.0,,,,,,,,,,,,,,,,model_not_in_checkout
bench01-2026-10-01,2026-09-28,/tmp/opencode/markov-base01-build/markov-cero-solve,714ff78c14e1ad33b18eab26a2f6cd1235dfce5561a552c1d430fd548f3d8125,data/qp/QPLIB_8495.mps,qplib,QP,holdout,3,warm,absent,1,60.0,,,,,,,,,,,,,,,,model_not_in_checkout
bench01-2026-10-01,2026-09-28,/tmp/opencode/markov-base01-build/markov-cero-solve,714ff78c14e1ad33b18eab26a2f6cd1235dfce5561a552c1d430fd548f3d8125,data/qp/QPLIB_8906.mps,qplib,QP,holdout,3,warm,absent,1,60.0,,,,,,,,,,,,,,,,model_not_in_checkout
bench01-2026-10-01,2026-09-28,/tmp/opencode/markov-base01-build/markov-cero-solve,714ff78c14e1ad33b18eab26a2f6cd1235dfce5561a552c1d430fd548f3d8125,data/cases/refinery_scheduling_large.mps,cases,MILP,tune,3,warm,hash_mismatch,1,300.0,,,,,,,,,,,,,,,,model_sha256_disagrees
bench01-2026-10-01,2026-09-28,/tmp/opencode/markov-base01-build/markov-cero-solve,714ff78c14e1ad33b18eab26a2f6cd1235dfce5561a552c1d430fd548f3d8125,data/miplib/CMS750_4.mps,miplib,MILP,tune,3,warm,absent,1,300.0,,,,,,,,,,,,,,,,model_not_in_checkout
bench01-2026-10-01,2026-09-28,/tmp/opencode/markov-base01-build/markov-cero-solve,714ff78c14e1ad33b18eab26a2f6cd1235dfce5561a552c1d430fd548f3d8125,data/miplib/beasleyC3.mps,miplib,MILP,tune,3,warm,absent,1,300.0,,,,,,,,,,,,,,,,model_not_in_checkout
bench01-2026-10-01,2026-09-28,/tmp/opencode/markov-base01-build/markov-cero-solve,714ff78c14e1ad33b18eab26a2f6cd1235dfce5561a552c1d430fd548f3d8125,data/miplib/bnatt400.mps,miplib,MILP,tune,3,warm,absent,1,300.0,,,,,,,,,,,,,,,,model_not_in_checkout
bench01-2026-10-01,2026-09-28,/tmp/opencode/markov-base01-build/markov-cero-solve,714ff78c14e1ad33b18eab26a2f6cd1235dfce5561a552c1d430fd548f3d8125,data/miplib/bppc4-08.mps,miplib,MILP,tune,3,warm,absent,1,300.0,,,,,,,,,,,,,,,,model_not_in_checkout
bench01-2026-10-01,2026-09-28,/tmp/opencode/markov-base01-build/markov-cero-solve,714ff78c14e1ad33b18eab26a2f6cd1235dfce5561a552c1d430fd548f3d8125,data/miplib/cvs16r128-89.mps,miplib,MILP,tune,3,warm,absent,1,300.0,,,,,,,,,,,,,,,,model_not_in_checkout
bench01-2026-10-01,2026-09-28,/tmp/opencode/markov-base01-build/markov-cero-solve,714ff78c14e1ad33b18eab26a2f6cd1235dfce5561a552c1d430fd548f3d8125,data/miplib/dano3_5.mps,miplib,MILP,tune,3,warm,absent,1,300.0,,,,,,,,,,,,,,,,model_not_in_checkout
bench01-2026-10-01,2026-09-28,/tmp/opencode/markov-base01-build/markov-cero-solve,714ff78c14e1ad33b18eab26a2f6cd1235dfce5561a552c1d430fd548f3d8125,data/miplib/graph20-20-1rand.mps,miplib,MILP,tune,3,warm,absent,1,300.0,,,,,,,,,,,,,,,,model_not_in_checkout
bench01-2026-10-01,2026-09-28,/tmp/opencode/markov-base01-build/markov-cero-solve,714ff78c14e1ad33b18eab26a2f6cd1235dfce5561a552c1d430fd548f3d8125,data/miplib/istanbul-no-cutoff.mps,miplib,MILP,tune,3,warm,absent,1,300.0,,,,,,,,,,,,,,,,model_not_in_checkout
bench01-2026-10-01,2026-09-28,/tmp/opencode/markov-base01-build/markov-cero-solve,714ff78c14e1ad33b18eab26a2f6cd1235dfce5561a552c1d430fd548f3d8125,data/miplib/neos-3754480-nidda.mps,miplib,MILP,holdout,3,warm,ok,1,300.0,19427.714,19425.814172,NumericalFailure,false,unverified,0,,,1,794,8136,12939.7540104743,12939.7540104743,not_checked,no primal vector in result,exit_code=7; stderr=markov-cero 0.5.2 NumericalFailure [MILP -> milp] NOT VERIFIED proof: tier=unverified status=not_requested budget_exhausted=false nodes=0 witness_values=0 build_ms=0 replay_ms=0 numerical_diagnostic: 
bench01-2026-10-01,2026-09-28,/tmp/opencode/markov-base01-build/markov-cero-solve,714ff78c14e1ad33b18eab26a2f6cd1235dfce5561a552c1d430fd548f3d8125,data/miplib/mcsched.mps,miplib,MILP,tune,3,warm,absent,1,300.0,,,,,,,,,,,,,,,,model_not_in_checkout
bench01-2026-10-01,2026-09-28,/tmp/opencode/markov-base01-build/markov-cero-solve,714ff78c14e1ad33b18eab26a2f6cd1235dfce5561a552c1d430fd548f3d8125,data/miplib/mik-250-20-75-4.mps,miplib,MILP,tune,3,warm,absent,1,300.0,,,,,,,,,,,,,,,,model_not_in_checkout
bench01-2026-10-01,2026-09-28,/tmp/opencode/markov-base01-build/markov-cero-solve,714ff78c14e1ad33b18eab26a2f6cd1235dfce5561a552c1d430fd548f3d8125,data/miplib/neos-1354092.mps,miplib,MILP,tune,3,warm,absent,1,300.0,,,,,,,,,,,,,,,,model_not_in_checkout
bench01-2026-10-01,2026-09-28,/tmp/opencode/markov-base01-build/markov-cero-solve,714ff78c14e1ad33b18eab26a2f6cd1235dfce5561a552c1d430fd548f3d8125,data/miplib/neos-3381206-awhea.mps,miplib,MILP,tune,3,warm,absent,1,300.0,,,,,,,,,,,,,,,,model_not_in_checkout
bench01-2026-10-01,2026-09-28,/tmp/opencode/markov-base01-build/markov-cero-solve,714ff78c14e1ad33b18eab26a2f6cd1235dfce5561a552c1d430fd548f3d8125,data/miplib/neos17.mps,miplib,MILP,tune,3,warm,absent,1,300.0,,,,,,,,,,,,,,,,model_not_in_checkout
bench01-2026-10-01,2026-09-28,/tmp/opencode/markov-base01-build/markov-cero-solve,714ff78c14e1ad33b18eab26a2f6cd1235dfce5561a552c1d430fd548f3d8125,data/netlib/etamacro.mps,netlib,LP,holdout,3,warm,ok,1,60.0,22409.774,22405.699296,NumericalFailure,false,unverified,-755.7143090291331,,,0,1378,12600,,,not_checked,primal and variable_names differ in length,exit_code=7; stderr=markov-cero 0.5.2 NumericalFailure [LP -> primal] NOT VERIFIED numerical_diagnostic: primal_residual=5.5644022722844966e-10 dual_residual=2.0621525320674294e-16 complementarity_gap=0.00214953078166371
bench01-2026-10-01,2026-09-28,/tmp/opencode/markov-base01-build/markov-cero-solve,714ff78c14e1ad33b18eab26a2f6cd1235dfce5561a552c1d430fd548f3d8125,data/miplib/enlight_hard.mps,miplib,MILP,holdout,3,warm,ok,1,300.0,300005.971,300002.909775,ResourceLimit,false,unverified,0,15,,615,385775,12712,37.0,37.0,not_checked,no primal vector in result,exit_code=5; stderr=markov-cero 0.5.2 ResourceLimit [MILP -> milp] NOT VERIFIED proof: tier=unverified status=not_requested budget_exhausted=false nodes=0 witness_values=0 build_ms=0 replay_ms=0
bench01-2026-10-01,2026-09-28,/tmp/opencode/markov-base01-build/markov-cero-solve,714ff78c14e1ad33b18eab26a2f6cd1235dfce5561a552c1d430fd548f3d8125,data/miplib/sp97ar.mps,miplib,MILP,tune,3,warm,absent,1,300.0,,,,,,,,,,,,,,,,model_not_in_checkout
bench01-2026-10-01,2026-09-28,/tmp/opencode/markov-base01-build/markov-cero-solve,714ff78c14e1ad33b18eab26a2f6cd1235dfce5561a552c1d430fd548f3d8125,data/miplib/uct-subprob.mps,miplib,MILP,tune,3,warm,absent,1,300.0,,,,,,,,,,,,,,,,model_not_in_checkout
bench01-2026-10-01,2026-09-28,/tmp/opencode/markov-base01-build/markov-cero-solve,714ff78c14e1ad33b18eab26a2f6cd1235dfce5561a552c1d430fd548f3d8125,data/mittelmann/50v-10.mps,mittelmann,MILP,tune,3,warm,absent,1,300.0,,,,,,,,,,,,,,,,model_not_in_checkout
bench01-2026-10-01,2026-09-28,/tmp/opencode/markov-base01-build/markov-cero-solve,714ff78c14e1ad33b18eab26a2f6cd1235dfce5561a552c1d430fd548f3d8125,data/mittelmann/app1-1.mps,mittelmann,MILP,tune,3,warm,absent,1,300.0,,,,,,,,,,,,,,,,model_not_in_checkout
bench01-2026-10-01,2026-09-28,/tmp/opencode/markov-base01-build/markov-cero-solve,714ff78c14e1ad33b18eab26a2f6cd1235dfce5561a552c1d430fd548f3d8125,data/mittelmann/fome11.mps,mittelmann,MILP,tune,3,warm,absent,1,300.0,,,,,,,,,,,,,,,,model_not_in_checkout
bench01-2026-10-01,2026-09-28,/tmp/opencode/markov-base01-build/markov-cero-solve,714ff78c14e1ad33b18eab26a2f6cd1235dfce5561a552c1d430fd548f3d8125,data/miplib/mas76.mps,miplib,MILP,tune,3,warm,ok,1,300.0,300004.698,300001.366484,ResourceLimit,false,unverified,0,39103.012641377,0.9999999608969874,550,374536,8340,40005.05398999999,40005.05398999999,not_checked,no primal vector in result,exit_code=5; stderr=markov-cero 0.5.2 ResourceLimit [MILP -> milp] NOT VERIFIED proof: tier=unverified status=not_requested budget_exhausted=false nodes=0 witness_values=0 build_ms=0 replay_ms=0
bench01-2026-10-01,2026-09-28,/tmp/opencode/markov-base01-build/markov-cero-solve,714ff78c14e1ad33b18eab26a2f6cd1235dfce5561a552c1d430fd548f3d8125,data/mittelmann/nug08-3rd.mps,mittelmann,MILP,tune,3,warm,absent,1,300.0,,,,,,,,,,,,,,,,model_not_in_checkout
bench01-2026-10-01,2026-09-28,/tmp/opencode/markov-base01-build/markov-cero-solve,714ff78c14e1ad33b18eab26a2f6cd1235dfce5561a552c1d430fd548f3d8125,data/mittelmann/nug20.mps,mittelmann,MILP,tune,3,warm,absent,1,300.0,,,,,,,,,,,,,,,,model_not_in_checkout
bench01-2026-10-01,2026-09-28,/tmp/opencode/markov-base01-build/markov-cero-solve,714ff78c14e1ad33b18eab26a2f6cd1235dfce5561a552c1d430fd548f3d8125,data/netlib/80bau3b.mps,netlib,LP,tune,3,warm,absent,1,60.0,,,,,,,,,,,,,,,,model_not_in_checkout
bench01-2026-10-01,2026-09-28,/tmp/opencode/markov-base01-build/markov-cero-solve,714ff78c14e1ad33b18eab26a2f6cd1235dfce5561a552c1d430fd548f3d8125,data/miplib/pk1.mps,miplib,MILP,tune,3,warm,ok,1,300.0,300006.941,300004.378815,ResourceLimit,false,unverified,0,0,1,450,313156,8036,11.0,11.0,not_checked,no primal vector in result,exit_code=5; stderr=markov-cero 0.5.2 ResourceLimit [MILP -> milp] NOT VERIFIED proof: tier=unverified status=not_requested budget_exhausted=false nodes=0 witness_values=0 build_ms=0 replay_ms=0
bench01-2026-10-01,2026-09-28,/tmp/opencode/markov-base01-build/markov-cero-solve,714ff78c14e1ad33b18eab26a2f6cd1235dfce5561a552c1d430fd548f3d8125,data/netlib/beaconfd.mps,netlib,LP,tune,3,warm,ok,1,60.0,216.119,212.392302,Optimal,true,optimality_witness_checked,33592.485807200006,33592.485807200006,0,1,244,6716,33592.4858072,7.275957614183426e-12,pass,3.259615e-11,stderr=markov-cero 0.5.2 Optimal [LP -> primal] VERIFIED
bench01-2026-10-01,2026-09-28,/tmp/opencode/markov-base01-build/markov-cero-solve,714ff78c14e1ad33b18eab26a2f6cd1235dfce5561a552c1d430fd548f3d8125,data/netlib/bnl2.mps,netlib,LP,tune,3,warm,absent,1,60.0,,,,,,,,,,,,,,,,model_not_in_checkout
bench01-2026-10-01,2026-09-28,/tmp/opencode/markov-base01-build/markov-cero-solve,714ff78c14e1ad33b18eab26a2f6cd1235dfce5561a552c1d430fd548f3d8125,data/netlib/boeing2.mps,netlib,LP,tune,3,warm,ok,1,60.0,1825.831,1820.985892,Optimal,true,optimality_witness_checked,-315.0187280152029,-315.0187280152029,0,1,1254,6360,,,pass,1.421085e-14,stderr=markov-cero 0.5.2 Optimal [LP -> primal] VERIFIED
bench01-2026-10-01,2026-09-28,/tmp/opencode/markov-base01-build/markov-cero-solve,714ff78c14e1ad33b18eab26a2f6cd1235dfce5561a552c1d430fd548f3d8125,data/netlib/bandm.mps,netlib,LP,tune,3,warm,ok,1,60.0,3807.491,3803.15489,Optimal,true,optimality_witness_checked,-158.6280184501206,-158.6280184501206,0,1,2105,7092,,,pass,1.936229e-13,stderr=markov-cero 0.5.2 Optimal [LP -> primal] VERIFIED
bench01-2026-10-01,2026-09-28,/tmp/opencode/markov-base01-build/markov-cero-solve,714ff78c14e1ad33b18eab26a2f6cd1235dfce5561a552c1d430fd548f3d8125,data/netlib/fit2p.mps,netlib,LP,tune,3,warm,absent,1,60.0,,,,,,,,,,,,,,,,model_not_in_checkout
bench01-2026-10-01,2026-09-28,/tmp/opencode/markov-base01-build/markov-cero-solve,714ff78c14e1ad33b18eab26a2f6cd1235dfce5561a552c1d430fd548f3d8125,data/netlib/forplan.mps,netlib,LP,tune,3,warm,absent,1,60.0,,,,,,,,,,,,,,,,model_not_in_checkout
bench01-2026-10-01,2026-09-28,/tmp/opencode/markov-base01-build/markov-cero-solve,714ff78c14e1ad33b18eab26a2f6cd1235dfce5561a552c1d430fd548f3d8125,data/netlib/ganges.mps,netlib,LP,tune,3,warm,absent,1,60.0,,,,,,,,,,,,,,,,model_not_in_checkout
bench01-2026-10-01,2026-09-28,/tmp/opencode/markov-base01-build/markov-cero-solve,714ff78c14e1ad33b18eab26a2f6cd1235dfce5561a552c1d430fd548f3d8125,data/netlib/gfrd-pnc.mps,netlib,LP,tune,3,warm,absent,1,60.0,,,,,,,,,,,,,,,,model_not_in_checkout
bench01-2026-10-01,2026-09-28,/tmp/opencode/markov-base01-build/markov-cero-solve,714ff78c14e1ad33b18eab26a2f6cd1235dfce5561a552c1d430fd548f3d8125,data/miplib/sp150x300d.mps,miplib,MILP,tune,3,warm,ok,1,300.0,300025.429,300021.193541,ResourceLimit,false,unverified,0,5.861593965234503,0.9162629433537928,19,24880,21124,69.0,69.0,not_checked,no primal vector in result,exit_code=5; stderr=markov-cero 0.5.2 ResourceLimit [MILP -> milp] NOT VERIFIED proof: tier=unverified status=not_requested budget_exhausted=false nodes=0 witness_values=0 build_ms=0 replay_ms=0
bench01-2026-10-01,2026-09-28,/tmp/opencode/markov-base01-build/markov-cero-solve,714ff78c14e1ad33b18eab26a2f6cd1235dfce5561a552c1d430fd548f3d8125,data/netlib/kb2.mps,netlib,LP,tune,3,warm,ok,1,60.0,77.207,74.04852,Optimal,true,optimality_witness_checked,-1749.9001299062056,-1749.9001299062056,0,1,176,5512,,,pass,1.364242e-12,stderr=markov-cero 0.5.2 Optimal [LP -> primal] VERIFIED
bench01-2026-10-01,2026-09-28,/tmp/opencode/markov-base01-build/markov-cero-solve,714ff78c14e1ad33b18eab26a2f6cd1235dfce5561a552c1d430fd548f3d8125,data/netlib/maros.mps,netlib,LP,tune,3,warm,absent,1,60.0,,,,,,,,,,,,,,,,model_not_in_checkout
bench01-2026-10-01,2026-09-28,/tmp/opencode/markov-base01-build/markov-cero-solve,714ff78c14e1ad33b18eab26a2f6cd1235dfce5561a552c1d430fd548f3d8125,data/netlib/scsd1.mps,netlib,LP,tune,3,warm,ok,1,60.0,189.468,185.906945,NumericalFailure,false,unverified,8.666680097560823,,,0,79,7860,,,pass,4.937994e-11,exit_code=7; stderr=markov-cero 0.5.2 NumericalFailure [LP -> primal] NOT VERIFIED numerical_diagnostic: primal_residual=4.93799445777654e-11 dual_residual=0 complementarity_gap=1.5090295139641614e-05 condition_estimate=
bench01-2026-10-01,2026-09-28,/tmp/opencode/markov-base01-build/markov-cero-solve,714ff78c14e1ad33b18eab26a2f6cd1235dfce5561a552c1d430fd548f3d8125,data/netlib/capri.mps,netlib,LP,tune,3,warm,ok,1,60.0,3670.282,3666.506395,Optimal,true,optimality_witness_checked,2690.012913768161,2690.012913768161,0,1,1281,7148,,,pass,8.590906e-13,stderr=markov-cero 0.5.2 Optimal [LP -> primal] VERIFIED
bench01-2026-10-01,2026-09-28,/tmp/opencode/markov-base01-build/markov-cero-solve,714ff78c14e1ad33b18eab26a2f6cd1235dfce5561a552c1d430fd548f3d8125,data/netlib/ship04s.mps,netlib,LP,tune,3,warm,absent,1,60.0,,,,,,,,,,,,,,,,model_not_in_checkout
bench01-2026-10-01,2026-09-28,/tmp/opencode/markov-base01-build/markov-cero-solve,714ff78c14e1ad33b18eab26a2f6cd1235dfce5561a552c1d430fd548f3d8125,data/netlib/ship12s.mps,netlib,LP,tune,3,warm,absent,1,60.0,,,,,,,,,,,,,,,,model_not_in_checkout
bench01-2026-10-01,2026-09-28,/tmp/opencode/markov-base01-build/markov-cero-solve,714ff78c14e1ad33b18eab26a2f6cd1235dfce5561a552c1d430fd548f3d8125,data/netlib/standata.mps,netlib,LP,tune,3,warm,absent,1,60.0,,,,,,,,,,,,,,,,model_not_in_checkout
bench01-2026-10-01,2026-09-28,/tmp/opencode/markov-base01-build/markov-cero-solve,714ff78c14e1ad33b18eab26a2f6cd1235dfce5561a552c1d430fd548f3d8125,data/netlib/stocfor2.mps,netlib,LP,tune,3,warm,absent,1,60.0,,,,,,,,,,,,,,,,model_not_in_checkout
bench01-2026-10-01,2026-09-28,/tmp/opencode/markov-base01-build/markov-cero-solve,714ff78c14e1ad33b18eab26a2f6cd1235dfce5561a552c1d430fd548f3d8125,data/netlib/truss.mps,netlib,LP,tune,3,warm,absent,1,60.0,,,,,,,,,,,,,,,,model_not_in_checkout
bench01-2026-10-01,2026-09-28,/tmp/opencode/markov-base01-build/markov-cero-solve,714ff78c14e1ad33b18eab26a2f6cd1235dfce5561a552c1d430fd548f3d8125,data/netlib/vtpbase.mps,netlib,LP,tune,3,warm,ok,1,60.0,153.854,149.548185,Optimal,true,optimality_witness_checked,129831.46246136136,129831.46246136136,0,1,185,6348,,,pass,3.161915e-11,stderr=markov-cero 0.5.2 Optimal [LP -> primal] VERIFIED
bench01-2026-10-01,2026-09-28,/tmp/opencode/markov-base01-build/markov-cero-solve,714ff78c14e1ad33b18eab26a2f6cd1235dfce5561a552c1d430fd548f3d8125,data/qp/QPLIB_9002.mps,qplib,QP,tune,3,warm,absent,1,60.0,,,,,,,,,,,,,,,,model_not_in_checkout
bench01-2026-10-01,2026-09-28,/tmp/opencode/markov-base01-build/markov-cero-solve,714ff78c14e1ad33b18eab26a2f6cd1235dfce5561a552c1d430fd548f3d8125,data/netlib/sctap1.mps,netlib,LP,tune,3,warm,ok,1,60.0,1727.613,1723.977941,Optimal,true,optimality_witness_checked,1412.2500000000002,1412.2500000000002,0,1,1409,6480,,,pass,1.421085e-14,stderr=markov-cero 0.5.2 Optimal [LP -> primal] VERIFIED
bench01-2026-10-01,2026-09-28,/tmp/opencode/markov-base01-build/markov-cero-solve,714ff78c14e1ad33b18eab26a2f6cd1235dfce5561a552c1d430fd548f3d8125,data/cases/li_crude_blending.mps,cases,MILP,train,3,warm,hash_mismatch,1,300.0,,,,,,,,,,,,,,,,model_sha256_disagrees
bench01-2026-10-01,2026-09-28,/tmp/opencode/markov-base01-build/markov-cero-solve,714ff78c14e1ad33b18eab26a2f6cd1235dfce5561a552c1d430fd548f3d8125,data/cases/neiro_refinery_scheduling.mps,cases,MILP,train,3,warm,hash_mismatch,1,300.0,,,,,,,,,,,,,,,,model_sha256_disagrees
bench01-2026-10-01,2026-09-28,/tmp/opencode/markov-base01-build/markov-cero-solve,714ff78c14e1ad33b18eab26a2f6cd1235dfce5561a552c1d430fd548f3d8125,data/cases/process_network_large.mps,cases,MILP,train,3,warm,hash_mismatch,1,300.0,,,,,,,,,,,,,,,,model_sha256_disagrees
bench01-2026-10-01,2026-09-28,/tmp/opencode/markov-base01-build/markov-cero-solve,714ff78c14e1ad33b18eab26a2f6cd1235dfce5561a552c1d430fd548f3d8125,data/cases/production_planning_large.mps,cases,MILP,train,3,warm,hash_mismatch,1,300.0,,,,,,,,,,,,,,,,model_sha256_disagrees
bench01-2026-10-01,2026-09-28,/tmp/opencode/markov-base01-build/markov-cero-solve,714ff78c14e1ad33b18eab26a2f6cd1235dfce5561a552c1d430fd548f3d8125,data/cases/shapiro_network_flow.mps,cases,MILP,train,3,warm,hash_mismatch,1,300.0,,,,,,,,,,,,,,,,model_sha256_disagrees
bench01-2026-10-01,2026-09-28,/tmp/opencode/markov-base01-build/markov-cero-solve,714ff78c14e1ad33b18eab26a2f6cd1235dfce5561a552c1d430fd548f3d8125,data/cases/supply_chain_large.mps,cases,MILP,train,3,warm,hash_mismatch,1,300.0,,,,,,,,,,,,,,,,model_sha256_disagrees
bench01-2026-10-01,2026-09-28,/tmp/opencode/markov-base01-build/markov-cero-solve,714ff78c14e1ad33b18eab26a2f6cd1235dfce5561a552c1d430fd548f3d8125,data/miplib/assign1-5-8.mps,miplib,MILP,train,3,warm,absent,1,300.0,,,,,,,,,,,,,,,,model_not_in_checkout
bench01-2026-10-01,2026-09-28,/tmp/opencode/markov-base01-build/markov-cero-solve,714ff78c14e1ad33b18eab26a2f6cd1235dfce5561a552c1d430fd548f3d8125,data/miplib/binkar10_1.mps,miplib,MILP,train,3,warm,absent,1,300.0,,,,,,,,,,,,,,,,model_not_in_checkout
bench01-2026-10-01,2026-09-28,/tmp/opencode/markov-base01-build/markov-cero-solve,714ff78c14e1ad33b18eab26a2f6cd1235dfce5561a552c1d430fd548f3d8125,data/miplib/blp-ar98.mps,miplib,MILP,train,3,warm,absent,1,300.0,,,,,,,,,,,,,,,,model_not_in_checkout
bench01-2026-10-01,2026-09-28,/tmp/opencode/markov-base01-build/markov-cero-solve,714ff78c14e1ad33b18eab26a2f6cd1235dfce5561a552c1d430fd548f3d8125,data/miplib/blp-ic98.mps,miplib,MILP,train,3,warm,absent,1,300.0,,,,,,,,,,,,,,,,model_not_in_checkout
bench01-2026-10-01,2026-09-28,/tmp/opencode/markov-base01-build/markov-cero-solve,714ff78c14e1ad33b18eab26a2f6cd1235dfce5561a552c1d430fd548f3d8125,data/miplib/cmflsp50-24-8-8.mps,miplib,MILP,train,3,warm,absent,1,300.0,,,,,,,,,,,,,,,,model_not_in_checkout
bench01-2026-10-01,2026-09-28,/tmp/opencode/markov-base01-build/markov-cero-solve,714ff78c14e1ad33b18eab26a2f6cd1235dfce5561a552c1d430fd548f3d8125,data/miplib/cod105.mps,miplib,MILP,train,3,warm,absent,1,300.0,,,,,,,,,,,,,,,,model_not_in_checkout
bench01-2026-10-01,2026-09-28,/tmp/opencode/markov-base01-build/markov-cero-solve,714ff78c14e1ad33b18eab26a2f6cd1235dfce5561a552c1d430fd548f3d8125,data/miplib/comp21-2idx.mps,miplib,MILP,train,3,warm,absent,1,300.0,,,,,,,,,,,,,,,,model_not_in_checkout
bench01-2026-10-01,2026-09-28,/tmp/opencode/markov-base01-build/markov-cero-solve,714ff78c14e1ad33b18eab26a2f6cd1235dfce5561a552c1d430fd548f3d8125,data/miplib/cost266-UUE.mps,miplib,MILP,train,3,warm,absent,1,300.0,,,,,,,,,,,,,,,,model_not_in_checkout
bench01-2026-10-01,2026-09-28,/tmp/opencode/markov-base01-build/markov-cero-solve,714ff78c14e1ad33b18eab26a2f6cd1235dfce5561a552c1d430fd548f3d8125,data/miplib/csched007.mps,miplib,MILP,train,3,warm,absent,1,300.0,,,,,,,,,,,,,,,,model_not_in_checkout
bench01-2026-10-01,2026-09-28,/tmp/opencode/markov-base01-build/markov-cero-solve,714ff78c14e1ad33b18eab26a2f6cd1235dfce5561a552c1d430fd548f3d8125,data/miplib/csched008.mps,miplib,MILP,train,3,warm,absent,1,300.0,,,,,,,,,,,,,,,,model_not_in_checkout
bench01-2026-10-01,2026-09-28,/tmp/opencode/markov-base01-build/markov-cero-solve,714ff78c14e1ad33b18eab26a2f6cd1235dfce5561a552c1d430fd548f3d8125,data/miplib/dano3_3.mps,miplib,MILP,train,3,warm,absent,1,300.0,,,,,,,,,,,,,,,,model_not_in_checkout
bench01-2026-10-01,2026-09-28,/tmp/opencode/markov-base01-build/markov-cero-solve,714ff78c14e1ad33b18eab26a2f6cd1235dfce5561a552c1d430fd548f3d8125,data/miplib/decomp2.mps,miplib,MILP,train,3,warm,absent,1,300.0,,,,,,,,,,,,,,,,model_not_in_checkout
bench01-2026-10-01,2026-09-28,/tmp/opencode/markov-base01-build/markov-cero-solve,714ff78c14e1ad33b18eab26a2f6cd1235dfce5561a552c1d430fd548f3d8125,data/miplib/drayage-100-23.mps,miplib,MILP,train,3,warm,absent,1,300.0,,,,,,,,,,,,,,,,model_not_in_checkout
bench01-2026-10-01,2026-09-28,/tmp/opencode/markov-base01-build/markov-cero-solve,714ff78c14e1ad33b18eab26a2f6cd1235dfce5561a552c1d430fd548f3d8125,data/miplib/drayage-25-23.mps,miplib,MILP,train,3,warm,absent,1,300.0,,,,,,,,,,,,,,,,model_not_in_checkout
bench01-2026-10-01,2026-09-28,/tmp/opencode/markov-base01-build/markov-cero-solve,714ff78c14e1ad33b18eab26a2f6cd1235dfce5561a552c1d430fd548f3d8125,data/miplib/dws008-01.mps,miplib,MILP,train,3,warm,absent,1,300.0,,,,,,,,,,,,,,,,model_not_in_checkout
bench01-2026-10-01,2026-09-28,/tmp/opencode/markov-base01-build/markov-cero-solve,714ff78c14e1ad33b18eab26a2f6cd1235dfce5561a552c1d430fd548f3d8125,data/miplib/eil33-2.mps,miplib,MILP,train,3,warm,absent,1,300.0,,,,,,,,,,,,,,,,model_not_in_checkout
bench01-2026-10-01,2026-09-28,/tmp/opencode/markov-base01-build/markov-cero-solve,714ff78c14e1ad33b18eab26a2f6cd1235dfce5561a552c1d430fd548f3d8125,data/miplib/exp-1-500-5-5.mps,miplib,MILP,train,3,warm,absent,1,300.0,,,,,,,,,,,,,,,,model_not_in_checkout
bench01-2026-10-01,2026-09-28,/tmp/opencode/markov-base01-build/markov-cero-solve,714ff78c14e1ad33b18eab26a2f6cd1235dfce5561a552c1d430fd548f3d8125,data/miplib/fhnw-binpack4-48.mps,miplib,MILP,train,3,warm,absent,1,300.0,,,,,,,,,,,,,,,,model_not_in_checkout
bench01-2026-10-01,2026-09-28,/tmp/opencode/markov-base01-build/markov-cero-solve,714ff78c14e1ad33b18eab26a2f6cd1235dfce5561a552c1d430fd548f3d8125,data/netlib/israel.mps,netlib,LP,tune,3,warm,ok,1,60.0,4883.695,4880.216231,Optimal,true,optimality_witness_checked,-896644.8218630457,-896644.8218630457,0,1,987,6960,,,pass,1.855360e-11,stderr=markov-cero 0.5.2 Optimal [LP -> primal] VERIFIED
bench01-2026-10-01,2026-09-28,/tmp/opencode/markov-base01-build/markov-cero-solve,714ff78c14e1ad33b18eab26a2f6cd1235dfce5561a552c1d430fd548f3d8125,data/cases/crude_blending_large.mps,cases,MILP,train,3,warm,ok,1,300.0,14876.843,14874.655626,IterationLimit,false,unverified,0,,,1,10000,7392,,,not_checked,no primal vector in result,exit_code=6; stderr=markov-cero 0.5.2 IterationLimit [QP -> qp] NOT VERIFIED
bench01-2026-10-01,2026-09-28,/tmp/opencode/markov-base01-build/markov-cero-solve,714ff78c14e1ad33b18eab26a2f6cd1235dfce5561a552c1d430fd548f3d8125,data/miplib/flugpl.mps,miplib,MILP,train,3,warm,ok,1,300.0,56756.947,56743.879714,Feasible,false,original_primal_checked,1201500,1201500,0,6703,287990,11628,1201500.0,0.0,pass,0.000000e+00,stderr=markov-cero 0.5.2 Feasible [MILP -> milp] NOT VERIFIED proof: tier=unverified status=exhausted budget_exhausted=true nodes=1009 witness_values=50225 build_ms=5000.2203490000002 replay_ms=0.04961399999
bench01-2026-10-01,2026-09-28,/tmp/opencode/markov-base01-build/markov-cero-solve,714ff78c14e1ad33b18eab26a2f6cd1235dfce5561a552c1d430fd548f3d8125,data/miplib/germanrr.mps,miplib,MILP,train,3,warm,absent,1,300.0,,,,,,,,,,,,,,,,model_not_in_checkout
bench01-2026-10-01,2026-09-28,/tmp/opencode/markov-base01-build/markov-cero-solve,714ff78c14e1ad33b18eab26a2f6cd1235dfce5561a552c1d430fd548f3d8125,data/miplib/glass-sc.mps,miplib,MILP,train,3,warm,absent,1,300.0,,,,,,,,,,,,,,,,model_not_in_checkout
bench01-2026-10-01,2026-09-28,/tmp/opencode/markov-base01-build/markov-cero-solve,714ff78c14e1ad33b18eab26a2f6cd1235dfce5561a552c1d430fd548f3d8125,data/miplib/gmu-35-40.mps,miplib,MILP,train,3,warm,absent,1,300.0,,,,,,,,,,,,,,,,model_not_in_checkout
bench01-2026-10-01,2026-09-28,/tmp/opencode/markov-base01-build/markov-cero-solve,714ff78c14e1ad33b18eab26a2f6cd1235dfce5561a552c1d430fd548f3d8125,data/miplib/h80x6320d.mps,miplib,MILP,train,3,warm,absent,1,300.0,,,,,,,,,,,,,,,,model_not_in_checkout
bench01-2026-10-01,2026-09-28,/tmp/opencode/markov-base01-build/markov-cero-solve,714ff78c14e1ad33b18eab26a2f6cd1235dfce5561a552c1d430fd548f3d8125,data/miplib/hypothyroid-k1.mps,miplib,MILP,train,3,warm,absent,1,300.0,,,,,,,,,,,,,,,,model_not_in_checkout
bench01-2026-10-01,2026-09-28,/tmp/opencode/markov-base01-build/markov-cero-solve,714ff78c14e1ad33b18eab26a2f6cd1235dfce5561a552c1d430fd548f3d8125,data/miplib/ic97_potential.mps,miplib,MILP,train,3,warm,absent,1,300.0,,,,,,,,,,,,,,,,model_not_in_checkout
bench01-2026-10-01,2026-09-28,/tmp/opencode/markov-base01-build/markov-cero-solve,714ff78c14e1ad33b18eab26a2f6cd1235dfce5561a552c1d430fd548f3d8125,data/miplib/icir97_tension.mps,miplib,MILP,train,3,warm,absent,1,300.0,,,,,,,,,,,,,,,,model_not_in_checkout
bench01-2026-10-01,2026-09-28,/tmp/opencode/markov-base01-build/markov-cero-solve,714ff78c14e1ad33b18eab26a2f6cd1235dfce5561a552c1d430fd548f3d8125,data/miplib/irp.mps,miplib,MILP,train,3,warm,absent,1,300.0,,,,,,,,,,,,,,,,model_not_in_checkout
bench01-2026-10-01,2026-09-28,/tmp/opencode/markov-base01-build/markov-cero-solve,714ff78c14e1ad33b18eab26a2f6cd1235dfce5561a552c1d430fd548f3d8125,data/miplib/leo1.mps,miplib,MILP,train,3,warm,absent,1,300.0,,,,,,,,,,,,,,,,model_not_in_checkout
bench01-2026-10-01,2026-09-28,/tmp/opencode/markov-base01-build/markov-cero-solve,714ff78c14e1ad33b18eab26a2f6cd1235dfce5561a552c1d430fd548f3d8125,data/miplib/leo2.mps,miplib,MILP,train,3,warm,absent,1,300.0,,,,,,,,,,,,,,,,model_not_in_checkout
bench01-2026-10-01,2026-09-28,/tmp/opencode/markov-base01-build/markov-cero-solve,714ff78c14e1ad33b18eab26a2f6cd1235dfce5561a552c1d430fd548f3d8125,data/miplib/mad.mps,miplib,MILP,train,3,warm,absent,1,300.0,,,,,,,,,,,,,,,,model_not_in_checkout
bench01-2026-10-01,2026-09-28,/tmp/opencode/markov-base01-build/markov-cero-solve,714ff78c14e1ad33b18eab26a2f6cd1235dfce5561a552c1d430fd548f3d8125,data/mittelmann/neos5.mps,mittelmann,MILP,tune,3,warm,ok,1,300.0,300004.663,300002.192618,ResourceLimit,false,unverified,0,13.75,0.1791044776119403,538,430706,8212,,,not_checked,no primal vector in result,exit_code=5; stderr=markov-cero 0.5.2 ResourceLimit [MILP -> milp] NOT VERIFIED proof: tier=unverified status=not_requested budget_exhausted=false nodes=0 witness_values=0 build_ms=0 replay_ms=0
bench01-2026-10-01,2026-09-28,/tmp/opencode/markov-base01-build/markov-cero-solve,714ff78c14e1ad33b18eab26a2f6cd1235dfce5561a552c1d430fd548f3d8125,data/miplib/gen-ip002.mps,miplib,MILP,train,3,warm,ok,1,300.0,300011.422,300007.494238,ResourceLimit,false,unverified,0,-4821.161128820956,0.018478796058317277,4347,337313,11048,-4783.733392,4783.733392,not_checked,no primal vector in result,exit_code=5; stderr=markov-cero 0.5.2 ResourceLimit [MILP -> milp] NOT VERIFIED proof: tier=unverified status=not_requested budget_exhausted=false nodes=0 witness_values=0 build_ms=0 replay_ms=0
bench01-2026-10-01,2026-09-28,/tmp/opencode/markov-base01-build/markov-cero-solve,714ff78c14e1ad33b18eab26a2f6cd1235dfce5561a552c1d430fd548f3d8125,data/miplib/mc11.mps,miplib,MILP,train,3,warm,absent,1,300.0,,,,,,,,,,,,,,,,model_not_in_checkout
bench01-2026-10-01,2026-09-28,/tmp/opencode/markov-base01-build/markov-cero-solve,714ff78c14e1ad33b18eab26a2f6cd1235dfce5561a552c1d430fd548f3d8125,data/miplib/milo-v12-6-r2-40-1.mps,miplib,MILP,train,3,warm,absent,1,300.0,,,,,,,,,,,,,,,,model_not_in_checkout
bench01-2026-10-01,2026-09-28,/tmp/opencode/markov-base01-build/markov-cero-solve,714ff78c14e1ad33b18eab26a2f6cd1235dfce5561a552c1d430fd548f3d8125,data/miplib/mushroom-best.mps,miplib,MILP,train,3,warm,absent,1,300.0,,,,,,,,,,,,,,,,model_not_in_checkout
bench01-2026-10-01,2026-09-28,/tmp/opencode/markov-base01-build/markov-cero-solve,714ff78c14e1ad33b18eab26a2f6cd1235dfce5561a552c1d430fd548f3d8125,data/miplib/mzzv11.mps,miplib,MILP,train,3,warm,absent,1,300.0,,,,,,,,,,,,,,,,model_not_in_checkout
bench01-2026-10-01,2026-09-28,/tmp/opencode/markov-base01-build/markov-cero-solve,714ff78c14e1ad33b18eab26a2f6cd1235dfce5561a552c1d430fd548f3d8125,data/miplib/mzzv42z.mps,miplib,MILP,train,3,warm,absent,1,300.0,,,,,,,,,,,,,,,,model_not_in_checkout
bench01-2026-10-01,2026-09-28,/tmp/opencode/markov-base01-build/markov-cero-solve,714ff78c14e1ad33b18eab26a2f6cd1235dfce5561a552c1d430fd548f3d8125,data/miplib/n2seq36q.mps,miplib,MILP,train,3,warm,absent,1,300.0,,,,,,,,,,,,,,,,model_not_in_checkout
bench01-2026-10-01,2026-09-28,/tmp/opencode/markov-base01-build/markov-cero-solve,714ff78c14e1ad33b18eab26a2f6cd1235dfce5561a552c1d430fd548f3d8125,data/miplib/n5-3.mps,miplib,MILP,train,3,warm,absent,1,300.0,,,,,,,,,,,,,,,,model_not_in_checkout
bench01-2026-10-01,2026-09-28,/tmp/opencode/markov-base01-build/markov-cero-solve,714ff78c14e1ad33b18eab26a2f6cd1235dfce5561a552c1d430fd548f3d8125,data/miplib/neos-1171737.mps,miplib,MILP,train,3,warm,absent,1,300.0,,,,,,,,,,,,,,,,model_not_in_checkout
bench01-2026-10-01,2026-09-28,/tmp/opencode/markov-base01-build/markov-cero-solve,714ff78c14e1ad33b18eab26a2f6cd1235dfce5561a552c1d430fd548f3d8125,data/miplib/neos-1456979.mps,miplib,MILP,train,3,warm,absent,1,300.0,,,,,,,,,,,,,,,,model_not_in_checkout
bench01-2026-10-01,2026-09-28,/tmp/opencode/markov-base01-build/markov-cero-solve,714ff78c14e1ad33b18eab26a2f6cd1235dfce5561a552c1d430fd548f3d8125,data/miplib/neos-1582420.mps,miplib,MILP,train,3,warm,absent,1,300.0,,,,,,,,,,,,,,,,model_not_in_checkout
bench01-2026-10-01,2026-09-28,/tmp/opencode/markov-base01-build/markov-cero-solve,714ff78c14e1ad33b18eab26a2f6cd1235dfce5561a552c1d430fd548f3d8125,data/miplib/gen-ip054.mps,miplib,MILP,train,3,warm,ok,1,300.0,300006.573,300004.153016,ResourceLimit,false,unverified,0,6780.168855040432,0.018053290483847836,2527,457078,10748,6840.96564179,6840.96564179,not_checked,no primal vector in result,exit_code=5; stderr=markov-cero 0.5.2 ResourceLimit [MILP -> milp] NOT VERIFIED proof: tier=unverified status=not_requested budget_exhausted=false nodes=0 witness_values=0 build_ms=0 replay_ms=0
bench01-2026-10-01,2026-09-28,/tmp/opencode/markov-base01-build/markov-cero-solve,714ff78c14e1ad33b18eab26a2f6cd1235dfce5561a552c1d430fd548f3d8125,data/miplib/neos-2978193-inde.mps,miplib,MILP,train,3,warm,absent,1,300.0,,,,,,,,,,,,,,,,model_not_in_checkout
bench01-2026-10-01,2026-09-28,/tmp/opencode/markov-base01-build/markov-cero-solve,714ff78c14e1ad33b18eab26a2f6cd1235dfce5561a552c1d430fd548f3d8125,data/miplib/neos-3004026-krka.mps,miplib,MILP,train,3,warm,absent,1,300.0,,,,,,,,,,,,,,,,model_not_in_checkout
bench01-2026-10-01,2026-09-28,/tmp/opencode/markov-base01-build/markov-cero-solve,714ff78c14e1ad33b18eab26a2f6cd1235dfce5561a552c1d430fd548f3d8125,data/miplib/neos-3024952-loue.mps,miplib,MILP,train,3,warm,absent,1,300.0,,,,,,,,,,,,,,,,model_not_in_checkout
bench01-2026-10-01,2026-09-28,/tmp/opencode/markov-base01-build/markov-cero-solve,714ff78c14e1ad33b18eab26a2f6cd1235dfce5561a552c1d430fd548f3d8125,data/miplib/markshare_4_0.mps,miplib,MILP,train,3,warm,ok,1,300.0,300035.614,300029.268636,ResourceLimit,false,unverified,0,0,1,4273,656545,44796,1.0,1.0,not_checked,no primal vector in result,exit_code=5; stderr=markov-cero 0.5.2 ResourceLimit [MILP -> milp] NOT VERIFIED proof: tier=unverified status=not_requested budget_exhausted=false nodes=0 witness_values=0 build_ms=0 replay_ms=0
bench01-2026-10-01,2026-09-28,/tmp/opencode/markov-base01-build/markov-cero-solve,714ff78c14e1ad33b18eab26a2f6cd1235dfce5561a552c1d430fd548f3d8125,data/miplib/neos-3083819-nubu.mps,miplib,MILP,train,3,warm,absent,1,300.0,,,,,,,,,,,,,,,,model_not_in_checkout
bench01-2026-10-01,2026-09-28,/tmp/opencode/markov-base01-build/markov-cero-solve,714ff78c14e1ad33b18eab26a2f6cd1235dfce5561a552c1d430fd548f3d8125,data/miplib/neos-3216931-puriri.mps,miplib,MILP,train,3,warm,absent,1,300.0,,,,,,,,,,,,,,,,model_not_in_checkout
bench01-2026-10-01,2026-09-28,/tmp/opencode/markov-base01-build/markov-cero-solve,714ff78c14e1ad33b18eab26a2f6cd1235dfce5561a552c1d430fd548f3d8125,data/miplib/neos-3627168-kasai.mps,miplib,MILP,train,3,warm,absent,1,300.0,,,,,,,,,,,,,,,,model_not_in_checkout
bench01-2026-10-01,2026-09-28,/tmp/opencode/markov-base01-build/markov-cero-solve,714ff78c14e1ad33b18eab26a2f6cd1235dfce5561a552c1d430fd548f3d8125,data/miplib/neos-4338804-snowy.mps,miplib,MILP,train,3,warm,absent,1,300.0,,,,,,,,,,,,,,,,model_not_in_checkout
bench01-2026-10-01,2026-09-28,/tmp/opencode/markov-base01-build/markov-cero-solve,714ff78c14e1ad33b18eab26a2f6cd1235dfce5561a552c1d430fd548f3d8125,data/miplib/neos-4387871-tavua.mps,miplib,MILP,train,3,warm,absent,1,300.0,,,,,,,,,,,,,,,,model_not_in_checkout
bench01-2026-10-01,2026-09-28,/tmp/opencode/markov-base01-build/markov-cero-solve,714ff78c14e1ad33b18eab26a2f6cd1235dfce5561a552c1d430fd548f3d8125,data/miplib/neos-4738912-atrato.mps,miplib,MILP,train,3,warm,absent,1,300.0,,,,,,,,,,,,,,,,model_not_in_checkout
bench01-2026-10-01,2026-09-28,/tmp/opencode/markov-base01-build/markov-cero-solve,714ff78c14e1ad33b18eab26a2f6cd1235dfce5561a552c1d430fd548f3d8125,data/miplib/neos-662469.mps,miplib,MILP,train,3,warm,absent,1,300.0,,,,,,,,,,,,,,,,model_not_in_checkout
bench01-2026-10-01,2026-09-28,/tmp/opencode/markov-base01-build/markov-cero-solve,714ff78c14e1ad33b18eab26a2f6cd1235dfce5561a552c1d430fd548f3d8125,data/miplib/neos-860300.mps,miplib,MILP,train,3,warm,absent,1,300.0,,,,,,,,,,,,,,,,model_not_in_checkout
bench01-2026-10-01,2026-09-28,/tmp/opencode/markov-base01-build/markov-cero-solve,714ff78c14e1ad33b18eab26a2f6cd1235dfce5561a552c1d430fd548f3d8125,data/miplib/neos-911970.mps,miplib,MILP,train,3,warm,absent,1,300.0,,,,,,,,,,,,,,,,model_not_in_checkout
bench01-2026-10-01,2026-09-28,/tmp/opencode/markov-base01-build/markov-cero-solve,714ff78c14e1ad33b18eab26a2f6cd1235dfce5561a552c1d430fd548f3d8125,data/miplib/net12.mps,miplib,MILP,train,3,warm,absent,1,300.0,,,,,,,,,,,,,,,,model_not_in_checkout
bench01-2026-10-01,2026-09-28,/tmp/opencode/markov-base01-build/markov-cero-solve,714ff78c14e1ad33b18eab26a2f6cd1235dfce5561a552c1d430fd548f3d8125,data/miplib/nexp-150-20-8-5.mps,miplib,MILP,train,3,warm,absent,1,300.0,,,,,,,,,,,,,,,,model_not_in_checkout
bench01-2026-10-01,2026-09-28,/tmp/opencode/markov-base01-build/markov-cero-solve,714ff78c14e1ad33b18eab26a2f6cd1235dfce5561a552c1d430fd548f3d8125,data/miplib/ns1208400.mps,miplib,MILP,train,3,warm,absent,1,300.0,,,,,,,,,,,,,,,,model_not_in_checkout
bench01-2026-10-01,2026-09-28,/tmp/opencode/markov-base01-build/markov-cero-solve,714ff78c14e1ad33b18eab26a2f6cd1235dfce5561a552c1d430fd548f3d8125,data/miplib/ns1830653.mps,miplib,MILP,train,3,warm,absent,1,300.0,,,,,,,,,,,,,,,,model_not_in_checkout
bench01-2026-10-01,2026-09-28,/tmp/opencode/markov-base01-build/markov-cero-solve,714ff78c14e1ad33b18eab26a2f6cd1235dfce5561a552c1d430fd548f3d8125,data/miplib/ns1952667.mps,miplib,MILP,train,3,warm,absent,1,300.0,,,,,,,,,,,,,,,,model_not_in_checkout
bench01-2026-10-01,2026-09-28,/tmp/opencode/markov-base01-build/markov-cero-solve,714ff78c14e1ad33b18eab26a2f6cd1235dfce5561a552c1d430fd548f3d8125,data/miplib/nu25-pr12.mps,miplib,MILP,train,3,warm,absent,1,300.0,,,,,,,,,,,,,,,,model_not_in_checkout
bench01-2026-10-01,2026-09-28,/tmp/opencode/markov-base01-build/markov-cero-solve,714ff78c14e1ad33b18eab26a2f6cd1235dfce5561a552c1d430fd548f3d8125,data/miplib/p200x1188c.mps,miplib,MILP,train,3,warm,absent,1,300.0,,,,,,,,,,,,,,,,model_not_in_checkout
bench01-2026-10-01,2026-09-28,/tmp/opencode/markov-base01-build/markov-cero-solve,714ff78c14e1ad33b18eab26a2f6cd1235dfce5561a552c1d430fd548f3d8125,data/miplib/peg-solitaire-a3.mps,miplib,MILP,train,3,warm,absent,1,300.0,,,,,,,,,,,,,,,,model_not_in_checkout
bench01-2026-10-01,2026-09-28,/tmp/opencode/markov-base01-build/markov-cero-solve,714ff78c14e1ad33b18eab26a2f6cd1235dfce5561a552c1d430fd548f3d8125,data/miplib/pg.mps,miplib,MILP,train,3,warm,absent,1,300.0,,,,,,,,,,,,,,,,model_not_in_checkout
bench01-2026-10-01,2026-09-28,/tmp/opencode/markov-base01-build/markov-cero-solve,714ff78c14e1ad33b18eab26a2f6cd1235dfce5561a552c1d430fd548f3d8125,data/miplib/pg5_34.mps,miplib,MILP,train,3,warm,absent,1,300.0,,,,,,,,,,,,,,,,model_not_in_checkout
bench01-2026-10-01,2026-09-28,/tmp/opencode/markov-base01-build/markov-cero-solve,714ff78c14e1ad33b18eab26a2f6cd1235dfce5561a552c1d430fd548f3d8125,data/miplib/piperout-08.mps,miplib,MILP,train,3,warm,absent,1,300.0,,,,,,,,,,,,,,,,model_not_in_checkout
bench01-2026-10-01,2026-09-28,/tmp/opencode/markov-base01-build/markov-cero-solve,714ff78c14e1ad33b18eab26a2f6cd1235dfce5561a552c1d430fd548f3d8125,data/miplib/qap10.mps,miplib,MILP,train,3,warm,absent,1,300.0,,,,,,,,,,,,,,,,model_not_in_checkout
bench01-2026-10-01,2026-09-28,/tmp/opencode/markov-base01-build/markov-cero-solve,714ff78c14e1ad33b18eab26a2f6cd1235dfce5561a552c1d430fd548f3d8125,data/miplib/ran14x18-disj-8.mps,miplib,MILP,train,3,warm,absent,1,300.0,,,,,,,,,,,,,,,,model_not_in_checkout
bench01-2026-10-01,2026-09-28,/tmp/opencode/markov-base01-build/markov-cero-solve,714ff78c14e1ad33b18eab26a2f6cd1235dfce5561a552c1d430fd548f3d8125,data/miplib/reblock115.mps,miplib,MILP,train,3,warm,absent,1,300.0,,,,,,,,,,,,,,,,model_not_in_checkout
bench01-2026-10-01,2026-09-28,/tmp/opencode/markov-base01-build/markov-cero-solve,714ff78c14e1ad33b18eab26a2f6cd1235dfce5561a552c1d430fd548f3d8125,data/miplib/rmatr100-p10.mps,miplib,MILP,train,3,warm,absent,1,300.0,,,,,,,,,,,,,,,,model_not_in_checkout
bench01-2026-10-01,2026-09-28,/tmp/opencode/markov-base01-build/markov-cero-solve,714ff78c14e1ad33b18eab26a2f6cd1235dfce5561a552c1d430fd548f3d8125,data/miplib/rocI-4-11.mps,miplib,MILP,train,3,warm,absent,1,300.0,,,,,,,,,,,,,,,,model_not_in_checkout
bench01-2026-10-01,2026-09-28,/tmp/opencode/markov-base01-build/markov-cero-solve,714ff78c14e1ad33b18eab26a2f6cd1235dfce5561a552c1d430fd548f3d8125,data/miplib/rococoB10-011000.mps,miplib,MILP,train,3,warm,absent,1,300.0,,,,,,,,,,,,,,,,model_not_in_checkout
bench01-2026-10-01,2026-09-28,/tmp/opencode/markov-base01-build/markov-cero-solve,714ff78c14e1ad33b18eab26a2f6cd1235dfce5561a552c1d430fd548f3d8125,data/miplib/sct2.mps,miplib,MILP,train,3,warm,absent,1,300.0,,,,,,,,,,,,,,,,model_not_in_checkout
bench01-2026-10-01,2026-09-28,/tmp/opencode/markov-base01-build/markov-cero-solve,714ff78c14e1ad33b18eab26a2f6cd1235dfce5561a552c1d430fd548f3d8125,data/miplib/seymour.mps,miplib,MILP,train,3,warm,absent,1,300.0,,,,,,,,,,,,,,,,model_not_in_checkout
bench01-2026-10-01,2026-09-28,/tmp/opencode/markov-base01-build/markov-cero-solve,714ff78c14e1ad33b18eab26a2f6cd1235dfce5561a552c1d430fd548f3d8125,data/miplib/seymour1.mps,miplib,MILP,train,3,warm,absent,1,300.0,,,,,,,,,,,,,,,,model_not_in_checkout
bench01-2026-10-01,2026-09-28,/tmp/opencode/markov-base01-build/markov-cero-solve,714ff78c14e1ad33b18eab26a2f6cd1235dfce5561a552c1d430fd548f3d8125,data/miplib/sp98ar.mps,miplib,MILP,train,3,warm,absent,1,300.0,,,,,,,,,,,,,,,,model_not_in_checkout
bench01-2026-10-01,2026-09-28,/tmp/opencode/markov-base01-build/markov-cero-solve,714ff78c14e1ad33b18eab26a2f6cd1235dfce5561a552c1d430fd548f3d8125,data/miplib/stein15.mps,miplib,MILP,train,3,warm,ok,1,300.0,19534.287,19524.854779,Optimal,true,tree_replayed,9,9,0,169,34320,8532,9.0,0.0,pass,0.000000e+00,stderr=markov-cero 0.5.2 Optimal [MILP -> milp] VERIFIED proof: tier=independent_tree status=accepted budget_exhausted=false nodes=241 witness_values=23709 build_ms=3004.295541 replay_ms=17.040702
bench01-2026-10-01,2026-09-28,/tmp/opencode/markov-base01-build/markov-cero-solve,714ff78c14e1ad33b18eab26a2f6cd1235dfce5561a552c1d430fd548f3d8125,data/miplib/stein9.mps,miplib,MILP,train,3,warm,ok,1,300.0,293.126,289.48419,Optimal,true,tree_replayed,5,5,0,13,976,6728,5.0,0.0,pass,0.000000e+00,stderr=markov-cero 0.5.2 Optimal [MILP -> milp] VERIFIED proof: tier=independent_tree status=accepted budget_exhausted=false nodes=33 witness_values=1413 build_ms=107.069926 replay_ms=1.502853
bench01-2026-10-01,2026-09-28,/tmp/opencode/markov-base01-build/markov-cero-solve,714ff78c14e1ad33b18eab26a2f6cd1235dfce5561a552c1d430fd548f3d8125,data/miplib/supportcase26.mps,miplib,MILP,train,3,warm,absent,1,300.0,,,,,,,,,,,,,,,,model_not_in_checkout
bench01-2026-10-01,2026-09-28,/tmp/opencode/markov-base01-build/markov-cero-solve,714ff78c14e1ad33b18eab26a2f6cd1235dfce5561a552c1d430fd548f3d8125,data/miplib/mas74.mps,miplib,MILP,train,3,warm,ok,1,300.0,300003.396,300001.113014,ResourceLimit,false,unverified,0,10705.096011853078,0.999999989294904,384,322468,8516,11801.18572,11801.18572,not_checked,no primal vector in result,exit_code=5; stderr=markov-cero 0.5.2 ResourceLimit [MILP -> milp] NOT VERIFIED proof: tier=unverified status=not_requested budget_exhausted=false nodes=0 witness_values=0 build_ms=0 replay_ms=0
bench01-2026-10-01,2026-09-28,/tmp/opencode/markov-base01-build/markov-cero-solve,714ff78c14e1ad33b18eab26a2f6cd1235dfce5561a552c1d430fd548f3d8125,data/miplib/tr12-30.mps,miplib,MILP,train,3,warm,absent,1,300.0,,,,,,,,,,,,,,,,model_not_in_checkout
bench01-2026-10-01,2026-09-28,/tmp/opencode/markov-base01-build/markov-cero-solve,714ff78c14e1ad33b18eab26a2f6cd1235dfce5561a552c1d430fd548f3d8125,data/miplib/traininstance6.mps,miplib,MILP,train,3,warm,absent,1,300.0,,,,,,,,,,,,,,,,model_not_in_checkout
bench01-2026-10-01,2026-09-28,/tmp/opencode/markov-base01-build/markov-cero-solve,714ff78c14e1ad33b18eab26a2f6cd1235dfce5561a552c1d430fd548f3d8125,data/miplib/trento1.mps,miplib,MILP,train,3,warm,absent,1,300.0,,,,,,,,,,,,,,,,model_not_in_checkout
bench01-2026-10-01,2026-09-28,/tmp/opencode/markov-base01-build/markov-cero-solve,714ff78c14e1ad33b18eab26a2f6cd1235dfce5561a552c1d430fd548f3d8125,data/miplib/wachplan.mps,miplib,MILP,train,3,warm,absent,1,300.0,,,,,,,,,,,,,,,,model_not_in_checkout
bench01-2026-10-01,2026-09-28,/tmp/opencode/markov-base01-build/markov-cero-solve,714ff78c14e1ad33b18eab26a2f6cd1235dfce5561a552c1d430fd548f3d8125,data/mittelmann/30n20b8.mps,mittelmann,MILP,train,3,warm,absent,1,300.0,,,,,,,,,,,,,,,,model_not_in_checkout
bench01-2026-10-01,2026-09-28,/tmp/opencode/markov-base01-build/markov-cero-solve,714ff78c14e1ad33b18eab26a2f6cd1235dfce5561a552c1d430fd548f3d8125,data/mittelmann/bienst2.mps,mittelmann,MILP,train,3,warm,absent,1,300.0,,,,,,,,,,,,,,,,model_not_in_checkout
bench01-2026-10-01,2026-09-28,/tmp/opencode/markov-base01-build/markov-cero-solve,714ff78c14e1ad33b18eab26a2f6cd1235dfce5561a552c1d430fd548f3d8125,data/mittelmann/fome12.mps,mittelmann,MILP,train,3,warm,absent,1,300.0,,,,,,,,,,,,,,,,model_not_in_checkout
bench01-2026-10-01,2026-09-28,/tmp/opencode/markov-base01-build/markov-cero-solve,714ff78c14e1ad33b18eab26a2f6cd1235dfce5561a552c1d430fd548f3d8125,data/mittelmann/fome13.mps,mittelmann,MILP,train,3,warm,absent,1,300.0,,,,,,,,,,,,,,,,model_not_in_checkout
bench01-2026-10-01,2026-09-28,/tmp/opencode/markov-base01-build/markov-cero-solve,714ff78c14e1ad33b18eab26a2f6cd1235dfce5561a552c1d430fd548f3d8125,data/miplib/neos-2657525-crna.mps,miplib,MILP,train,3,warm,ok,1,300.0,300024.021,300020.559141,ResourceLimit,false,unverified,0,0,,29,36484,16160,1.810748,1.810748,not_checked,no primal vector in result,exit_code=5; stderr=markov-cero 0.5.2 ResourceLimit [MILP -> milp] NOT VERIFIED proof: tier=unverified status=not_requested budget_exhausted=false nodes=0 witness_values=0 build_ms=0 replay_ms=0
bench01-2026-10-01,2026-09-28,/tmp/opencode/markov-base01-build/markov-cero-solve,714ff78c14e1ad33b18eab26a2f6cd1235dfce5561a552c1d430fd548f3d8125,data/mittelmann/mkc1.mps,mittelmann,MILP,train,3,warm,absent,1,300.0,,,,,,,,,,,,,,,,model_not_in_checkout
bench01-2026-10-01,2026-09-28,/tmp/opencode/markov-base01-build/markov-cero-solve,714ff78c14e1ad33b18eab26a2f6cd1235dfce5561a552c1d430fd548f3d8125,data/mittelmann/pds-20.mps,mittelmann,MILP,train,3,warm,absent,1,300.0,,,,,,,,,,,,,,,,model_not_in_checkout
bench01-2026-10-01,2026-09-28,/tmp/opencode/markov-base01-build/markov-cero-solve,714ff78c14e1ad33b18eab26a2f6cd1235dfce5561a552c1d430fd548f3d8125,data/mittelmann/qap15.mps,mittelmann,MILP,train,3,warm,absent,1,300.0,,,,,,,,,,,,,,,,model_not_in_checkout
bench01-2026-10-01,2026-09-28,/tmp/opencode/markov-base01-build/markov-cero-solve,714ff78c14e1ad33b18eab26a2f6cd1235dfce5561a552c1d430fd548f3d8125,data/mittelmann/rail507.mps,mittelmann,MILP,train,3,warm,absent,1,300.0,,,,,,,,,,,,,,,,model_not_in_checkout
bench01-2026-10-01,2026-09-28,/tmp/opencode/markov-base01-build/markov-cero-solve,714ff78c14e1ad33b18eab26a2f6cd1235dfce5561a552c1d430fd548f3d8125,data/miplib/neos-3046615-murg.mps,miplib,MILP,train,3,warm,ok,1,300.0,306048.068,306043.805933,ResourceLimit,false,unverified,0,194,,14,14171,13276,1600.0,1600.0,not_checked,no primal vector in result,exit_code=5; stderr=markov-cero 0.5.2 ResourceLimit [MILP -> milp] NOT VERIFIED proof: tier=unverified status=not_requested budget_exhausted=false nodes=0 witness_values=0 build_ms=0 replay_ms=0
bench01-2026-10-01,2026-09-28,/tmp/opencode/markov-base01-build/markov-cero-solve,714ff78c14e1ad33b18eab26a2f6cd1235dfce5561a552c1d430fd548f3d8125,data/netlib/25fv47.mps,netlib,LP,train,3,warm,absent,1,60.0,,,,,,,,,,,,,,,,model_not_in_checkout
bench01-2026-10-01,2026-09-28,/tmp/opencode/markov-base01-build/markov-cero-solve,714ff78c14e1ad33b18eab26a2f6cd1235dfce5561a552c1d430fd548f3d8125,data/netlib/adlittle.mps,netlib,LP,train,3,warm,ok,1,60.0,253.311,250.651523,Optimal,true,optimality_witness_checked,225494.9631623804,225494.9631623804,0,1,625,6120,225494.96316238,3.7834979593753815e-10,pass,9.094947e-13,stderr=markov-cero 0.5.2 Optimal [LP -> primal] VERIFIED
bench01-2026-10-01,2026-09-28,/tmp/opencode/markov-base01-build/markov-cero-solve,714ff78c14e1ad33b18eab26a2f6cd1235dfce5561a552c1d430fd548f3d8125,data/netlib/afiro.mps,netlib,LP,train,3,warm,ok,1,60.0,11.697,9.801273,Optimal,true,optimality_witness_checked,-464.75314285714285,-464.75314285714285,0,1,55,6056,-464.753142857143,1.7053025658242404e-13,pass,4.263256e-14,stderr=markov-cero 0.5.2 Optimal [LP -> primal] VERIFIED
bench01-2026-10-01,2026-09-28,/tmp/opencode/markov-base01-build/markov-cero-solve,714ff78c14e1ad33b18eab26a2f6cd1235dfce5561a552c1d430fd548f3d8125,data/netlib/agg.mps,netlib,LP,train,3,warm,absent,1,60.0,,,,,,,,,,,,,,,,model_not_in_checkout
bench01-2026-10-01,2026-09-28,/tmp/opencode/markov-base01-build/markov-cero-solve,714ff78c14e1ad33b18eab26a2f6cd1235dfce5561a552c1d430fd548f3d8125,data/netlib/agg2.mps,netlib,LP,train,3,warm,absent,1,60.0,,,,,,,,,,,,,,,,model_not_in_checkout
bench01-2026-10-01,2026-09-28,/tmp/opencode/markov-base01-build/markov-cero-solve,714ff78c14e1ad33b18eab26a2f6cd1235dfce5561a552c1d430fd548f3d8125,data/netlib/agg3.mps,netlib,LP,train,3,warm,absent,1,60.0,,,,,,,,,,,,,,,,model_not_in_checkout
bench01-2026-10-01,2026-09-28,/tmp/opencode/markov-base01-build/markov-cero-solve,714ff78c14e1ad33b18eab26a2f6cd1235dfce5561a552c1d430fd548f3d8125,data/netlib/blend.mps,netlib,LP,train,3,warm,ok,1,60.0,446.428,442.678878,Optimal,true,optimality_witness_checked,-30.812149845828245,-30.812149845828245,0,1,547,5996,,,pass,2.842171e-14,stderr=markov-cero 0.5.2 Optimal [LP -> primal] VERIFIED
bench01-2026-10-01,2026-09-28,/tmp/opencode/markov-base01-build/markov-cero-solve,714ff78c14e1ad33b18eab26a2f6cd1235dfce5561a552c1d430fd548f3d8125,data/netlib/bnl1.mps,netlib,LP,train,3,warm,absent,1,60.0,,,,,,,,,,,,,,,,model_not_in_checkout
bench01-2026-10-01,2026-09-28,/tmp/opencode/markov-base01-build/markov-cero-solve,714ff78c14e1ad33b18eab26a2f6cd1235dfce5561a552c1d430fd548f3d8125,data/netlib/boeing1.mps,netlib,LP,train,3,warm,absent,1,60.0,,,,,,,,,,,,,,,,model_not_in_checkout
bench01-2026-10-01,2026-09-28,/tmp/opencode/markov-base01-build/markov-cero-solve,714ff78c14e1ad33b18eab26a2f6cd1235dfce5561a552c1d430fd548f3d8125,data/netlib/cycle.mps,netlib,LP,train,3,warm,absent,1,60.0,,,,,,,,,,,,,,,,model_not_in_checkout
bench01-2026-10-01,2026-09-28,/tmp/opencode/markov-base01-build/markov-cero-solve,714ff78c14e1ad33b18eab26a2f6cd1235dfce5561a552c1d430fd548f3d8125,data/netlib/czprob.mps,netlib,LP,train,3,warm,absent,1,60.0,,,,,,,,,,,,,,,,model_not_in_checkout
bench01-2026-10-01,2026-09-28,/tmp/opencode/markov-base01-build/markov-cero-solve,714ff78c14e1ad33b18eab26a2f6cd1235dfce5561a552c1d430fd548f3d8125,data/netlib/d2q06c.mps,netlib,LP,train,3,warm,absent,1,60.0,,,,,,,,,,,,,,,,model_not_in_checkout
bench01-2026-10-01,2026-09-28,/tmp/opencode/markov-base01-build/markov-cero-solve,714ff78c14e1ad33b18eab26a2f6cd1235dfce5561a552c1d430fd548f3d8125,data/netlib/d6cube.mps,netlib,LP,train,3,warm,absent,1,60.0,,,,,,,,,,,,,,,,model_not_in_checkout
bench01-2026-10-01,2026-09-28,/tmp/opencode/markov-base01-build/markov-cero-solve,714ff78c14e1ad33b18eab26a2f6cd1235dfce5561a552c1d430fd548f3d8125,data/netlib/degen2.mps,netlib,LP,train,3,warm,absent,1,60.0,,,,,,,,,,,,,,,,model_not_in_checkout
bench01-2026-10-01,2026-09-28,/tmp/opencode/markov-base01-build/markov-cero-solve,714ff78c14e1ad33b18eab26a2f6cd1235dfce5561a552c1d430fd548f3d8125,data/netlib/degen3.mps,netlib,LP,train,3,warm,absent,1,60.0,,,,,,,,,,,,,,,,model_not_in_checkout
bench01-2026-10-01,2026-09-28,/tmp/opencode/markov-base01-build/markov-cero-solve,714ff78c14e1ad33b18eab26a2f6cd1235dfce5561a552c1d430fd548f3d8125,data/netlib/dfl001.mps,netlib,LP,train,3,warm,absent,1,60.0,,,,,,,,,,,,,,,,model_not_in_checkout
bench01-2026-10-01,2026-09-28,/tmp/opencode/markov-base01-build/markov-cero-solve,714ff78c14e1ad33b18eab26a2f6cd1235dfce5561a552c1d430fd548f3d8125,data/netlib/fffff800.mps,netlib,LP,train,3,warm,absent,1,60.0,,,,,,,,,,,,,,,,model_not_in_checkout
bench01-2026-10-01,2026-09-28,/tmp/opencode/markov-base01-build/markov-cero-solve,714ff78c14e1ad33b18eab26a2f6cd1235dfce5561a552c1d430fd548f3d8125,data/netlib/finnis.mps,netlib,LP,train,3,warm,absent,1,60.0,,,,,,,,,,,,,,,,model_not_in_checkout
bench01-2026-10-01,2026-09-28,/tmp/opencode/markov-base01-build/markov-cero-solve,714ff78c14e1ad33b18eab26a2f6cd1235dfce5561a552c1d430fd548f3d8125,data/netlib/fit1d.mps,netlib,LP,train,3,warm,absent,1,60.0,,,,,,,,,,,,,,,,model_not_in_checkout
bench01-2026-10-01,2026-09-28,/tmp/opencode/markov-base01-build/markov-cero-solve,714ff78c14e1ad33b18eab26a2f6cd1235dfce5561a552c1d430fd548f3d8125,data/netlib/fit1p.mps,netlib,LP,train,3,warm,absent,1,60.0,,,,,,,,,,,,,,,,model_not_in_checkout
bench01-2026-10-01,2026-09-28,/tmp/opencode/markov-base01-build/markov-cero-solve,714ff78c14e1ad33b18eab26a2f6cd1235dfce5561a552c1d430fd548f3d8125,data/netlib/fit2d.mps,netlib,LP,train,3,warm,absent,1,60.0,,,,,,,,,,,,,,,,model_not_in_checkout
bench01-2026-10-01,2026-09-28,/tmp/opencode/markov-base01-build/markov-cero-solve,714ff78c14e1ad33b18eab26a2f6cd1235dfce5561a552c1d430fd548f3d8125,data/netlib/greenbea.mps,netlib,LP,train,3,warm,absent,1,60.0,,,,,,,,,,,,,,,,model_not_in_checkout
bench01-2026-10-01,2026-09-28,/tmp/opencode/markov-base01-build/markov-cero-solve,714ff78c14e1ad33b18eab26a2f6cd1235dfce5561a552c1d430fd548f3d8125,data/netlib/grow15.mps,netlib,LP,train,3,warm,absent,1,60.0,,,,,,,,,,,,,,,,model_not_in_checkout
bench01-2026-10-01,2026-09-28,/tmp/opencode/markov-base01-build/markov-cero-solve,714ff78c14e1ad33b18eab26a2f6cd1235dfce5561a552c1d430fd548f3d8125,data/netlib/grow22.mps,netlib,LP,train,3,warm,absent,1,60.0,,,,,,,,,,,,,,,,model_not_in_checkout
bench01-2026-10-01,2026-09-28,/tmp/opencode/markov-base01-build/markov-cero-solve,714ff78c14e1ad33b18eab26a2f6cd1235dfce5561a552c1d430fd548f3d8125,data/netlib/grow7.mps,netlib,LP,train,3,warm,ok,1,60.0,17.22,14.470168,InvalidModel,false,unverified,0,,,0,0,5660,,,not_checked,no primal vector in result,exit_code=3; stderr=markov-cero 0.5.2 InvalidModel [LP -> auto] NOT VERIFIED
bench01-2026-10-01,2026-09-28,/tmp/opencode/markov-base01-build/markov-cero-solve,714ff78c14e1ad33b18eab26a2f6cd1235dfce5561a552c1d430fd548f3d8125,data/netlib/lotfi.mps,netlib,LP,train,3,warm,ok,1,60.0,1150.826,1146.636392,Optimal,true,optimality_witness_checked,-25.26470606188001,-25.26470606188001,0,1,1166,6564,,,pass,9.313226e-10,stderr=markov-cero 0.5.2 Optimal [LP -> primal] VERIFIED
bench01-2026-10-01,2026-09-28,/tmp/opencode/markov-base01-build/markov-cero-solve,714ff78c14e1ad33b18eab26a2f6cd1235dfce5561a552c1d430fd548f3d8125,data/netlib/maros-r7.mps,netlib,LP,train,3,warm,absent,1,60.0,,,,,,,,,,,,,,,,model_not_in_checkout
bench01-2026-10-01,2026-09-28,/tmp/opencode/markov-base01-build/markov-cero-solve,714ff78c14e1ad33b18eab26a2f6cd1235dfce5561a552c1d430fd548f3d8125,data/netlib/modszk1.mps,netlib,LP,train,3,warm,absent,1,60.0,,,,,,,,,,,,,,,,model_not_in_checkout
bench01-2026-10-01,2026-09-28,/tmp/opencode/markov-base01-build/markov-cero-solve,714ff78c14e1ad33b18eab26a2f6cd1235dfce5561a552c1d430fd548f3d8125,data/netlib/nesm.mps,netlib,LP,train,3,warm,absent,1,60.0,,,,,,,,,,,,,,,,model_not_in_checkout
bench01-2026-10-01,2026-09-28,/tmp/opencode/markov-base01-build/markov-cero-solve,714ff78c14e1ad33b18eab26a2f6cd1235dfce5561a552c1d430fd548f3d8125,data/netlib/perold.mps,netlib,LP,train,3,warm,absent,1,60.0,,,,,,,,,,,,,,,,model_not_in_checkout
bench01-2026-10-01,2026-09-28,/tmp/opencode/markov-base01-build/markov-cero-solve,714ff78c14e1ad33b18eab26a2f6cd1235dfce5561a552c1d430fd548f3d8125,data/netlib/pilot.ja.mps,netlib,LP,train,3,warm,absent,1,60.0,,,,,,,,,,,,,,,,model_not_in_checkout
bench01-2026-10-01,2026-09-28,/tmp/opencode/markov-base01-build/markov-cero-solve,714ff78c14e1ad33b18eab26a2f6cd1235dfce5561a552c1d430fd548f3d8125,data/netlib/pilot.mps,netlib,LP,train,3,warm,absent,1,60.0,,,,,,,,,,,,,,,,model_not_in_checkout
bench01-2026-10-01,2026-09-28,/tmp/opencode/markov-base01-build/markov-cero-solve,714ff78c14e1ad33b18eab26a2f6cd1235dfce5561a552c1d430fd548f3d8125,data/netlib/pilot4.mps,netlib,LP,train,3,warm,absent,1,60.0,,,,,,,,,,,,,,,,model_not_in_checkout
bench01-2026-10-01,2026-09-28,/tmp/opencode/markov-base01-build/markov-cero-solve,714ff78c14e1ad33b18eab26a2f6cd1235dfce5561a552c1d430fd548f3d8125,data/netlib/pilot87.mps,netlib,LP,train,3,warm,absent,1,60.0,,,,,,,,,,,,,,,,model_not_in_checkout
bench01-2026-10-01,2026-09-28,/tmp/opencode/markov-base01-build/markov-cero-solve,714ff78c14e1ad33b18eab26a2f6cd1235dfce5561a552c1d430fd548f3d8125,data/netlib/pilotnov.mps,netlib,LP,train,3,warm,absent,1,60.0,,,,,,,,,,,,,,,,model_not_in_checkout
bench01-2026-10-01,2026-09-28,/tmp/opencode/markov-base01-build/markov-cero-solve,714ff78c14e1ad33b18eab26a2f6cd1235dfce5561a552c1d430fd548f3d8125,data/netlib/qap12.mps,netlib,LP,train,3,warm,absent,1,60.0,,,,,,,,,,,,,,,,model_not_in_checkout
bench01-2026-10-01,2026-09-28,/tmp/opencode/markov-base01-build/markov-cero-solve,714ff78c14e1ad33b18eab26a2f6cd1235dfce5561a552c1d430fd548f3d8125,data/netlib/qap15.mps,netlib,LP,train,3,warm,absent,1,60.0,,,,,,,,,,,,,,,,model_not_in_checkout
bench01-2026-10-01,2026-09-28,/tmp/opencode/markov-base01-build/markov-cero-solve,714ff78c14e1ad33b18eab26a2f6cd1235dfce5561a552c1d430fd548f3d8125,data/netlib/qap8.mps,netlib,LP,train,3,warm,absent,1,60.0,,,,,,,,,,,,,,,,model_not_in_checkout
bench01-2026-10-01,2026-09-28,/tmp/opencode/markov-base01-build/markov-cero-solve,714ff78c14e1ad33b18eab26a2f6cd1235dfce5561a552c1d430fd548f3d8125,data/netlib/recipe.mps,netlib,LP,train,3,warm,ok,1,60.0,110.893,107.327954,Optimal,true,optimality_witness_checked,-266.616,-266.616,0,1,211,5908,-266.616,0.0,pass,0.000000e+00,stderr=markov-cero 0.5.2 Optimal [LP -> primal] VERIFIED
bench01-2026-10-01,2026-09-28,/tmp/opencode/markov-base01-build/markov-cero-solve,714ff78c14e1ad33b18eab26a2f6cd1235dfce5561a552c1d430fd548f3d8125,data/netlib/sc105.mps,netlib,LP,train,3,warm,ok,1,60.0,160.633,157.447374,Optimal,true,optimality_witness_checked,-52.20206121170726,-52.20206121170726,0,1,256,5724,-52.202061211707,2.6290081223123707e-13,pass,5.684342e-14,stderr=markov-cero 0.5.2 Optimal [LP -> primal] VERIFIED
bench01-2026-10-01,2026-09-28,/tmp/opencode/markov-base01-build/markov-cero-solve,714ff78c14e1ad33b18eab26a2f6cd1235dfce5561a552c1d430fd548f3d8125,data/netlib/sc205.mps,netlib,LP,train,3,warm,ok,1,60.0,10284.344,10280.246104,Optimal,true,optimality_witness_checked,-52.20206121170727,-52.20206121170727,0,1,4417,6352,-52.202061211707,2.7000623958883807e-13,pass,1.136868e-13,stderr=markov-cero 0.5.2 Optimal [LP -> primal] VERIFIED
bench01-2026-10-01,2026-09-28,/tmp/opencode/markov-base01-build/markov-cero-solve,714ff78c14e1ad33b18eab26a2f6cd1235dfce5561a552c1d430fd548f3d8125,data/netlib/sc50b.mps,netlib,LP,train,3,warm,ok,1,60.0,18.069,15.937008,Optimal,true,optimality_witness_checked,-70.00000000000001,-70.00000000000001,0,1,48,5964,-70.0,1.4210854715202004e-14,pass,5.684342e-14,stderr=markov-cero 0.5.2 Optimal [LP -> primal] VERIFIED
bench01-2026-10-01,2026-09-28,/tmp/opencode/markov-base01-build/markov-cero-solve,714ff78c14e1ad33b18eab26a2f6cd1235dfce5561a552c1d430fd548f3d8125,data/netlib/scagr7.mps,netlib,LP,train,3,warm,ok,1,60.0,277.928,274.690633,Optimal,true,optimality_witness_checked,-2331389.8243309837,-2331389.8243309837,0,1,411,6180,-2331389.82433098,3.725290298461914e-09,pass,2.728484e-12,stderr=markov-cero 0.5.2 Optimal [LP -> primal] VERIFIED
bench01-2026-10-01,2026-09-28,/tmp/opencode/markov-base01-build/markov-cero-solve,714ff78c14e1ad33b18eab26a2f6cd1235dfce5561a552c1d430fd548f3d8125,data/netlib/scfxm1.mps,netlib,LP,train,3,warm,ok,1,60.0,6407.668,6402.799622,Optimal,true,optimality_witness_checked,18416.75902834893,18416.75902834893,0,1,127,9116,,,pass,1.091394e-11,stderr=markov-cero 0.5.2 Optimal [LP -> primal] VERIFIED
bench01-2026-10-01,2026-09-28,/tmp/opencode/markov-base01-build/markov-cero-solve,714ff78c14e1ad33b18eab26a2f6cd1235dfce5561a552c1d430fd548f3d8125,data/netlib/scfxm2.mps,netlib,LP,train,3,warm,absent,1,60.0,,,,,,,,,,,,,,,,model_not_in_checkout
bench01-2026-10-01,2026-09-28,/tmp/opencode/markov-base01-build/markov-cero-solve,714ff78c14e1ad33b18eab26a2f6cd1235dfce5561a552c1d430fd548f3d8125,data/netlib/scfxm3.mps,netlib,LP,train,3,warm,absent,1,60.0,,,,,,,,,,,,,,,,model_not_in_checkout
bench01-2026-10-01,2026-09-28,/tmp/opencode/markov-base01-build/markov-cero-solve,714ff78c14e1ad33b18eab26a2f6cd1235dfce5561a552c1d430fd548f3d8125,data/netlib/scorpion.mps,netlib,LP,train,3,warm,ok,1,60.0,1823.189,1818.698098,Optimal,true,optimality_witness_checked,1878.1248227381068,1878.1248227381068,0,1,487,7232,1878.1248227381,6.821210263296962e-12,pass,9.992007e-16,stderr=markov-cero 0.5.2 Optimal [LP -> primal] VERIFIED
bench01-2026-10-01,2026-09-28,/tmp/opencode/markov-base01-build/markov-cero-solve,714ff78c14e1ad33b18eab26a2f6cd1235dfce5561a552c1d430fd548f3d8125,data/netlib/scrs8.mps,netlib,LP,train,3,warm,absent,1,60.0,,,,,,,,,,,,,,,,model_not_in_checkout
bench01-2026-10-01,2026-09-28,/tmp/opencode/markov-base01-build/markov-cero-solve,714ff78c14e1ad33b18eab26a2f6cd1235dfce5561a552c1d430fd548f3d8125,data/netlib/scsd6.mps,netlib,LP,train,3,warm,ok,1,60.0,1638.479,1634.255312,NumericalFailure,false,unverified,50.50013320878034,,,0,0,8756,,,pass,1.186821e-10,exit_code=7; stderr=markov-cero 0.5.2 NumericalFailure [LP -> primal] NOT VERIFIED numerical_diagnostic: primal_residual=1.18682064176312e-10 dual_residual=0 complementarity_gap=0.00014605328332558884 condition_estimate=
bench01-2026-10-01,2026-09-28,/tmp/opencode/markov-base01-build/markov-cero-solve,714ff78c14e1ad33b18eab26a2f6cd1235dfce5561a552c1d430fd548f3d8125,data/netlib/scsd8.mps,netlib,LP,train,3,warm,absent,1,60.0,,,,,,,,,,,,,,,,model_not_in_checkout
bench01-2026-10-01,2026-09-28,/tmp/opencode/markov-base01-build/markov-cero-solve,714ff78c14e1ad33b18eab26a2f6cd1235dfce5561a552c1d430fd548f3d8125,data/netlib/sctap3.mps,netlib,LP,train,3,warm,absent,1,60.0,,,,,,,,,,,,,,,,model_not_in_checkout
bench01-2026-10-01,2026-09-28,/tmp/opencode/markov-base01-build/markov-cero-solve,714ff78c14e1ad33b18eab26a2f6cd1235dfce5561a552c1d430fd548f3d8125,data/netlib/seba.mps,netlib,LP,train,3,warm,absent,1,60.0,,,,,,,,,,,,,,,,model_not_in_checkout
bench01-2026-10-01,2026-09-28,/tmp/opencode/markov-base01-build/markov-cero-solve,714ff78c14e1ad33b18eab26a2f6cd1235dfce5561a552c1d430fd548f3d8125,data/netlib/ship04l.mps,netlib,LP,train,3,warm,absent,1,60.0,,,,,,,,,,,,,,,,model_not_in_checkout
bench01-2026-10-01,2026-09-28,/tmp/opencode/markov-base01-build/markov-cero-solve,714ff78c14e1ad33b18eab26a2f6cd1235dfce5561a552c1d430fd548f3d8125,data/netlib/ship08l.mps,netlib,LP,train,3,warm,absent,1,60.0,,,,,,,,,,,,,,,,model_not_in_checkout
bench01-2026-10-01,2026-09-28,/tmp/opencode/markov-base01-build/markov-cero-solve,714ff78c14e1ad33b18eab26a2f6cd1235dfce5561a552c1d430fd548f3d8125,data/netlib/ship08s.mps,netlib,LP,train,3,warm,absent,1,60.0,,,,,,,,,,,,,,,,model_not_in_checkout
bench01-2026-10-01,2026-09-28,/tmp/opencode/markov-base01-build/markov-cero-solve,714ff78c14e1ad33b18eab26a2f6cd1235dfce5561a552c1d430fd548f3d8125,data/netlib/ship12l.mps,netlib,LP,train,3,warm,absent,1,60.0,,,,,,,,,,,,,,,,model_not_in_checkout
bench01-2026-10-01,2026-09-28,/tmp/opencode/markov-base01-build/markov-cero-solve,714ff78c14e1ad33b18eab26a2f6cd1235dfce5561a552c1d430fd548f3d8125,data/netlib/sierra.mps,netlib,LP,train,3,warm,absent,1,60.0,,,,,,,,,,,,,,,,model_not_in_checkout
bench01-2026-10-01,2026-09-28,/tmp/opencode/markov-base01-build/markov-cero-solve,714ff78c14e1ad33b18eab26a2f6cd1235dfce5561a552c1d430fd548f3d8125,data/netlib/standgub.mps,netlib,LP,train,3,warm,absent,1,60.0,,,,,,,,,,,,,,,,model_not_in_checkout
bench01-2026-10-01,2026-09-28,/tmp/opencode/markov-base01-build/markov-cero-solve,714ff78c14e1ad33b18eab26a2f6cd1235dfce5561a552c1d430fd548f3d8125,data/netlib/standmps.mps,netlib,LP,train,3,warm,absent,1,60.0,,,,,,,,,,,,,,,,model_not_in_checkout
bench01-2026-10-01,2026-09-28,/tmp/opencode/markov-base01-build/markov-cero-solve,714ff78c14e1ad33b18eab26a2f6cd1235dfce5561a552c1d430fd548f3d8125,data/netlib/wood1p.mps,netlib,LP,train,3,warm,absent,1,60.0,,,,,,,,,,,,,,,,model_not_in_checkout
bench01-2026-10-01,2026-09-28,/tmp/opencode/markov-base01-build/markov-cero-solve,714ff78c14e1ad33b18eab26a2f6cd1235dfce5561a552c1d430fd548f3d8125,data/netlib/woodw.mps,netlib,LP,train,3,warm,absent,1,60.0,,,,,,,,,,,,,,,,model_not_in_checkout
bench01-2026-10-01,2026-09-28,/tmp/opencode/markov-base01-build/markov-cero-solve,714ff78c14e1ad33b18eab26a2f6cd1235dfce5561a552c1d430fd548f3d8125,data/qp/QPLIB_0001.mps,qplib,QP,train,3,warm,ok,1,60.0,2.088,0.44969,Optimal,true,optimality_witness_checked,-3.499999999991098,,,1,17,780,,,pass,0.000000e+00,stderr=markov-cero 0.5.2 Optimal [QP -> qp] VERIFIED
bench01-2026-10-01,2026-09-28,/tmp/opencode/markov-base01-build/markov-cero-solve,714ff78c14e1ad33b18eab26a2f6cd1235dfce5561a552c1d430fd548f3d8125,data/qp/QPLIB_0002.mps,qplib,QP,train,3,warm,ok,1,60.0,3.257,0.711515,Optimal,true,optimality_witness_checked,-2.10714709820743,,,1,23,5492,,,pass,0.000000e+00,stderr=markov-cero 0.5.2 Optimal [QP -> qp] VERIFIED
bench01-2026-10-01,2026-09-28,/tmp/opencode/markov-base01-build/markov-cero-solve,714ff78c14e1ad33b18eab26a2f6cd1235dfce5561a552c1d430fd548f3d8125,data/qp/QPLIB_0010.mps,qplib,QP,train,3,warm,ok,1,60.0,3.441,1.110459,Optimal,true,optimality_witness_checked,-0.10334179412050311,,,1,27,5644,,,fail,1.280096e-06,stderr=markov-cero 0.5.2 Optimal [QP -> qp] VERIFIED; harness_feasibility_failure_solver_reported_verified
bench01-2026-10-01,2026-09-28,/tmp/opencode/markov-base01-build/markov-cero-solve,714ff78c14e1ad33b18eab26a2f6cd1235dfce5561a552c1d430fd548f3d8125,data/qp/QPLIB_0025.mps,qplib,QP,train,3,warm,ok,1,60.0,4.378,1.336594,Optimal,true,optimality_witness_checked,2681.000000219597,,,1,49,5120,,,pass,3.124709e-07,stderr=markov-cero 0.5.2 Optimal [QP -> qp] VERIFIED
bench01-2026-10-01,2026-09-28,/tmp/opencode/markov-base01-build/markov-cero-solve,714ff78c14e1ad33b18eab26a2f6cd1235dfce5561a552c1d430fd548f3d8125,data/qp/QPLIB_8515.mps,qplib,QP,train,3,warm,absent,1,60.0,,,,,,,,,,,,,,,,model_not_in_checkout
bench01-2026-10-01,2026-09-28,/tmp/opencode/markov-base01-build/markov-cero-solve,714ff78c14e1ad33b18eab26a2f6cd1235dfce5561a552c1d430fd548f3d8125,data/qp/QPLIB_8559.mps,qplib,QP,train,3,warm,absent,1,60.0,,,,,,,,,,,,,,,,model_not_in_checkout
bench01-2026-10-01,2026-09-28,/tmp/opencode/markov-base01-build/markov-cero-solve,714ff78c14e1ad33b18eab26a2f6cd1235dfce5561a552c1d430fd548f3d8125,data/qp/QPLIB_8567.mps,qplib,QP,train,3,warm,absent,1,60.0,,,,,,,,,,,,,,,,model_not_in_checkout
bench01-2026-10-01,2026-09-28,/tmp/opencode/markov-base01-build/markov-cero-solve,714ff78c14e1ad33b18eab26a2f6cd1235dfce5561a552c1d430fd548f3d8125,data/qp/QPLIB_8602.mps,qplib,QP,train,3,warm,absent,1,60.0,,,,,,,,,,,,,,,,model_not_in_checkout
bench01-2026-10-01,2026-09-28,/tmp/opencode/markov-base01-build/markov-cero-solve,714ff78c14e1ad33b18eab26a2f6cd1235dfce5561a552c1d430fd548f3d8125,data/qp/QPLIB_8616.mps,qplib,QP,train,3,warm,absent,1,60.0,,,,,,,,,,,,,,,,model_not_in_checkout
bench01-2026-10-01,2026-09-28,/tmp/opencode/markov-base01-build/markov-cero-solve,714ff78c14e1ad33b18eab26a2f6cd1235dfce5561a552c1d430fd548f3d8125,data/qp/QPLIB_8785.mps,qplib,QP,train,3,warm,absent,1,60.0,,,,,,,,,,,,,,,,model_not_in_checkout
bench01-2026-10-01,2026-09-28,/tmp/opencode/markov-base01-build/markov-cero-solve,714ff78c14e1ad33b18eab26a2f6cd1235dfce5561a552c1d430fd548f3d8125,data/qp/QPLIB_8790.mps,qplib,QP,train,3,warm,absent,1,60.0,,,,,,,,,,,,,,,,model_not_in_checkout
bench01-2026-10-01,2026-09-28,/tmp/opencode/markov-base01-build/markov-cero-solve,714ff78c14e1ad33b18eab26a2f6cd1235dfce5561a552c1d430fd548f3d8125,data/qp/QPLIB_8792.mps,qplib,QP,train,3,warm,absent,1,60.0,,,,,,,,,,,,,,,,model_not_in_checkout
bench01-2026-10-01,2026-09-28,/tmp/opencode/markov-base01-build/markov-cero-solve,714ff78c14e1ad33b18eab26a2f6cd1235dfce5561a552c1d430fd548f3d8125,data/qp/QPLIB_8845.mps,qplib,QP,train,3,warm,absent,1,60.0,,,,,,,,,,,,,,,,model_not_in_checkout
bench01-2026-10-01,2026-09-28,/tmp/opencode/markov-base01-build/markov-cero-solve,714ff78c14e1ad33b18eab26a2f6cd1235dfce5561a552c1d430fd548f3d8125,data/qp/QPLIB_8938.mps,qplib,QP,train,3,warm,absent,1,60.0,,,,,,,,,,,,,,,,model_not_in_checkout
bench01-2026-10-01,2026-09-28,/tmp/opencode/markov-base01-build/markov-cero-solve,714ff78c14e1ad33b18eab26a2f6cd1235dfce5561a552c1d430fd548f3d8125,data/qp/QPLIB_8991.mps,qplib,QP,train,3,warm,absent,1,60.0,,,,,,,,,,,,,,,,model_not_in_checkout
bench01-2026-10-01,2026-09-28,/tmp/opencode/markov-base01-build/markov-cero-solve,714ff78c14e1ad33b18eab26a2f6cd1235dfce5561a552c1d430fd548f3d8125,data/miplib/timtab1.mps,miplib,MILP,train,3,warm,ok,1,300.0,300010.131,300006.203792,ResourceLimit,false,unverified,0,76793,,115,93396,11264,764771.99999978,764771.99999978,not_checked,no primal vector in result,exit_code=5; stderr=markov-cero 0.5.2 ResourceLimit [MILP -> milp] NOT VERIFIED proof: tier=unverified status=not_requested budget_exhausted=false nodes=0 witness_values=0 build_ms=0 replay_ms=0
bench01-2026-10-01,2026-09-28,/tmp/opencode/markov-base01-build/markov-cero-solve,714ff78c14e1ad33b18eab26a2f6cd1235dfce5561a552c1d430fd548f3d8125,data/mittelmann/markshare_5_0.mps,mittelmann,MILP,train,3,warm,ok,1,300.0,300019.675,300016.248221,ResourceLimit,false,unverified,0,0,1,2529,486866,39012,,,not_checked,no primal vector in result,exit_code=5; stderr=markov-cero 0.5.2 ResourceLimit [MILP -> milp] NOT VERIFIED proof: tier=unverified status=not_requested budget_exhausted=false nodes=0 witness_values=0 build_ms=0 replay_ms=0
bench01-2026-10-01,2026-09-28,/tmp/opencode/markov-base01-build/markov-cero-solve,714ff78c14e1ad33b18eab26a2f6cd1235dfce5561a552c1d430fd548f3d8125,data/mittelmann/ran14x18_1.mps,mittelmann,MILP,train,3,warm,ok,1,300.0,300007.358,300004.341897,ResourceLimit,false,unverified,0,3076.277701283065,0.28107555473637175,125,126410,12204,,,not_checked,no primal vector in result,exit_code=5; stderr=markov-cero 0.5.2 ResourceLimit [MILP -> milp] NOT VERIFIED proof: tier=unverified status=not_requested budget_exhausted=false nodes=0 witness_values=0 build_ms=0 replay_ms=0
bench01-2026-10-01,2026-09-28,/tmp/opencode/markov-base01-build/markov-cero-solve,714ff78c14e1ad33b18eab26a2f6cd1235dfce5561a552c1d430fd548f3d8125,data/miplib/b1c1s1.mps,miplib,MILP,holdout,4,warm,absent,1,300.0,,,,,,,,,,,,,,,,model_not_in_checkout
bench01-2026-10-01,2026-09-28,/tmp/opencode/markov-base01-build/markov-cero-solve,714ff78c14e1ad33b18eab26a2f6cd1235dfce5561a552c1d430fd548f3d8125,data/miplib/fastxgemm-n2r6s0t2.mps,miplib,MILP,holdout,4,warm,absent,1,300.0,,,,,,,,,,,,,,,,model_not_in_checkout
bench01-2026-10-01,2026-09-28,/tmp/opencode/markov-base01-build/markov-cero-solve,714ff78c14e1ad33b18eab26a2f6cd1235dfce5561a552c1d430fd548f3d8125,data/miplib/gmu-35-50.mps,miplib,MILP,holdout,4,warm,absent,1,300.0,,,,,,,,,,,,,,,,model_not_in_checkout
bench01-2026-10-01,2026-09-28,/tmp/opencode/markov-base01-build/markov-cero-solve,714ff78c14e1ad33b18eab26a2f6cd1235dfce5561a552c1d430fd548f3d8125,data/miplib/graphdraw-domain.mps,miplib,MILP,holdout,4,warm,absent,1,300.0,,,,,,,,,,,,,,,,model_not_in_checkout
bench01-2026-10-01,2026-09-28,/tmp/opencode/markov-base01-build/markov-cero-solve,714ff78c14e1ad33b18eab26a2f6cd1235dfce5561a552c1d430fd548f3d8125,data/miplib/lotsize.mps,miplib,MILP,holdout,4,warm,absent,1,300.0,,,,,,,,,,,,,,,,model_not_in_checkout
bench01-2026-10-01,2026-09-28,/tmp/opencode/markov-base01-build/markov-cero-solve,714ff78c14e1ad33b18eab26a2f6cd1235dfce5561a552c1d430fd548f3d8125,data/miplib/neos-1171448.mps,miplib,MILP,holdout,4,warm,absent,1,300.0,,,,,,,,,,,,,,,,model_not_in_checkout
bench01-2026-10-01,2026-09-28,/tmp/opencode/markov-base01-build/markov-cero-solve,714ff78c14e1ad33b18eab26a2f6cd1235dfce5561a552c1d430fd548f3d8125,data/cases/pochet_lot_sizing.mps,cases,MILP,holdout,4,warm,hash_mismatch,1,300.0,,,,,,,,,,,,,,,,model_sha256_disagrees
bench01-2026-10-01,2026-09-28,/tmp/opencode/markov-base01-build/markov-cero-solve,714ff78c14e1ad33b18eab26a2f6cd1235dfce5561a552c1d430fd548f3d8125,data/cases/capitanescu_dc_opf.mps,cases,MILP,holdout,4,warm,hash_mismatch,1,300.0,,,,,,,,,,,,,,,,model_sha256_disagrees
bench01-2026-10-01,2026-09-28,/tmp/opencode/markov-base01-build/markov-cero-solve,714ff78c14e1ad33b18eab26a2f6cd1235dfce5561a552c1d430fd548f3d8125,data/miplib/neos-5107597-kakapo.mps,miplib,MILP,holdout,4,warm,absent,1,300.0,,,,,,,,,,,,,,,,model_not_in_checkout
bench01-2026-10-01,2026-09-28,/tmp/opencode/markov-base01-build/markov-cero-solve,714ff78c14e1ad33b18eab26a2f6cd1235dfce5561a552c1d430fd548f3d8125,data/miplib/rococoC10-001000.mps,miplib,MILP,holdout,4,warm,absent,1,300.0,,,,,,,,,,,,,,,,model_not_in_checkout
bench01-2026-10-01,2026-09-28,/tmp/opencode/markov-base01-build/markov-cero-solve,714ff78c14e1ad33b18eab26a2f6cd1235dfce5561a552c1d430fd548f3d8125,data/miplib/supportcase18.mps,miplib,MILP,holdout,4,warm,absent,1,300.0,,,,,,,,,,,,,,,,model_not_in_checkout
bench01-2026-10-01,2026-09-28,/tmp/opencode/markov-base01-build/markov-cero-solve,714ff78c14e1ad33b18eab26a2f6cd1235dfce5561a552c1d430fd548f3d8125,data/miplib/swath1.mps,miplib,MILP,holdout,4,warm,absent,1,300.0,,,,,,,,,,,,,,,,model_not_in_checkout
bench01-2026-10-01,2026-09-28,/tmp/opencode/markov-base01-build/markov-cero-solve,714ff78c14e1ad33b18eab26a2f6cd1235dfce5561a552c1d430fd548f3d8125,data/miplib/traininstance2.mps,miplib,MILP,holdout,4,warm,absent,1,300.0,,,,,,,,,,,,,,,,model_not_in_checkout
bench01-2026-10-01,2026-09-28,/tmp/opencode/markov-base01-build/markov-cero-solve,714ff78c14e1ad33b18eab26a2f6cd1235dfce5561a552c1d430fd548f3d8125,data/mittelmann/air05.mps,mittelmann,MILP,holdout,4,warm,absent,1,300.0,,,,,,,,,,,,,,,,model_not_in_checkout
bench01-2026-10-01,2026-09-28,/tmp/opencode/markov-base01-build/markov-cero-solve,714ff78c14e1ad33b18eab26a2f6cd1235dfce5561a552c1d430fd548f3d8125,data/mittelmann/bienst1.mps,mittelmann,MILP,holdout,4,warm,absent,1,300.0,,,,,,,,,,,,,,,,model_not_in_checkout
bench01-2026-10-01,2026-09-28,/tmp/opencode/markov-base01-build/markov-cero-solve,714ff78c14e1ad33b18eab26a2f6cd1235dfce5561a552c1d430fd548f3d8125,data/miplib/neos-4954672-berkel.mps,miplib,MILP,holdout,4,warm,absent,1,300.0,,,,,,,,,,,,,,,,model_not_in_checkout
bench01-2026-10-01,2026-09-28,/tmp/opencode/markov-base01-build/markov-cero-solve,714ff78c14e1ad33b18eab26a2f6cd1235dfce5561a552c1d430fd548f3d8125,data/mittelmann/rail582.mps,mittelmann,MILP,holdout,4,warm,absent,1,300.0,,,,,,,,,,,,,,,,model_not_in_checkout
bench01-2026-10-01,2026-09-28,/tmp/opencode/markov-base01-build/markov-cero-solve,714ff78c14e1ad33b18eab26a2f6cd1235dfce5561a552c1d430fd548f3d8125,data/mittelmann/rail516.mps,mittelmann,MILP,holdout,4,warm,absent,1,300.0,,,,,,,,,,,,,,,,model_not_in_checkout
bench01-2026-10-01,2026-09-28,/tmp/opencode/markov-base01-build/markov-cero-solve,714ff78c14e1ad33b18eab26a2f6cd1235dfce5561a552c1d430fd548f3d8125,data/netlib/bore3d.mps,netlib,LP,holdout,4,warm,ok,1,60.0,2124.657,2121.926544,NumericalFailure,false,unverified,1373.0804138468477,,,0,319,7576,,,not_checked,primal and variable_names differ in length,exit_code=7; stderr=markov-cero 0.5.2 NumericalFailure [LP -> primal] NOT VERIFIED numerical_diagnostic: primal_residual=4.3338091466345384e-09 dual_residual=4.8783501746014274e-11 complementarity_gap=0.00185362991938647
bench01-2026-10-01,2026-09-28,/tmp/opencode/markov-base01-build/markov-cero-solve,714ff78c14e1ad33b18eab26a2f6cd1235dfce5561a552c1d430fd548f3d8125,data/netlib/e226.mps,netlib,LP,holdout,4,warm,ok,1,60.0,16.848,14.301086,InvalidModel,false,unverified,0,,,0,0,4836,,,not_checked,no primal vector in result,exit_code=3; stderr=markov-cero 0.5.2 InvalidModel [LP -> auto] NOT VERIFIED
bench01-2026-10-01,2026-09-28,/tmp/opencode/markov-base01-build/markov-cero-solve,714ff78c14e1ad33b18eab26a2f6cd1235dfce5561a552c1d430fd548f3d8125,data/netlib/brandy.mps,netlib,LP,holdout,4,warm,ok,1,60.0,6901.579,6898.403265,Optimal,true,optimality_witness_checked,1518.509896488128,1518.509896488128,0,1,612,8192,,,pass,6.821210e-13,stderr=markov-cero 0.5.2 Optimal [LP -> primal] VERIFIED
bench01-2026-10-01,2026-09-28,/tmp/opencode/markov-base01-build/markov-cero-solve,714ff78c14e1ad33b18eab26a2f6cd1235dfce5561a552c1d430fd548f3d8125,data/netlib/greenbeb.mps,netlib,LP,holdout,4,warm,absent,1,60.0,,,,,,,,,,,,,,,,model_not_in_checkout
bench01-2026-10-01,2026-09-28,/tmp/opencode/markov-base01-build/markov-cero-solve,714ff78c14e1ad33b18eab26a2f6cd1235dfce5561a552c1d430fd548f3d8125,data/netlib/pilot.we.mps,netlib,LP,holdout,4,warm,absent,1,60.0,,,,,,,,,,,,,,,,model_not_in_checkout
bench01-2026-10-01,2026-09-28,/tmp/opencode/markov-base01-build/markov-cero-solve,714ff78c14e1ad33b18eab26a2f6cd1235dfce5561a552c1d430fd548f3d8125,data/netlib/sc50a.mps,netlib,LP,holdout,4,warm,ok,1,60.0,21.193,18.690017,Optimal,true,optimality_witness_checked,-64.57507705856453,-64.57507705856453,0,1,54,6136,-64.575077058564,5.258016244624741e-13,pass,2.842171e-14,stderr=markov-cero 0.5.2 Optimal [LP -> primal] VERIFIED
bench01-2026-10-01,2026-09-28,/tmp/opencode/markov-base01-build/markov-cero-solve,714ff78c14e1ad33b18eab26a2f6cd1235dfce5561a552c1d430fd548f3d8125,data/netlib/scagr25.mps,netlib,LP,holdout,4,warm,ok,1,60.0,8540.103,8536.377802,Optimal,true,optimality_witness_checked,-14753433.06076852,-14753433.06076852,0,1,3204,7172,,,pass,1.818989e-12,stderr=markov-cero 0.5.2 Optimal [LP -> primal] VERIFIED
bench01-2026-10-01,2026-09-28,/tmp/opencode/markov-base01-build/markov-cero-solve,714ff78c14e1ad33b18eab26a2f6cd1235dfce5561a552c1d430fd548f3d8125,data/netlib/sctap2.mps,netlib,LP,holdout,4,warm,absent,1,60.0,,,,,,,,,,,,,,,,model_not_in_checkout
bench01-2026-10-01,2026-09-28,/tmp/opencode/markov-base01-build/markov-cero-solve,714ff78c14e1ad33b18eab26a2f6cd1235dfce5561a552c1d430fd548f3d8125,data/miplib/neos-3754480-nidda.mps,miplib,MILP,holdout,4,warm,ok,1,300.0,16107.074,16104.765946,NumericalFailure,false,unverified,0,,,1,794,8272,12939.7540104743,12939.7540104743,not_checked,no primal vector in result,exit_code=7; stderr=markov-cero 0.5.2 NumericalFailure [MILP -> milp] NOT VERIFIED proof: tier=unverified status=not_requested budget_exhausted=false nodes=0 witness_values=0 build_ms=0 replay_ms=0 numerical_diagnostic: 
bench01-2026-10-01,2026-09-28,/tmp/opencode/markov-base01-build/markov-cero-solve,714ff78c14e1ad33b18eab26a2f6cd1235dfce5561a552c1d430fd548f3d8125,data/netlib/share2b.mps,netlib,LP,holdout,4,warm,ok,1,60.0,249.852,247.338748,Optimal,true,optimality_witness_checked,-415.7322407414181,-415.7322407414181,0,1,473,5972,-415.732240741418,5.684341886080802e-14,pass,9.094947e-13,stderr=markov-cero 0.5.2 Optimal [LP -> primal] VERIFIED
bench01-2026-10-01,2026-09-28,/tmp/opencode/markov-base01-build/markov-cero-solve,714ff78c14e1ad33b18eab26a2f6cd1235dfce5561a552c1d430fd548f3d8125,data/netlib/shell.mps,netlib,LP,holdout,4,warm,absent,1,60.0,,,,,,,,,,,,,,,,model_not_in_checkout
bench01-2026-10-01,2026-09-28,/tmp/opencode/markov-base01-build/markov-cero-solve,714ff78c14e1ad33b18eab26a2f6cd1235dfce5561a552c1d430fd548f3d8125,data/netlib/stair.mps,netlib,LP,holdout,4,warm,absent,1,60.0,,,,,,,,,,,,,,,,model_not_in_checkout
bench01-2026-10-01,2026-09-28,/tmp/opencode/markov-base01-build/markov-cero-solve,714ff78c14e1ad33b18eab26a2f6cd1235dfce5561a552c1d430fd548f3d8125,data/netlib/share1b.mps,netlib,LP,holdout,4,warm,ok,1,60.0,948.854,946.050792,Optimal,true,optimality_witness_checked,-76589.31857918539,-76589.31857918539,0,1,1266,6660,-76589.3185791855,1.1641532182693481e-10,pass,5.067908e-10,stderr=markov-cero 0.5.2 Optimal [LP -> primal] VERIFIED
bench01-2026-10-01,2026-09-28,/tmp/opencode/markov-base01-build/markov-cero-solve,714ff78c14e1ad33b18eab26a2f6cd1235dfce5561a552c1d430fd548f3d8125,data/netlib/stocfor3.mps,netlib,LP,holdout,4,warm,absent,1,60.0,,,,,,,,,,,,,,,,model_not_in_checkout
bench01-2026-10-01,2026-09-28,/tmp/opencode/markov-base01-build/markov-cero-solve,714ff78c14e1ad33b18eab26a2f6cd1235dfce5561a552c1d430fd548f3d8125,data/netlib/tuff.mps,netlib,LP,holdout,4,warm,absent,1,60.0,,,,,,,,,,,,,,,,model_not_in_checkout
bench01-2026-10-01,2026-09-28,/tmp/opencode/markov-base01-build/markov-cero-solve,714ff78c14e1ad33b18eab26a2f6cd1235dfce5561a552c1d430fd548f3d8125,data/qp/QPLIB_8495.mps,qplib,QP,holdout,4,warm,absent,1,60.0,,,,,,,,,,,,,,,,model_not_in_checkout
bench01-2026-10-01,2026-09-28,/tmp/opencode/markov-base01-build/markov-cero-solve,714ff78c14e1ad33b18eab26a2f6cd1235dfce5561a552c1d430fd548f3d8125,data/qp/QPLIB_8906.mps,qplib,QP,holdout,4,warm,absent,1,60.0,,,,,,,,,,,,,,,,model_not_in_checkout
bench01-2026-10-01,2026-09-28,/tmp/opencode/markov-base01-build/markov-cero-solve,714ff78c14e1ad33b18eab26a2f6cd1235dfce5561a552c1d430fd548f3d8125,data/cases/refinery_scheduling_large.mps,cases,MILP,tune,4,warm,hash_mismatch,1,300.0,,,,,,,,,,,,,,,,model_sha256_disagrees
bench01-2026-10-01,2026-09-28,/tmp/opencode/markov-base01-build/markov-cero-solve,714ff78c14e1ad33b18eab26a2f6cd1235dfce5561a552c1d430fd548f3d8125,data/miplib/CMS750_4.mps,miplib,MILP,tune,4,warm,absent,1,300.0,,,,,,,,,,,,,,,,model_not_in_checkout
bench01-2026-10-01,2026-09-28,/tmp/opencode/markov-base01-build/markov-cero-solve,714ff78c14e1ad33b18eab26a2f6cd1235dfce5561a552c1d430fd548f3d8125,data/miplib/beasleyC3.mps,miplib,MILP,tune,4,warm,absent,1,300.0,,,,,,,,,,,,,,,,model_not_in_checkout
bench01-2026-10-01,2026-09-28,/tmp/opencode/markov-base01-build/markov-cero-solve,714ff78c14e1ad33b18eab26a2f6cd1235dfce5561a552c1d430fd548f3d8125,data/miplib/bnatt400.mps,miplib,MILP,tune,4,warm,absent,1,300.0,,,,,,,,,,,,,,,,model_not_in_checkout
bench01-2026-10-01,2026-09-28,/tmp/opencode/markov-base01-build/markov-cero-solve,714ff78c14e1ad33b18eab26a2f6cd1235dfce5561a552c1d430fd548f3d8125,data/miplib/bppc4-08.mps,miplib,MILP,tune,4,warm,absent,1,300.0,,,,,,,,,,,,,,,,model_not_in_checkout
bench01-2026-10-01,2026-09-28,/tmp/opencode/markov-base01-build/markov-cero-solve,714ff78c14e1ad33b18eab26a2f6cd1235dfce5561a552c1d430fd548f3d8125,data/miplib/cvs16r128-89.mps,miplib,MILP,tune,4,warm,absent,1,300.0,,,,,,,,,,,,,,,,model_not_in_checkout
bench01-2026-10-01,2026-09-28,/tmp/opencode/markov-base01-build/markov-cero-solve,714ff78c14e1ad33b18eab26a2f6cd1235dfce5561a552c1d430fd548f3d8125,data/miplib/dano3_5.mps,miplib,MILP,tune,4,warm,absent,1,300.0,,,,,,,,,,,,,,,,model_not_in_checkout
bench01-2026-10-01,2026-09-28,/tmp/opencode/markov-base01-build/markov-cero-solve,714ff78c14e1ad33b18eab26a2f6cd1235dfce5561a552c1d430fd548f3d8125,data/miplib/graph20-20-1rand.mps,miplib,MILP,tune,4,warm,absent,1,300.0,,,,,,,,,,,,,,,,model_not_in_checkout
bench01-2026-10-01,2026-09-28,/tmp/opencode/markov-base01-build/markov-cero-solve,714ff78c14e1ad33b18eab26a2f6cd1235dfce5561a552c1d430fd548f3d8125,data/miplib/istanbul-no-cutoff.mps,miplib,MILP,tune,4,warm,absent,1,300.0,,,,,,,,,,,,,,,,model_not_in_checkout
bench01-2026-10-01,2026-09-28,/tmp/opencode/markov-base01-build/markov-cero-solve,714ff78c14e1ad33b18eab26a2f6cd1235dfce5561a552c1d430fd548f3d8125,data/netlib/stocfor1.mps,netlib,LP,holdout,4,warm,ok,1,60.0,230.519,228.511108,Optimal,true,optimality_witness_checked,-41131.97621943642,-41131.97621943642,0,1,432,6368,,,pass,2.728484e-12,stderr=markov-cero 0.5.2 Optimal [LP -> primal] VERIFIED
bench01-2026-10-01,2026-09-28,/tmp/opencode/markov-base01-build/markov-cero-solve,714ff78c14e1ad33b18eab26a2f6cd1235dfce5561a552c1d430fd548f3d8125,data/miplib/mcsched.mps,miplib,MILP,tune,4,warm,absent,1,300.0,,,,,,,,,,,,,,,,model_not_in_checkout
bench01-2026-10-01,2026-09-28,/tmp/opencode/markov-base01-build/markov-cero-solve,714ff78c14e1ad33b18eab26a2f6cd1235dfce5561a552c1d430fd548f3d8125,data/miplib/mik-250-20-75-4.mps,miplib,MILP,tune,4,warm,absent,1,300.0,,,,,,,,,,,,,,,,model_not_in_checkout
bench01-2026-10-01,2026-09-28,/tmp/opencode/markov-base01-build/markov-cero-solve,714ff78c14e1ad33b18eab26a2f6cd1235dfce5561a552c1d430fd548f3d8125,data/miplib/neos-1354092.mps,miplib,MILP,tune,4,warm,absent,1,300.0,,,,,,,,,,,,,,,,model_not_in_checkout
bench01-2026-10-01,2026-09-28,/tmp/opencode/markov-base01-build/markov-cero-solve,714ff78c14e1ad33b18eab26a2f6cd1235dfce5561a552c1d430fd548f3d8125,data/miplib/neos-3381206-awhea.mps,miplib,MILP,tune,4,warm,absent,1,300.0,,,,,,,,,,,,,,,,model_not_in_checkout
bench01-2026-10-01,2026-09-28,/tmp/opencode/markov-base01-build/markov-cero-solve,714ff78c14e1ad33b18eab26a2f6cd1235dfce5561a552c1d430fd548f3d8125,data/miplib/neos17.mps,miplib,MILP,tune,4,warm,absent,1,300.0,,,,,,,,,,,,,,,,model_not_in_checkout
bench01-2026-10-01,2026-09-28,/tmp/opencode/markov-base01-build/markov-cero-solve,714ff78c14e1ad33b18eab26a2f6cd1235dfce5561a552c1d430fd548f3d8125,data/netlib/etamacro.mps,netlib,LP,holdout,4,warm,ok,1,60.0,19859.257,19855.235962,NumericalFailure,false,unverified,-755.7143090291331,,,0,1378,12612,,,not_checked,primal and variable_names differ in length,exit_code=7; stderr=markov-cero 0.5.2 NumericalFailure [LP -> primal] NOT VERIFIED numerical_diagnostic: primal_residual=5.5644022722844966e-10 dual_residual=2.0621525320674294e-16 complementarity_gap=0.00214953078166371
bench01-2026-10-01,2026-09-28,/tmp/opencode/markov-base01-build/markov-cero-solve,714ff78c14e1ad33b18eab26a2f6cd1235dfce5561a552c1d430fd548f3d8125,data/miplib/enlight_hard.mps,miplib,MILP,holdout,4,warm,ok,1,300.0,300006.453,300003.166794,ResourceLimit,false,unverified,0,15,,637,398842,12892,37.0,37.0,not_checked,no primal vector in result,exit_code=5; stderr=markov-cero 0.5.2 ResourceLimit [MILP -> milp] NOT VERIFIED proof: tier=unverified status=not_requested budget_exhausted=false nodes=0 witness_values=0 build_ms=0 replay_ms=0
bench01-2026-10-01,2026-09-28,/tmp/opencode/markov-base01-build/markov-cero-solve,714ff78c14e1ad33b18eab26a2f6cd1235dfce5561a552c1d430fd548f3d8125,data/miplib/sp97ar.mps,miplib,MILP,tune,4,warm,absent,1,300.0,,,,,,,,,,,,,,,,model_not_in_checkout
bench01-2026-10-01,2026-09-28,/tmp/opencode/markov-base01-build/markov-cero-solve,714ff78c14e1ad33b18eab26a2f6cd1235dfce5561a552c1d430fd548f3d8125,data/miplib/uct-subprob.mps,miplib,MILP,tune,4,warm,absent,1,300.0,,,,,,,,,,,,,,,,model_not_in_checkout
bench01-2026-10-01,2026-09-28,/tmp/opencode/markov-base01-build/markov-cero-solve,714ff78c14e1ad33b18eab26a2f6cd1235dfce5561a552c1d430fd548f3d8125,data/mittelmann/50v-10.mps,mittelmann,MILP,tune,4,warm,absent,1,300.0,,,,,,,,,,,,,,,,model_not_in_checkout
bench01-2026-10-01,2026-09-28,/tmp/opencode/markov-base01-build/markov-cero-solve,714ff78c14e1ad33b18eab26a2f6cd1235dfce5561a552c1d430fd548f3d8125,data/mittelmann/app1-1.mps,mittelmann,MILP,tune,4,warm,absent,1,300.0,,,,,,,,,,,,,,,,model_not_in_checkout
bench01-2026-10-01,2026-09-28,/tmp/opencode/markov-base01-build/markov-cero-solve,714ff78c14e1ad33b18eab26a2f6cd1235dfce5561a552c1d430fd548f3d8125,data/mittelmann/fome11.mps,mittelmann,MILP,tune,4,warm,absent,1,300.0,,,,,,,,,,,,,,,,model_not_in_checkout
bench01-2026-10-01,2026-09-28,/tmp/opencode/markov-base01-build/markov-cero-solve,714ff78c14e1ad33b18eab26a2f6cd1235dfce5561a552c1d430fd548f3d8125,data/miplib/mas76.mps,miplib,MILP,tune,4,warm,ok,1,300.0,300004.245,300001.856571,ResourceLimit,false,unverified,0,39104.734526001055,0.9999999608952654,560,381007,8484,40005.05398999999,40005.05398999999,not_checked,no primal vector in result,exit_code=5; stderr=markov-cero 0.5.2 ResourceLimit [MILP -> milp] NOT VERIFIED proof: tier=unverified status=not_requested budget_exhausted=false nodes=0 witness_values=0 build_ms=0 replay_ms=0
bench01-2026-10-01,2026-09-28,/tmp/opencode/markov-base01-build/markov-cero-solve,714ff78c14e1ad33b18eab26a2f6cd1235dfce5561a552c1d430fd548f3d8125,data/mittelmann/nug08-3rd.mps,mittelmann,MILP,tune,4,warm,absent,1,300.0,,,,,,,,,,,,,,,,model_not_in_checkout
bench01-2026-10-01,2026-09-28,/tmp/opencode/markov-base01-build/markov-cero-solve,714ff78c14e1ad33b18eab26a2f6cd1235dfce5561a552c1d430fd548f3d8125,data/mittelmann/nug20.mps,mittelmann,MILP,tune,4,warm,absent,1,300.0,,,,,,,,,,,,,,,,model_not_in_checkout
bench01-2026-10-01,2026-09-28,/tmp/opencode/markov-base01-build/markov-cero-solve,714ff78c14e1ad33b18eab26a2f6cd1235dfce5561a552c1d430fd548f3d8125,data/netlib/80bau3b.mps,netlib,LP,tune,4,warm,absent,1,60.0,,,,,,,,,,,,,,,,model_not_in_checkout
bench01-2026-10-01,2026-09-28,/tmp/opencode/markov-base01-build/markov-cero-solve,714ff78c14e1ad33b18eab26a2f6cd1235dfce5561a552c1d430fd548f3d8125,data/miplib/pk1.mps,miplib,MILP,tune,4,warm,ok,1,300.0,300003.905,300001.402137,ResourceLimit,false,unverified,0,0,1,468,324609,7956,11.0,11.0,not_checked,no primal vector in result,exit_code=5; stderr=markov-cero 0.5.2 ResourceLimit [MILP -> milp] NOT VERIFIED proof: tier=unverified status=not_requested budget_exhausted=false nodes=0 witness_values=0 build_ms=0 replay_ms=0
bench01-2026-10-01,2026-09-28,/tmp/opencode/markov-base01-build/markov-cero-solve,714ff78c14e1ad33b18eab26a2f6cd1235dfce5561a552c1d430fd548f3d8125,data/netlib/beaconfd.mps,netlib,LP,tune,4,warm,ok,1,60.0,177.087,174.576218,Optimal,true,optimality_witness_checked,33592.485807200006,33592.485807200006,0,1,244,6328,33592.4858072,7.275957614183426e-12,pass,3.259615e-11,stderr=markov-cero 0.5.2 Optimal [LP -> primal] VERIFIED
bench01-2026-10-01,2026-09-28,/tmp/opencode/markov-base01-build/markov-cero-solve,714ff78c14e1ad33b18eab26a2f6cd1235dfce5561a552c1d430fd548f3d8125,data/netlib/bnl2.mps,netlib,LP,tune,4,warm,absent,1,60.0,,,,,,,,,,,,,,,,model_not_in_checkout
bench01-2026-10-01,2026-09-28,/tmp/opencode/markov-base01-build/markov-cero-solve,714ff78c14e1ad33b18eab26a2f6cd1235dfce5561a552c1d430fd548f3d8125,data/netlib/boeing2.mps,netlib,LP,tune,4,warm,ok,1,60.0,1552.707,1550.189548,Optimal,true,optimality_witness_checked,-315.0187280152029,-315.0187280152029,0,1,1254,6584,,,pass,1.421085e-14,stderr=markov-cero 0.5.2 Optimal [LP -> primal] VERIFIED
bench01-2026-10-01,2026-09-28,/tmp/opencode/markov-base01-build/markov-cero-solve,714ff78c14e1ad33b18eab26a2f6cd1235dfce5561a552c1d430fd548f3d8125,data/netlib/bandm.mps,netlib,LP,tune,4,warm,ok,1,60.0,3764.984,3760.606794,Optimal,true,optimality_witness_checked,-158.6280184501206,-158.6280184501206,0,1,2105,7084,,,pass,1.936229e-13,stderr=markov-cero 0.5.2 Optimal [LP -> primal] VERIFIED
bench01-2026-10-01,2026-09-28,/tmp/opencode/markov-base01-build/markov-cero-solve,714ff78c14e1ad33b18eab26a2f6cd1235dfce5561a552c1d430fd548f3d8125,data/netlib/fit2p.mps,netlib,LP,tune,4,warm,absent,1,60.0,,,,,,,,,,,,,,,,model_not_in_checkout
bench01-2026-10-01,2026-09-28,/tmp/opencode/markov-base01-build/markov-cero-solve,714ff78c14e1ad33b18eab26a2f6cd1235dfce5561a552c1d430fd548f3d8125,data/netlib/forplan.mps,netlib,LP,tune,4,warm,absent,1,60.0,,,,,,,,,,,,,,,,model_not_in_checkout
bench01-2026-10-01,2026-09-28,/tmp/opencode/markov-base01-build/markov-cero-solve,714ff78c14e1ad33b18eab26a2f6cd1235dfce5561a552c1d430fd548f3d8125,data/netlib/ganges.mps,netlib,LP,tune,4,warm,absent,1,60.0,,,,,,,,,,,,,,,,model_not_in_checkout
bench01-2026-10-01,2026-09-28,/tmp/opencode/markov-base01-build/markov-cero-solve,714ff78c14e1ad33b18eab26a2f6cd1235dfce5561a552c1d430fd548f3d8125,data/netlib/gfrd-pnc.mps,netlib,LP,tune,4,warm,absent,1,60.0,,,,,,,,,,,,,,,,model_not_in_checkout
bench01-2026-10-01,2026-09-28,/tmp/opencode/markov-base01-build/markov-cero-solve,714ff78c14e1ad33b18eab26a2f6cd1235dfce5561a552c1d430fd548f3d8125,data/netlib/capri.mps,netlib,LP,tune,4,warm,ok,1,60.0,3417.801,3414.349517,Optimal,true,optimality_witness_checked,2690.012913768161,2690.012913768161,0,1,1281,7164,,,pass,8.590906e-13,stderr=markov-cero 0.5.2 Optimal [LP -> primal] VERIFIED
bench01-2026-10-01,2026-09-28,/tmp/opencode/markov-base01-build/markov-cero-solve,714ff78c14e1ad33b18eab26a2f6cd1235dfce5561a552c1d430fd548f3d8125,data/netlib/kb2.mps,netlib,LP,tune,4,warm,ok,1,60.0,69.991,67.446269,Optimal,true,optimality_witness_checked,-1749.9001299062056,-1749.9001299062056,0,1,176,5776,,,pass,1.364242e-12,stderr=markov-cero 0.5.2 Optimal [LP -> primal] VERIFIED
bench01-2026-10-01,2026-09-28,/tmp/opencode/markov-base01-build/markov-cero-solve,714ff78c14e1ad33b18eab26a2f6cd1235dfce5561a552c1d430fd548f3d8125,data/netlib/maros.mps,netlib,LP,tune,4,warm,absent,1,60.0,,,,,,,,,,,,,,,,model_not_in_checkout
bench01-2026-10-01,2026-09-28,/tmp/opencode/markov-base01-build/markov-cero-solve,714ff78c14e1ad33b18eab26a2f6cd1235dfce5561a552c1d430fd548f3d8125,data/netlib/scsd1.mps,netlib,LP,tune,4,warm,ok,1,60.0,186.782,183.40361,NumericalFailure,false,unverified,8.666680097560823,,,0,79,7792,,,pass,4.937994e-11,exit_code=7; stderr=markov-cero 0.5.2 NumericalFailure [LP -> primal] NOT VERIFIED numerical_diagnostic: primal_residual=4.93799445777654e-11 dual_residual=0 complementarity_gap=1.5090295139641614e-05 condition_estimate=
bench01-2026-10-01,2026-09-28,/tmp/opencode/markov-base01-build/markov-cero-solve,714ff78c14e1ad33b18eab26a2f6cd1235dfce5561a552c1d430fd548f3d8125,data/miplib/sp150x300d.mps,miplib,MILP,tune,4,warm,ok,1,300.0,300024.214,300020.620254,ResourceLimit,false,unverified,0,5.861593965234503,0.9162629433537928,20,25601,21380,69.0,69.0,not_checked,no primal vector in result,exit_code=5; stderr=markov-cero 0.5.2 ResourceLimit [MILP -> milp] NOT VERIFIED proof: tier=unverified status=not_requested budget_exhausted=false nodes=0 witness_values=0 build_ms=0 replay_ms=0
bench01-2026-10-01,2026-09-28,/tmp/opencode/markov-base01-build/markov-cero-solve,714ff78c14e1ad33b18eab26a2f6cd1235dfce5561a552c1d430fd548f3d8125,data/netlib/ship04s.mps,netlib,LP,tune,4,warm,absent,1,60.0,,,,,,,,,,,,,,,,model_not_in_checkout
bench01-2026-10-01,2026-09-28,/tmp/opencode/markov-base01-build/markov-cero-solve,714ff78c14e1ad33b18eab26a2f6cd1235dfce5561a552c1d430fd548f3d8125,data/netlib/ship12s.mps,netlib,LP,tune,4,warm,absent,1,60.0,,,,,,,,,,,,,,,,model_not_in_checkout
bench01-2026-10-01,2026-09-28,/tmp/opencode/markov-base01-build/markov-cero-solve,714ff78c14e1ad33b18eab26a2f6cd1235dfce5561a552c1d430fd548f3d8125,data/netlib/standata.mps,netlib,LP,tune,4,warm,absent,1,60.0,,,,,,,,,,,,,,,,model_not_in_checkout
bench01-2026-10-01,2026-09-28,/tmp/opencode/markov-base01-build/markov-cero-solve,714ff78c14e1ad33b18eab26a2f6cd1235dfce5561a552c1d430fd548f3d8125,data/netlib/stocfor2.mps,netlib,LP,tune,4,warm,absent,1,60.0,,,,,,,,,,,,,,,,model_not_in_checkout
bench01-2026-10-01,2026-09-28,/tmp/opencode/markov-base01-build/markov-cero-solve,714ff78c14e1ad33b18eab26a2f6cd1235dfce5561a552c1d430fd548f3d8125,data/netlib/truss.mps,netlib,LP,tune,4,warm,absent,1,60.0,,,,,,,,,,,,,,,,model_not_in_checkout
bench01-2026-10-01,2026-09-28,/tmp/opencode/markov-base01-build/markov-cero-solve,714ff78c14e1ad33b18eab26a2f6cd1235dfce5561a552c1d430fd548f3d8125,data/netlib/vtpbase.mps,netlib,LP,tune,4,warm,ok,1,60.0,138.73,135.631635,Optimal,true,optimality_witness_checked,129831.46246136136,129831.46246136136,0,1,185,6440,,,pass,3.161915e-11,stderr=markov-cero 0.5.2 Optimal [LP -> primal] VERIFIED
bench01-2026-10-01,2026-09-28,/tmp/opencode/markov-base01-build/markov-cero-solve,714ff78c14e1ad33b18eab26a2f6cd1235dfce5561a552c1d430fd548f3d8125,data/qp/QPLIB_9002.mps,qplib,QP,tune,4,warm,absent,1,60.0,,,,,,,,,,,,,,,,model_not_in_checkout
bench01-2026-10-01,2026-09-28,/tmp/opencode/markov-base01-build/markov-cero-solve,714ff78c14e1ad33b18eab26a2f6cd1235dfce5561a552c1d430fd548f3d8125,data/netlib/sctap1.mps,netlib,LP,tune,4,warm,ok,1,60.0,1803.433,1799.885608,Optimal,true,optimality_witness_checked,1412.2500000000002,1412.2500000000002,0,1,1409,6876,,,pass,1.421085e-14,stderr=markov-cero 0.5.2 Optimal [LP -> primal] VERIFIED
bench01-2026-10-01,2026-09-28,/tmp/opencode/markov-base01-build/markov-cero-solve,714ff78c14e1ad33b18eab26a2f6cd1235dfce5561a552c1d430fd548f3d8125,data/cases/li_crude_blending.mps,cases,MILP,train,4,warm,hash_mismatch,1,300.0,,,,,,,,,,,,,,,,model_sha256_disagrees
bench01-2026-10-01,2026-09-28,/tmp/opencode/markov-base01-build/markov-cero-solve,714ff78c14e1ad33b18eab26a2f6cd1235dfce5561a552c1d430fd548f3d8125,data/cases/neiro_refinery_scheduling.mps,cases,MILP,train,4,warm,hash_mismatch,1,300.0,,,,,,,,,,,,,,,,model_sha256_disagrees
bench01-2026-10-01,2026-09-28,/tmp/opencode/markov-base01-build/markov-cero-solve,714ff78c14e1ad33b18eab26a2f6cd1235dfce5561a552c1d430fd548f3d8125,data/cases/process_network_large.mps,cases,MILP,train,4,warm,hash_mismatch,1,300.0,,,,,,,,,,,,,,,,model_sha256_disagrees
bench01-2026-10-01,2026-09-28,/tmp/opencode/markov-base01-build/markov-cero-solve,714ff78c14e1ad33b18eab26a2f6cd1235dfce5561a552c1d430fd548f3d8125,data/cases/production_planning_large.mps,cases,MILP,train,4,warm,hash_mismatch,1,300.0,,,,,,,,,,,,,,,,model_sha256_disagrees
bench01-2026-10-01,2026-09-28,/tmp/opencode/markov-base01-build/markov-cero-solve,714ff78c14e1ad33b18eab26a2f6cd1235dfce5561a552c1d430fd548f3d8125,data/cases/shapiro_network_flow.mps,cases,MILP,train,4,warm,hash_mismatch,1,300.0,,,,,,,,,,,,,,,,model_sha256_disagrees
bench01-2026-10-01,2026-09-28,/tmp/opencode/markov-base01-build/markov-cero-solve,714ff78c14e1ad33b18eab26a2f6cd1235dfce5561a552c1d430fd548f3d8125,data/cases/supply_chain_large.mps,cases,MILP,train,4,warm,hash_mismatch,1,300.0,,,,,,,,,,,,,,,,model_sha256_disagrees
bench01-2026-10-01,2026-09-28,/tmp/opencode/markov-base01-build/markov-cero-solve,714ff78c14e1ad33b18eab26a2f6cd1235dfce5561a552c1d430fd548f3d8125,data/miplib/assign1-5-8.mps,miplib,MILP,train,4,warm,absent,1,300.0,,,,,,,,,,,,,,,,model_not_in_checkout
bench01-2026-10-01,2026-09-28,/tmp/opencode/markov-base01-build/markov-cero-solve,714ff78c14e1ad33b18eab26a2f6cd1235dfce5561a552c1d430fd548f3d8125,data/miplib/binkar10_1.mps,miplib,MILP,train,4,warm,absent,1,300.0,,,,,,,,,,,,,,,,model_not_in_checkout
bench01-2026-10-01,2026-09-28,/tmp/opencode/markov-base01-build/markov-cero-solve,714ff78c14e1ad33b18eab26a2f6cd1235dfce5561a552c1d430fd548f3d8125,data/miplib/blp-ar98.mps,miplib,MILP,train,4,warm,absent,1,300.0,,,,,,,,,,,,,,,,model_not_in_checkout
bench01-2026-10-01,2026-09-28,/tmp/opencode/markov-base01-build/markov-cero-solve,714ff78c14e1ad33b18eab26a2f6cd1235dfce5561a552c1d430fd548f3d8125,data/miplib/blp-ic98.mps,miplib,MILP,train,4,warm,absent,1,300.0,,,,,,,,,,,,,,,,model_not_in_checkout
bench01-2026-10-01,2026-09-28,/tmp/opencode/markov-base01-build/markov-cero-solve,714ff78c14e1ad33b18eab26a2f6cd1235dfce5561a552c1d430fd548f3d8125,data/miplib/cmflsp50-24-8-8.mps,miplib,MILP,train,4,warm,absent,1,300.0,,,,,,,,,,,,,,,,model_not_in_checkout
bench01-2026-10-01,2026-09-28,/tmp/opencode/markov-base01-build/markov-cero-solve,714ff78c14e1ad33b18eab26a2f6cd1235dfce5561a552c1d430fd548f3d8125,data/miplib/cod105.mps,miplib,MILP,train,4,warm,absent,1,300.0,,,,,,,,,,,,,,,,model_not_in_checkout
bench01-2026-10-01,2026-09-28,/tmp/opencode/markov-base01-build/markov-cero-solve,714ff78c14e1ad33b18eab26a2f6cd1235dfce5561a552c1d430fd548f3d8125,data/miplib/comp21-2idx.mps,miplib,MILP,train,4,warm,absent,1,300.0,,,,,,,,,,,,,,,,model_not_in_checkout
bench01-2026-10-01,2026-09-28,/tmp/opencode/markov-base01-build/markov-cero-solve,714ff78c14e1ad33b18eab26a2f6cd1235dfce5561a552c1d430fd548f3d8125,data/miplib/cost266-UUE.mps,miplib,MILP,train,4,warm,absent,1,300.0,,,,,,,,,,,,,,,,model_not_in_checkout
bench01-2026-10-01,2026-09-28,/tmp/opencode/markov-base01-build/markov-cero-solve,714ff78c14e1ad33b18eab26a2f6cd1235dfce5561a552c1d430fd548f3d8125,data/miplib/csched007.mps,miplib,MILP,train,4,warm,absent,1,300.0,,,,,,,,,,,,,,,,model_not_in_checkout
bench01-2026-10-01,2026-09-28,/tmp/opencode/markov-base01-build/markov-cero-solve,714ff78c14e1ad33b18eab26a2f6cd1235dfce5561a552c1d430fd548f3d8125,data/miplib/csched008.mps,miplib,MILP,train,4,warm,absent,1,300.0,,,,,,,,,,,,,,,,model_not_in_checkout
bench01-2026-10-01,2026-09-28,/tmp/opencode/markov-base01-build/markov-cero-solve,714ff78c14e1ad33b18eab26a2f6cd1235dfce5561a552c1d430fd548f3d8125,data/miplib/dano3_3.mps,miplib,MILP,train,4,warm,absent,1,300.0,,,,,,,,,,,,,,,,model_not_in_checkout
bench01-2026-10-01,2026-09-28,/tmp/opencode/markov-base01-build/markov-cero-solve,714ff78c14e1ad33b18eab26a2f6cd1235dfce5561a552c1d430fd548f3d8125,data/miplib/decomp2.mps,miplib,MILP,train,4,warm,absent,1,300.0,,,,,,,,,,,,,,,,model_not_in_checkout
bench01-2026-10-01,2026-09-28,/tmp/opencode/markov-base01-build/markov-cero-solve,714ff78c14e1ad33b18eab26a2f6cd1235dfce5561a552c1d430fd548f3d8125,data/miplib/drayage-100-23.mps,miplib,MILP,train,4,warm,absent,1,300.0,,,,,,,,,,,,,,,,model_not_in_checkout
bench01-2026-10-01,2026-09-28,/tmp/opencode/markov-base01-build/markov-cero-solve,714ff78c14e1ad33b18eab26a2f6cd1235dfce5561a552c1d430fd548f3d8125,data/miplib/drayage-25-23.mps,miplib,MILP,train,4,warm,absent,1,300.0,,,,,,,,,,,,,,,,model_not_in_checkout
bench01-2026-10-01,2026-09-28,/tmp/opencode/markov-base01-build/markov-cero-solve,714ff78c14e1ad33b18eab26a2f6cd1235dfce5561a552c1d430fd548f3d8125,data/miplib/dws008-01.mps,miplib,MILP,train,4,warm,absent,1,300.0,,,,,,,,,,,,,,,,model_not_in_checkout
bench01-2026-10-01,2026-09-28,/tmp/opencode/markov-base01-build/markov-cero-solve,714ff78c14e1ad33b18eab26a2f6cd1235dfce5561a552c1d430fd548f3d8125,data/miplib/eil33-2.mps,miplib,MILP,train,4,warm,absent,1,300.0,,,,,,,,,,,,,,,,model_not_in_checkout
bench01-2026-10-01,2026-09-28,/tmp/opencode/markov-base01-build/markov-cero-solve,714ff78c14e1ad33b18eab26a2f6cd1235dfce5561a552c1d430fd548f3d8125,data/miplib/exp-1-500-5-5.mps,miplib,MILP,train,4,warm,absent,1,300.0,,,,,,,,,,,,,,,,model_not_in_checkout
bench01-2026-10-01,2026-09-28,/tmp/opencode/markov-base01-build/markov-cero-solve,714ff78c14e1ad33b18eab26a2f6cd1235dfce5561a552c1d430fd548f3d8125,data/miplib/fhnw-binpack4-48.mps,miplib,MILP,train,4,warm,absent,1,300.0,,,,,,,,,,,,,,,,model_not_in_checkout
bench01-2026-10-01,2026-09-28,/tmp/opencode/markov-base01-build/markov-cero-solve,714ff78c14e1ad33b18eab26a2f6cd1235dfce5561a552c1d430fd548f3d8125,data/netlib/israel.mps,netlib,LP,tune,4,warm,ok,1,60.0,4739.134,4736.316963,Optimal,true,optimality_witness_checked,-896644.8218630457,-896644.8218630457,0,1,987,6708,,,pass,1.855360e-11,stderr=markov-cero 0.5.2 Optimal [LP -> primal] VERIFIED
bench01-2026-10-01,2026-09-28,/tmp/opencode/markov-base01-build/markov-cero-solve,714ff78c14e1ad33b18eab26a2f6cd1235dfce5561a552c1d430fd548f3d8125,data/cases/crude_blending_large.mps,cases,MILP,train,4,warm,ok,1,300.0,15259.391,15256.142132,IterationLimit,false,unverified,0,,,1,10000,7456,,,not_checked,no primal vector in result,exit_code=6; stderr=markov-cero 0.5.2 IterationLimit [QP -> qp] NOT VERIFIED
bench01-2026-10-01,2026-09-28,/tmp/opencode/markov-base01-build/markov-cero-solve,714ff78c14e1ad33b18eab26a2f6cd1235dfce5561a552c1d430fd548f3d8125,data/miplib/flugpl.mps,miplib,MILP,train,4,warm,ok,1,300.0,58157.278,58143.694418,Feasible,false,original_primal_checked,1201500,1201500,0,6703,287990,11012,1201500.0,0.0,pass,0.000000e+00,stderr=markov-cero 0.5.2 Feasible [MILP -> milp] NOT VERIFIED proof: tier=unverified status=exhausted budget_exhausted=true nodes=909 witness_values=45261 build_ms=5000.2180399999997 replay_ms=0.058476
bench01-2026-10-01,2026-09-28,/tmp/opencode/markov-base01-build/markov-cero-solve,714ff78c14e1ad33b18eab26a2f6cd1235dfce5561a552c1d430fd548f3d8125,data/miplib/germanrr.mps,miplib,MILP,train,4,warm,absent,1,300.0,,,,,,,,,,,,,,,,model_not_in_checkout
bench01-2026-10-01,2026-09-28,/tmp/opencode/markov-base01-build/markov-cero-solve,714ff78c14e1ad33b18eab26a2f6cd1235dfce5561a552c1d430fd548f3d8125,data/miplib/glass-sc.mps,miplib,MILP,train,4,warm,absent,1,300.0,,,,,,,,,,,,,,,,model_not_in_checkout
bench01-2026-10-01,2026-09-28,/tmp/opencode/markov-base01-build/markov-cero-solve,714ff78c14e1ad33b18eab26a2f6cd1235dfce5561a552c1d430fd548f3d8125,data/miplib/gmu-35-40.mps,miplib,MILP,train,4,warm,absent,1,300.0,,,,,,,,,,,,,,,,model_not_in_checkout
bench01-2026-10-01,2026-09-28,/tmp/opencode/markov-base01-build/markov-cero-solve,714ff78c14e1ad33b18eab26a2f6cd1235dfce5561a552c1d430fd548f3d8125,data/miplib/h80x6320d.mps,miplib,MILP,train,4,warm,absent,1,300.0,,,,,,,,,,,,,,,,model_not_in_checkout
bench01-2026-10-01,2026-09-28,/tmp/opencode/markov-base01-build/markov-cero-solve,714ff78c14e1ad33b18eab26a2f6cd1235dfce5561a552c1d430fd548f3d8125,data/miplib/hypothyroid-k1.mps,miplib,MILP,train,4,warm,absent,1,300.0,,,,,,,,,,,,,,,,model_not_in_checkout
bench01-2026-10-01,2026-09-28,/tmp/opencode/markov-base01-build/markov-cero-solve,714ff78c14e1ad33b18eab26a2f6cd1235dfce5561a552c1d430fd548f3d8125,data/miplib/ic97_potential.mps,miplib,MILP,train,4,warm,absent,1,300.0,,,,,,,,,,,,,,,,model_not_in_checkout
bench01-2026-10-01,2026-09-28,/tmp/opencode/markov-base01-build/markov-cero-solve,714ff78c14e1ad33b18eab26a2f6cd1235dfce5561a552c1d430fd548f3d8125,data/miplib/icir97_tension.mps,miplib,MILP,train,4,warm,absent,1,300.0,,,,,,,,,,,,,,,,model_not_in_checkout
bench01-2026-10-01,2026-09-28,/tmp/opencode/markov-base01-build/markov-cero-solve,714ff78c14e1ad33b18eab26a2f6cd1235dfce5561a552c1d430fd548f3d8125,data/miplib/irp.mps,miplib,MILP,train,4,warm,absent,1,300.0,,,,,,,,,,,,,,,,model_not_in_checkout
bench01-2026-10-01,2026-09-28,/tmp/opencode/markov-base01-build/markov-cero-solve,714ff78c14e1ad33b18eab26a2f6cd1235dfce5561a552c1d430fd548f3d8125,data/miplib/leo1.mps,miplib,MILP,train,4,warm,absent,1,300.0,,,,,,,,,,,,,,,,model_not_in_checkout
bench01-2026-10-01,2026-09-28,/tmp/opencode/markov-base01-build/markov-cero-solve,714ff78c14e1ad33b18eab26a2f6cd1235dfce5561a552c1d430fd548f3d8125,data/miplib/leo2.mps,miplib,MILP,train,4,warm,absent,1,300.0,,,,,,,,,,,,,,,,model_not_in_checkout
bench01-2026-10-01,2026-09-28,/tmp/opencode/markov-base01-build/markov-cero-solve,714ff78c14e1ad33b18eab26a2f6cd1235dfce5561a552c1d430fd548f3d8125,data/miplib/mad.mps,miplib,MILP,train,4,warm,absent,1,300.0,,,,,,,,,,,,,,,,model_not_in_checkout
bench01-2026-10-01,2026-09-28,/tmp/opencode/markov-base01-build/markov-cero-solve,714ff78c14e1ad33b18eab26a2f6cd1235dfce5561a552c1d430fd548f3d8125,data/mittelmann/neos5.mps,mittelmann,MILP,tune,4,warm,ok,1,300.0,300004.049,300001.850155,ResourceLimit,false,unverified,0,13.75,0.1791044776119403,555,445115,8080,,,not_checked,no primal vector in result,exit_code=5; stderr=markov-cero 0.5.2 ResourceLimit [MILP -> milp] NOT VERIFIED proof: tier=unverified status=not_requested budget_exhausted=false nodes=0 witness_values=0 build_ms=0 replay_ms=0
bench01-2026-10-01,2026-09-28,/tmp/opencode/markov-base01-build/markov-cero-solve,714ff78c14e1ad33b18eab26a2f6cd1235dfce5561a552c1d430fd548f3d8125,data/miplib/gen-ip002.mps,miplib,MILP,train,4,warm,ok,1,300.0,300013.661,300011.346222,ResourceLimit,false,unverified,0,-4821.102925346557,0.018466500471642472,4439,345027,11248,-4783.733392,4783.733392,not_checked,no primal vector in result,exit_code=5; stderr=markov-cero 0.5.2 ResourceLimit [MILP -> milp] NOT VERIFIED proof: tier=unverified status=not_requested budget_exhausted=false nodes=0 witness_values=0 build_ms=0 replay_ms=0
bench01-2026-10-01,2026-09-28,/tmp/opencode/markov-base01-build/markov-cero-solve,714ff78c14e1ad33b18eab26a2f6cd1235dfce5561a552c1d430fd548f3d8125,data/miplib/mc11.mps,miplib,MILP,train,4,warm,absent,1,300.0,,,,,,,,,,,,,,,,model_not_in_checkout
bench01-2026-10-01,2026-09-28,/tmp/opencode/markov-base01-build/markov-cero-solve,714ff78c14e1ad33b18eab26a2f6cd1235dfce5561a552c1d430fd548f3d8125,data/miplib/milo-v12-6-r2-40-1.mps,miplib,MILP,train,4,warm,absent,1,300.0,,,,,,,,,,,,,,,,model_not_in_checkout
bench01-2026-10-01,2026-09-28,/tmp/opencode/markov-base01-build/markov-cero-solve,714ff78c14e1ad33b18eab26a2f6cd1235dfce5561a552c1d430fd548f3d8125,data/miplib/mushroom-best.mps,miplib,MILP,train,4,warm,absent,1,300.0,,,,,,,,,,,,,,,,model_not_in_checkout
bench01-2026-10-01,2026-09-28,/tmp/opencode/markov-base01-build/markov-cero-solve,714ff78c14e1ad33b18eab26a2f6cd1235dfce5561a552c1d430fd548f3d8125,data/miplib/mzzv11.mps,miplib,MILP,train,4,warm,absent,1,300.0,,,,,,,,,,,,,,,,model_not_in_checkout
bench01-2026-10-01,2026-09-28,/tmp/opencode/markov-base01-build/markov-cero-solve,714ff78c14e1ad33b18eab26a2f6cd1235dfce5561a552c1d430fd548f3d8125,data/miplib/mzzv42z.mps,miplib,MILP,train,4,warm,absent,1,300.0,,,,,,,,,,,,,,,,model_not_in_checkout
bench01-2026-10-01,2026-09-28,/tmp/opencode/markov-base01-build/markov-cero-solve,714ff78c14e1ad33b18eab26a2f6cd1235dfce5561a552c1d430fd548f3d8125,data/miplib/n2seq36q.mps,miplib,MILP,train,4,warm,absent,1,300.0,,,,,,,,,,,,,,,,model_not_in_checkout
bench01-2026-10-01,2026-09-28,/tmp/opencode/markov-base01-build/markov-cero-solve,714ff78c14e1ad33b18eab26a2f6cd1235dfce5561a552c1d430fd548f3d8125,data/miplib/n5-3.mps,miplib,MILP,train,4,warm,absent,1,300.0,,,,,,,,,,,,,,,,model_not_in_checkout
bench01-2026-10-01,2026-09-28,/tmp/opencode/markov-base01-build/markov-cero-solve,714ff78c14e1ad33b18eab26a2f6cd1235dfce5561a552c1d430fd548f3d8125,data/miplib/neos-1171737.mps,miplib,MILP,train,4,warm,absent,1,300.0,,,,,,,,,,,,,,,,model_not_in_checkout
bench01-2026-10-01,2026-09-28,/tmp/opencode/markov-base01-build/markov-cero-solve,714ff78c14e1ad33b18eab26a2f6cd1235dfce5561a552c1d430fd548f3d8125,data/miplib/neos-1456979.mps,miplib,MILP,train,4,warm,absent,1,300.0,,,,,,,,,,,,,,,,model_not_in_checkout
bench01-2026-10-01,2026-09-28,/tmp/opencode/markov-base01-build/markov-cero-solve,714ff78c14e1ad33b18eab26a2f6cd1235dfce5561a552c1d430fd548f3d8125,data/miplib/neos-1582420.mps,miplib,MILP,train,4,warm,absent,1,300.0,,,,,,,,,,,,,,,,model_not_in_checkout
bench01-2026-10-01,2026-09-28,/tmp/opencode/markov-base01-build/markov-cero-solve,714ff78c14e1ad33b18eab26a2f6cd1235dfce5561a552c1d430fd548f3d8125,data/miplib/gen-ip054.mps,miplib,MILP,train,4,warm,ok,1,300.0,300005.794,300003.739751,ResourceLimit,false,unverified,0,6780.212274882429,0.01804700214916364,2568,465134,10592,6840.96564179,6840.96564179,not_checked,no primal vector in result,exit_code=5; stderr=markov-cero 0.5.2 ResourceLimit [MILP -> milp] NOT VERIFIED proof: tier=unverified status=not_requested budget_exhausted=false nodes=0 witness_values=0 build_ms=0 replay_ms=0
bench01-2026-10-01,2026-09-28,/tmp/opencode/markov-base01-build/markov-cero-solve,714ff78c14e1ad33b18eab26a2f6cd1235dfce5561a552c1d430fd548f3d8125,data/miplib/neos-2978193-inde.mps,miplib,MILP,train,4,warm,absent,1,300.0,,,,,,,,,,,,,,,,model_not_in_checkout
bench01-2026-10-01,2026-09-28,/tmp/opencode/markov-base01-build/markov-cero-solve,714ff78c14e1ad33b18eab26a2f6cd1235dfce5561a552c1d430fd548f3d8125,data/miplib/neos-3004026-krka.mps,miplib,MILP,train,4,warm,absent,1,300.0,,,,,,,,,,,,,,,,model_not_in_checkout
bench01-2026-10-01,2026-09-28,/tmp/opencode/markov-base01-build/markov-cero-solve,714ff78c14e1ad33b18eab26a2f6cd1235dfce5561a552c1d430fd548f3d8125,data/miplib/neos-3024952-loue.mps,miplib,MILP,train,4,warm,absent,1,300.0,,,,,,,,,,,,,,,,model_not_in_checkout
bench01-2026-10-01,2026-09-28,/tmp/opencode/markov-base01-build/markov-cero-solve,714ff78c14e1ad33b18eab26a2f6cd1235dfce5561a552c1d430fd548f3d8125,data/miplib/markshare_4_0.mps,miplib,MILP,train,4,warm,ok,1,300.0,300031.581,300027.700103,ResourceLimit,false,unverified,0,0,1,4375,674384,45720,1.0,1.0,not_checked,no primal vector in result,exit_code=5; stderr=markov-cero 0.5.2 ResourceLimit [MILP -> milp] NOT VERIFIED proof: tier=unverified status=not_requested budget_exhausted=false nodes=0 witness_values=0 build_ms=0 replay_ms=0
bench01-2026-10-01,2026-09-28,/tmp/opencode/markov-base01-build/markov-cero-solve,714ff78c14e1ad33b18eab26a2f6cd1235dfce5561a552c1d430fd548f3d8125,data/miplib/neos-3083819-nubu.mps,miplib,MILP,train,4,warm,absent,1,300.0,,,,,,,,,,,,,,,,model_not_in_checkout
bench01-2026-10-01,2026-09-28,/tmp/opencode/markov-base01-build/markov-cero-solve,714ff78c14e1ad33b18eab26a2f6cd1235dfce5561a552c1d430fd548f3d8125,data/miplib/neos-3216931-puriri.mps,miplib,MILP,train,4,warm,absent,1,300.0,,,,,,,,,,,,,,,,model_not_in_checkout
bench01-2026-10-01,2026-09-28,/tmp/opencode/markov-base01-build/markov-cero-solve,714ff78c14e1ad33b18eab26a2f6cd1235dfce5561a552c1d430fd548f3d8125,data/miplib/neos-3627168-kasai.mps,miplib,MILP,train,4,warm,absent,1,300.0,,,,,,,,,,,,,,,,model_not_in_checkout
bench01-2026-10-01,2026-09-28,/tmp/opencode/markov-base01-build/markov-cero-solve,714ff78c14e1ad33b18eab26a2f6cd1235dfce5561a552c1d430fd548f3d8125,data/miplib/neos-4338804-snowy.mps,miplib,MILP,train,4,warm,absent,1,300.0,,,,,,,,,,,,,,,,model_not_in_checkout
bench01-2026-10-01,2026-09-28,/tmp/opencode/markov-base01-build/markov-cero-solve,714ff78c14e1ad33b18eab26a2f6cd1235dfce5561a552c1d430fd548f3d8125,data/miplib/neos-4387871-tavua.mps,miplib,MILP,train,4,warm,absent,1,300.0,,,,,,,,,,,,,,,,model_not_in_checkout
bench01-2026-10-01,2026-09-28,/tmp/opencode/markov-base01-build/markov-cero-solve,714ff78c14e1ad33b18eab26a2f6cd1235dfce5561a552c1d430fd548f3d8125,data/miplib/neos-4738912-atrato.mps,miplib,MILP,train,4,warm,absent,1,300.0,,,,,,,,,,,,,,,,model_not_in_checkout
bench01-2026-10-01,2026-09-28,/tmp/opencode/markov-base01-build/markov-cero-solve,714ff78c14e1ad33b18eab26a2f6cd1235dfce5561a552c1d430fd548f3d8125,data/miplib/neos-662469.mps,miplib,MILP,train,4,warm,absent,1,300.0,,,,,,,,,,,,,,,,model_not_in_checkout
bench01-2026-10-01,2026-09-28,/tmp/opencode/markov-base01-build/markov-cero-solve,714ff78c14e1ad33b18eab26a2f6cd1235dfce5561a552c1d430fd548f3d8125,data/miplib/neos-860300.mps,miplib,MILP,train,4,warm,absent,1,300.0,,,,,,,,,,,,,,,,model_not_in_checkout
bench01-2026-10-01,2026-09-28,/tmp/opencode/markov-base01-build/markov-cero-solve,714ff78c14e1ad33b18eab26a2f6cd1235dfce5561a552c1d430fd548f3d8125,data/miplib/neos-911970.mps,miplib,MILP,train,4,warm,absent,1,300.0,,,,,,,,,,,,,,,,model_not_in_checkout
bench01-2026-10-01,2026-09-28,/tmp/opencode/markov-base01-build/markov-cero-solve,714ff78c14e1ad33b18eab26a2f6cd1235dfce5561a552c1d430fd548f3d8125,data/miplib/net12.mps,miplib,MILP,train,4,warm,absent,1,300.0,,,,,,,,,,,,,,,,model_not_in_checkout
bench01-2026-10-01,2026-09-28,/tmp/opencode/markov-base01-build/markov-cero-solve,714ff78c14e1ad33b18eab26a2f6cd1235dfce5561a552c1d430fd548f3d8125,data/miplib/nexp-150-20-8-5.mps,miplib,MILP,train,4,warm,absent,1,300.0,,,,,,,,,,,,,,,,model_not_in_checkout
bench01-2026-10-01,2026-09-28,/tmp/opencode/markov-base01-build/markov-cero-solve,714ff78c14e1ad33b18eab26a2f6cd1235dfce5561a552c1d430fd548f3d8125,data/miplib/ns1208400.mps,miplib,MILP,train,4,warm,absent,1,300.0,,,,,,,,,,,,,,,,model_not_in_checkout
bench01-2026-10-01,2026-09-28,/tmp/opencode/markov-base01-build/markov-cero-solve,714ff78c14e1ad33b18eab26a2f6cd1235dfce5561a552c1d430fd548f3d8125,data/miplib/ns1830653.mps,miplib,MILP,train,4,warm,absent,1,300.0,,,,,,,,,,,,,,,,model_not_in_checkout
bench01-2026-10-01,2026-09-28,/tmp/opencode/markov-base01-build/markov-cero-solve,714ff78c14e1ad33b18eab26a2f6cd1235dfce5561a552c1d430fd548f3d8125,data/miplib/ns1952667.mps,miplib,MILP,train,4,warm,absent,1,300.0,,,,,,,,,,,,,,,,model_not_in_checkout
bench01-2026-10-01,2026-09-28,/tmp/opencode/markov-base01-build/markov-cero-solve,714ff78c14e1ad33b18eab26a2f6cd1235dfce5561a552c1d430fd548f3d8125,data/miplib/nu25-pr12.mps,miplib,MILP,train,4,warm,absent,1,300.0,,,,,,,,,,,,,,,,model_not_in_checkout
bench01-2026-10-01,2026-09-28,/tmp/opencode/markov-base01-build/markov-cero-solve,714ff78c14e1ad33b18eab26a2f6cd1235dfce5561a552c1d430fd548f3d8125,data/miplib/p200x1188c.mps,miplib,MILP,train,4,warm,absent,1,300.0,,,,,,,,,,,,,,,,model_not_in_checkout
bench01-2026-10-01,2026-09-28,/tmp/opencode/markov-base01-build/markov-cero-solve,714ff78c14e1ad33b18eab26a2f6cd1235dfce5561a552c1d430fd548f3d8125,data/miplib/peg-solitaire-a3.mps,miplib,MILP,train,4,warm,absent,1,300.0,,,,,,,,,,,,,,,,model_not_in_checkout
bench01-2026-10-01,2026-09-28,/tmp/opencode/markov-base01-build/markov-cero-solve,714ff78c14e1ad33b18eab26a2f6cd1235dfce5561a552c1d430fd548f3d8125,data/miplib/pg.mps,miplib,MILP,train,4,warm,absent,1,300.0,,,,,,,,,,,,,,,,model_not_in_checkout
bench01-2026-10-01,2026-09-28,/tmp/opencode/markov-base01-build/markov-cero-solve,714ff78c14e1ad33b18eab26a2f6cd1235dfce5561a552c1d430fd548f3d8125,data/miplib/pg5_34.mps,miplib,MILP,train,4,warm,absent,1,300.0,,,,,,,,,,,,,,,,model_not_in_checkout
bench01-2026-10-01,2026-09-28,/tmp/opencode/markov-base01-build/markov-cero-solve,714ff78c14e1ad33b18eab26a2f6cd1235dfce5561a552c1d430fd548f3d8125,data/miplib/piperout-08.mps,miplib,MILP,train,4,warm,absent,1,300.0,,,,,,,,,,,,,,,,model_not_in_checkout
bench01-2026-10-01,2026-09-28,/tmp/opencode/markov-base01-build/markov-cero-solve,714ff78c14e1ad33b18eab26a2f6cd1235dfce5561a552c1d430fd548f3d8125,data/miplib/qap10.mps,miplib,MILP,train,4,warm,absent,1,300.0,,,,,,,,,,,,,,,,model_not_in_checkout
bench01-2026-10-01,2026-09-28,/tmp/opencode/markov-base01-build/markov-cero-solve,714ff78c14e1ad33b18eab26a2f6cd1235dfce5561a552c1d430fd548f3d8125,data/miplib/ran14x18-disj-8.mps,miplib,MILP,train,4,warm,absent,1,300.0,,,,,,,,,,,,,,,,model_not_in_checkout
bench01-2026-10-01,2026-09-28,/tmp/opencode/markov-base01-build/markov-cero-solve,714ff78c14e1ad33b18eab26a2f6cd1235dfce5561a552c1d430fd548f3d8125,data/miplib/reblock115.mps,miplib,MILP,train,4,warm,absent,1,300.0,,,,,,,,,,,,,,,,model_not_in_checkout
bench01-2026-10-01,2026-09-28,/tmp/opencode/markov-base01-build/markov-cero-solve,714ff78c14e1ad33b18eab26a2f6cd1235dfce5561a552c1d430fd548f3d8125,data/miplib/rmatr100-p10.mps,miplib,MILP,train,4,warm,absent,1,300.0,,,,,,,,,,,,,,,,model_not_in_checkout
bench01-2026-10-01,2026-09-28,/tmp/opencode/markov-base01-build/markov-cero-solve,714ff78c14e1ad33b18eab26a2f6cd1235dfce5561a552c1d430fd548f3d8125,data/miplib/rocI-4-11.mps,miplib,MILP,train,4,warm,absent,1,300.0,,,,,,,,,,,,,,,,model_not_in_checkout
bench01-2026-10-01,2026-09-28,/tmp/opencode/markov-base01-build/markov-cero-solve,714ff78c14e1ad33b18eab26a2f6cd1235dfce5561a552c1d430fd548f3d8125,data/miplib/rococoB10-011000.mps,miplib,MILP,train,4,warm,absent,1,300.0,,,,,,,,,,,,,,,,model_not_in_checkout
bench01-2026-10-01,2026-09-28,/tmp/opencode/markov-base01-build/markov-cero-solve,714ff78c14e1ad33b18eab26a2f6cd1235dfce5561a552c1d430fd548f3d8125,data/miplib/sct2.mps,miplib,MILP,train,4,warm,absent,1,300.0,,,,,,,,,,,,,,,,model_not_in_checkout
bench01-2026-10-01,2026-09-28,/tmp/opencode/markov-base01-build/markov-cero-solve,714ff78c14e1ad33b18eab26a2f6cd1235dfce5561a552c1d430fd548f3d8125,data/miplib/seymour.mps,miplib,MILP,train,4,warm,absent,1,300.0,,,,,,,,,,,,,,,,model_not_in_checkout
bench01-2026-10-01,2026-09-28,/tmp/opencode/markov-base01-build/markov-cero-solve,714ff78c14e1ad33b18eab26a2f6cd1235dfce5561a552c1d430fd548f3d8125,data/miplib/seymour1.mps,miplib,MILP,train,4,warm,absent,1,300.0,,,,,,,,,,,,,,,,model_not_in_checkout
bench01-2026-10-01,2026-09-28,/tmp/opencode/markov-base01-build/markov-cero-solve,714ff78c14e1ad33b18eab26a2f6cd1235dfce5561a552c1d430fd548f3d8125,data/miplib/sp98ar.mps,miplib,MILP,train,4,warm,absent,1,300.0,,,,,,,,,,,,,,,,model_not_in_checkout
bench01-2026-10-01,2026-09-28,/tmp/opencode/markov-base01-build/markov-cero-solve,714ff78c14e1ad33b18eab26a2f6cd1235dfce5561a552c1d430fd548f3d8125,data/miplib/stein15.mps,miplib,MILP,train,4,warm,ok,1,300.0,17389.231,17379.809445,Optimal,true,tree_replayed,9,9,0,169,34320,8512,9.0,0.0,pass,0.000000e+00,stderr=markov-cero 0.5.2 Optimal [MILP -> milp] VERIFIED proof: tier=independent_tree status=accepted budget_exhausted=false nodes=241 witness_values=23709 build_ms=3167.5973170000002 replay_ms=15.920118
bench01-2026-10-01,2026-09-28,/tmp/opencode/markov-base01-build/markov-cero-solve,714ff78c14e1ad33b18eab26a2f6cd1235dfce5561a552c1d430fd548f3d8125,data/miplib/stein9.mps,miplib,MILP,train,4,warm,ok,1,300.0,254.304,250.809206,Optimal,true,tree_replayed,5,5,0,13,976,6788,5.0,0.0,pass,0.000000e+00,stderr=markov-cero 0.5.2 Optimal [MILP -> milp] VERIFIED proof: tier=independent_tree status=accepted budget_exhausted=false nodes=33 witness_values=1413 build_ms=79.364373999999998 replay_ms=0.9750999999999
bench01-2026-10-01,2026-09-28,/tmp/opencode/markov-base01-build/markov-cero-solve,714ff78c14e1ad33b18eab26a2f6cd1235dfce5561a552c1d430fd548f3d8125,data/miplib/supportcase26.mps,miplib,MILP,train,4,warm,absent,1,300.0,,,,,,,,,,,,,,,,model_not_in_checkout
bench01-2026-10-01,2026-09-28,/tmp/opencode/markov-base01-build/markov-cero-solve,714ff78c14e1ad33b18eab26a2f6cd1235dfce5561a552c1d430fd548f3d8125,data/miplib/mas74.mps,miplib,MILP,train,4,warm,ok,1,300.0,300004.201,300001.730291,ResourceLimit,false,unverified,0,10708.878192835433,0.9999999892911218,403,337263,8136,11801.18572,11801.18572,not_checked,no primal vector in result,exit_code=5; stderr=markov-cero 0.5.2 ResourceLimit [MILP -> milp] NOT VERIFIED proof: tier=unverified status=not_requested budget_exhausted=false nodes=0 witness_values=0 build_ms=0 replay_ms=0
bench01-2026-10-01,2026-09-28,/tmp/opencode/markov-base01-build/markov-cero-solve,714ff78c14e1ad33b18eab26a2f6cd1235dfce5561a552c1d430fd548f3d8125,data/miplib/tr12-30.mps,miplib,MILP,train,4,warm,absent,1,300.0,,,,,,,,,,,,,,,,model_not_in_checkout
bench01-2026-10-01,2026-09-28,/tmp/opencode/markov-base01-build/markov-cero-solve,714ff78c14e1ad33b18eab26a2f6cd1235dfce5561a552c1d430fd548f3d8125,data/miplib/traininstance6.mps,miplib,MILP,train,4,warm,absent,1,300.0,,,,,,,,,,,,,,,,model_not_in_checkout
bench01-2026-10-01,2026-09-28,/tmp/opencode/markov-base01-build/markov-cero-solve,714ff78c14e1ad33b18eab26a2f6cd1235dfce5561a552c1d430fd548f3d8125,data/miplib/trento1.mps,miplib,MILP,train,4,warm,absent,1,300.0,,,,,,,,,,,,,,,,model_not_in_checkout
bench01-2026-10-01,2026-09-28,/tmp/opencode/markov-base01-build/markov-cero-solve,714ff78c14e1ad33b18eab26a2f6cd1235dfce5561a552c1d430fd548f3d8125,data/miplib/wachplan.mps,miplib,MILP,train,4,warm,absent,1,300.0,,,,,,,,,,,,,,,,model_not_in_checkout
bench01-2026-10-01,2026-09-28,/tmp/opencode/markov-base01-build/markov-cero-solve,714ff78c14e1ad33b18eab26a2f6cd1235dfce5561a552c1d430fd548f3d8125,data/mittelmann/30n20b8.mps,mittelmann,MILP,train,4,warm,absent,1,300.0,,,,,,,,,,,,,,,,model_not_in_checkout
bench01-2026-10-01,2026-09-28,/tmp/opencode/markov-base01-build/markov-cero-solve,714ff78c14e1ad33b18eab26a2f6cd1235dfce5561a552c1d430fd548f3d8125,data/mittelmann/bienst2.mps,mittelmann,MILP,train,4,warm,absent,1,300.0,,,,,,,,,,,,,,,,model_not_in_checkout
bench01-2026-10-01,2026-09-28,/tmp/opencode/markov-base01-build/markov-cero-solve,714ff78c14e1ad33b18eab26a2f6cd1235dfce5561a552c1d430fd548f3d8125,data/mittelmann/fome12.mps,mittelmann,MILP,train,4,warm,absent,1,300.0,,,,,,,,,,,,,,,,model_not_in_checkout
bench01-2026-10-01,2026-09-28,/tmp/opencode/markov-base01-build/markov-cero-solve,714ff78c14e1ad33b18eab26a2f6cd1235dfce5561a552c1d430fd548f3d8125,data/mittelmann/fome13.mps,mittelmann,MILP,train,4,warm,absent,1,300.0,,,,,,,,,,,,,,,,model_not_in_checkout
bench01-2026-10-01,2026-09-28,/tmp/opencode/markov-base01-build/markov-cero-solve,714ff78c14e1ad33b18eab26a2f6cd1235dfce5561a552c1d430fd548f3d8125,data/miplib/neos-2657525-crna.mps,miplib,MILP,train,4,warm,ok,1,300.0,301572.738,301569.209235,ResourceLimit,false,unverified,0,0,,30,37880,16168,1.810748,1.810748,not_checked,no primal vector in result,exit_code=5; stderr=markov-cero 0.5.2 ResourceLimit [MILP -> milp] NOT VERIFIED proof: tier=unverified status=not_requested budget_exhausted=false nodes=0 witness_values=0 build_ms=0 replay_ms=0
bench01-2026-10-01,2026-09-28,/tmp/opencode/markov-base01-build/markov-cero-solve,714ff78c14e1ad33b18eab26a2f6cd1235dfce5561a552c1d430fd548f3d8125,data/mittelmann/mkc1.mps,mittelmann,MILP,train,4,warm,absent,1,300.0,,,,,,,,,,,,,,,,model_not_in_checkout
bench01-2026-10-01,2026-09-28,/tmp/opencode/markov-base01-build/markov-cero-solve,714ff78c14e1ad33b18eab26a2f6cd1235dfce5561a552c1d430fd548f3d8125,data/mittelmann/pds-20.mps,mittelmann,MILP,train,4,warm,absent,1,300.0,,,,,,,,,,,,,,,,model_not_in_checkout
bench01-2026-10-01,2026-09-28,/tmp/opencode/markov-base01-build/markov-cero-solve,714ff78c14e1ad33b18eab26a2f6cd1235dfce5561a552c1d430fd548f3d8125,data/mittelmann/qap15.mps,mittelmann,MILP,train,4,warm,absent,1,300.0,,,,,,,,,,,,,,,,model_not_in_checkout
bench01-2026-10-01,2026-09-28,/tmp/opencode/markov-base01-build/markov-cero-solve,714ff78c14e1ad33b18eab26a2f6cd1235dfce5561a552c1d430fd548f3d8125,data/mittelmann/rail507.mps,mittelmann,MILP,train,4,warm,absent,1,300.0,,,,,,,,,,,,,,,,model_not_in_checkout
bench01-2026-10-01,2026-09-28,/tmp/opencode/markov-base01-build/markov-cero-solve,714ff78c14e1ad33b18eab26a2f6cd1235dfce5561a552c1d430fd548f3d8125,data/miplib/neos-3046615-murg.mps,miplib,MILP,train,4,warm,ok,1,300.0,301490.661,301487.26862,ResourceLimit,false,unverified,0,194,,15,15123,13272,1600.0,1600.0,not_checked,no primal vector in result,exit_code=5; stderr=markov-cero 0.5.2 ResourceLimit [MILP -> milp] NOT VERIFIED proof: tier=unverified status=not_requested budget_exhausted=false nodes=0 witness_values=0 build_ms=0 replay_ms=0
bench01-2026-10-01,2026-09-28,/tmp/opencode/markov-base01-build/markov-cero-solve,714ff78c14e1ad33b18eab26a2f6cd1235dfce5561a552c1d430fd548f3d8125,data/netlib/25fv47.mps,netlib,LP,train,4,warm,absent,1,60.0,,,,,,,,,,,,,,,,model_not_in_checkout
bench01-2026-10-01,2026-09-28,/tmp/opencode/markov-base01-build/markov-cero-solve,714ff78c14e1ad33b18eab26a2f6cd1235dfce5561a552c1d430fd548f3d8125,data/netlib/adlittle.mps,netlib,LP,train,4,warm,ok,1,60.0,223.913,222.005281,Optimal,true,optimality_witness_checked,225494.9631623804,225494.9631623804,0,1,625,6276,225494.96316238,3.7834979593753815e-10,pass,9.094947e-13,stderr=markov-cero 0.5.2 Optimal [LP -> primal] VERIFIED
bench01-2026-10-01,2026-09-28,/tmp/opencode/markov-base01-build/markov-cero-solve,714ff78c14e1ad33b18eab26a2f6cd1235dfce5561a552c1d430fd548f3d8125,data/netlib/afiro.mps,netlib,LP,train,4,warm,ok,1,60.0,13.28,10.74617,Optimal,true,optimality_witness_checked,-464.75314285714285,-464.75314285714285,0,1,55,5460,-464.753142857143,1.7053025658242404e-13,pass,4.263256e-14,stderr=markov-cero 0.5.2 Optimal [LP -> primal] VERIFIED
bench01-2026-10-01,2026-09-28,/tmp/opencode/markov-base01-build/markov-cero-solve,714ff78c14e1ad33b18eab26a2f6cd1235dfce5561a552c1d430fd548f3d8125,data/netlib/agg.mps,netlib,LP,train,4,warm,absent,1,60.0,,,,,,,,,,,,,,,,model_not_in_checkout
bench01-2026-10-01,2026-09-28,/tmp/opencode/markov-base01-build/markov-cero-solve,714ff78c14e1ad33b18eab26a2f6cd1235dfce5561a552c1d430fd548f3d8125,data/netlib/agg2.mps,netlib,LP,train,4,warm,absent,1,60.0,,,,,,,,,,,,,,,,model_not_in_checkout
bench01-2026-10-01,2026-09-28,/tmp/opencode/markov-base01-build/markov-cero-solve,714ff78c14e1ad33b18eab26a2f6cd1235dfce5561a552c1d430fd548f3d8125,data/netlib/agg3.mps,netlib,LP,train,4,warm,absent,1,60.0,,,,,,,,,,,,,,,,model_not_in_checkout
bench01-2026-10-01,2026-09-28,/tmp/opencode/markov-base01-build/markov-cero-solve,714ff78c14e1ad33b18eab26a2f6cd1235dfce5561a552c1d430fd548f3d8125,data/netlib/blend.mps,netlib,LP,train,4,warm,ok,1,60.0,433.338,430.98055,Optimal,true,optimality_witness_checked,-30.812149845828245,-30.812149845828245,0,1,547,6428,,,pass,2.842171e-14,stderr=markov-cero 0.5.2 Optimal [LP -> primal] VERIFIED
bench01-2026-10-01,2026-09-28,/tmp/opencode/markov-base01-build/markov-cero-solve,714ff78c14e1ad33b18eab26a2f6cd1235dfce5561a552c1d430fd548f3d8125,data/netlib/bnl1.mps,netlib,LP,train,4,warm,absent,1,60.0,,,,,,,,,,,,,,,,model_not_in_checkout
bench01-2026-10-01,2026-09-28,/tmp/opencode/markov-base01-build/markov-cero-solve,714ff78c14e1ad33b18eab26a2f6cd1235dfce5561a552c1d430fd548f3d8125,data/netlib/boeing1.mps,netlib,LP,train,4,warm,absent,1,60.0,,,,,,,,,,,,,,,,model_not_in_checkout
bench01-2026-10-01,2026-09-28,/tmp/opencode/markov-base01-build/markov-cero-solve,714ff78c14e1ad33b18eab26a2f6cd1235dfce5561a552c1d430fd548f3d8125,data/netlib/cycle.mps,netlib,LP,train,4,warm,absent,1,60.0,,,,,,,,,,,,,,,,model_not_in_checkout
bench01-2026-10-01,2026-09-28,/tmp/opencode/markov-base01-build/markov-cero-solve,714ff78c14e1ad33b18eab26a2f6cd1235dfce5561a552c1d430fd548f3d8125,data/netlib/czprob.mps,netlib,LP,train,4,warm,absent,1,60.0,,,,,,,,,,,,,,,,model_not_in_checkout
bench01-2026-10-01,2026-09-28,/tmp/opencode/markov-base01-build/markov-cero-solve,714ff78c14e1ad33b18eab26a2f6cd1235dfce5561a552c1d430fd548f3d8125,data/netlib/d2q06c.mps,netlib,LP,train,4,warm,absent,1,60.0,,,,,,,,,,,,,,,,model_not_in_checkout
bench01-2026-10-01,2026-09-28,/tmp/opencode/markov-base01-build/markov-cero-solve,714ff78c14e1ad33b18eab26a2f6cd1235dfce5561a552c1d430fd548f3d8125,data/netlib/d6cube.mps,netlib,LP,train,4,warm,absent,1,60.0,,,,,,,,,,,,,,,,model_not_in_checkout
bench01-2026-10-01,2026-09-28,/tmp/opencode/markov-base01-build/markov-cero-solve,714ff78c14e1ad33b18eab26a2f6cd1235dfce5561a552c1d430fd548f3d8125,data/netlib/degen2.mps,netlib,LP,train,4,warm,absent,1,60.0,,,,,,,,,,,,,,,,model_not_in_checkout
bench01-2026-10-01,2026-09-28,/tmp/opencode/markov-base01-build/markov-cero-solve,714ff78c14e1ad33b18eab26a2f6cd1235dfce5561a552c1d430fd548f3d8125,data/netlib/degen3.mps,netlib,LP,train,4,warm,absent,1,60.0,,,,,,,,,,,,,,,,model_not_in_checkout
bench01-2026-10-01,2026-09-28,/tmp/opencode/markov-base01-build/markov-cero-solve,714ff78c14e1ad33b18eab26a2f6cd1235dfce5561a552c1d430fd548f3d8125,data/netlib/dfl001.mps,netlib,LP,train,4,warm,absent,1,60.0,,,,,,,,,,,,,,,,model_not_in_checkout
bench01-2026-10-01,2026-09-28,/tmp/opencode/markov-base01-build/markov-cero-solve,714ff78c14e1ad33b18eab26a2f6cd1235dfce5561a552c1d430fd548f3d8125,data/netlib/fffff800.mps,netlib,LP,train,4,warm,absent,1,60.0,,,,,,,,,,,,,,,,model_not_in_checkout
bench01-2026-10-01,2026-09-28,/tmp/opencode/markov-base01-build/markov-cero-solve,714ff78c14e1ad33b18eab26a2f6cd1235dfce5561a552c1d430fd548f3d8125,data/netlib/finnis.mps,netlib,LP,train,4,warm,absent,1,60.0,,,,,,,,,,,,,,,,model_not_in_checkout
bench01-2026-10-01,2026-09-28,/tmp/opencode/markov-base01-build/markov-cero-solve,714ff78c14e1ad33b18eab26a2f6cd1235dfce5561a552c1d430fd548f3d8125,data/netlib/fit1d.mps,netlib,LP,train,4,warm,absent,1,60.0,,,,,,,,,,,,,,,,model_not_in_checkout
bench01-2026-10-01,2026-09-28,/tmp/opencode/markov-base01-build/markov-cero-solve,714ff78c14e1ad33b18eab26a2f6cd1235dfce5561a552c1d430fd548f3d8125,data/netlib/fit1p.mps,netlib,LP,train,4,warm,absent,1,60.0,,,,,,,,,,,,,,,,model_not_in_checkout
bench01-2026-10-01,2026-09-28,/tmp/opencode/markov-base01-build/markov-cero-solve,714ff78c14e1ad33b18eab26a2f6cd1235dfce5561a552c1d430fd548f3d8125,data/netlib/fit2d.mps,netlib,LP,train,4,warm,absent,1,60.0,,,,,,,,,,,,,,,,model_not_in_checkout
bench01-2026-10-01,2026-09-28,/tmp/opencode/markov-base01-build/markov-cero-solve,714ff78c14e1ad33b18eab26a2f6cd1235dfce5561a552c1d430fd548f3d8125,data/netlib/greenbea.mps,netlib,LP,train,4,warm,absent,1,60.0,,,,,,,,,,,,,,,,model_not_in_checkout
bench01-2026-10-01,2026-09-28,/tmp/opencode/markov-base01-build/markov-cero-solve,714ff78c14e1ad33b18eab26a2f6cd1235dfce5561a552c1d430fd548f3d8125,data/netlib/grow15.mps,netlib,LP,train,4,warm,absent,1,60.0,,,,,,,,,,,,,,,,model_not_in_checkout
bench01-2026-10-01,2026-09-28,/tmp/opencode/markov-base01-build/markov-cero-solve,714ff78c14e1ad33b18eab26a2f6cd1235dfce5561a552c1d430fd548f3d8125,data/netlib/grow22.mps,netlib,LP,train,4,warm,absent,1,60.0,,,,,,,,,,,,,,,,model_not_in_checkout
bench01-2026-10-01,2026-09-28,/tmp/opencode/markov-base01-build/markov-cero-solve,714ff78c14e1ad33b18eab26a2f6cd1235dfce5561a552c1d430fd548f3d8125,data/netlib/grow7.mps,netlib,LP,train,4,warm,ok,1,60.0,14.67,11.701278,InvalidModel,false,unverified,0,,,0,0,4708,,,not_checked,no primal vector in result,exit_code=3; stderr=markov-cero 0.5.2 InvalidModel [LP -> auto] NOT VERIFIED
bench01-2026-10-01,2026-09-28,/tmp/opencode/markov-base01-build/markov-cero-solve,714ff78c14e1ad33b18eab26a2f6cd1235dfce5561a552c1d430fd548f3d8125,data/netlib/lotfi.mps,netlib,LP,train,4,warm,ok,1,60.0,1213.985,1210.361044,Optimal,true,optimality_witness_checked,-25.26470606188001,-25.26470606188001,0,1,1166,6356,,,pass,9.313226e-10,stderr=markov-cero 0.5.2 Optimal [LP -> primal] VERIFIED
bench01-2026-10-01,2026-09-28,/tmp/opencode/markov-base01-build/markov-cero-solve,714ff78c14e1ad33b18eab26a2f6cd1235dfce5561a552c1d430fd548f3d8125,data/netlib/maros-r7.mps,netlib,LP,train,4,warm,absent,1,60.0,,,,,,,,,,,,,,,,model_not_in_checkout
bench01-2026-10-01,2026-09-28,/tmp/opencode/markov-base01-build/markov-cero-solve,714ff78c14e1ad33b18eab26a2f6cd1235dfce5561a552c1d430fd548f3d8125,data/netlib/modszk1.mps,netlib,LP,train,4,warm,absent,1,60.0,,,,,,,,,,,,,,,,model_not_in_checkout
bench01-2026-10-01,2026-09-28,/tmp/opencode/markov-base01-build/markov-cero-solve,714ff78c14e1ad33b18eab26a2f6cd1235dfce5561a552c1d430fd548f3d8125,data/netlib/nesm.mps,netlib,LP,train,4,warm,absent,1,60.0,,,,,,,,,,,,,,,,model_not_in_checkout
bench01-2026-10-01,2026-09-28,/tmp/opencode/markov-base01-build/markov-cero-solve,714ff78c14e1ad33b18eab26a2f6cd1235dfce5561a552c1d430fd548f3d8125,data/netlib/perold.mps,netlib,LP,train,4,warm,absent,1,60.0,,,,,,,,,,,,,,,,model_not_in_checkout
bench01-2026-10-01,2026-09-28,/tmp/opencode/markov-base01-build/markov-cero-solve,714ff78c14e1ad33b18eab26a2f6cd1235dfce5561a552c1d430fd548f3d8125,data/netlib/pilot.ja.mps,netlib,LP,train,4,warm,absent,1,60.0,,,,,,,,,,,,,,,,model_not_in_checkout
bench01-2026-10-01,2026-09-28,/tmp/opencode/markov-base01-build/markov-cero-solve,714ff78c14e1ad33b18eab26a2f6cd1235dfce5561a552c1d430fd548f3d8125,data/netlib/pilot.mps,netlib,LP,train,4,warm,absent,1,60.0,,,,,,,,,,,,,,,,model_not_in_checkout
bench01-2026-10-01,2026-09-28,/tmp/opencode/markov-base01-build/markov-cero-solve,714ff78c14e1ad33b18eab26a2f6cd1235dfce5561a552c1d430fd548f3d8125,data/netlib/pilot4.mps,netlib,LP,train,4,warm,absent,1,60.0,,,,,,,,,,,,,,,,model_not_in_checkout
bench01-2026-10-01,2026-09-28,/tmp/opencode/markov-base01-build/markov-cero-solve,714ff78c14e1ad33b18eab26a2f6cd1235dfce5561a552c1d430fd548f3d8125,data/netlib/pilot87.mps,netlib,LP,train,4,warm,absent,1,60.0,,,,,,,,,,,,,,,,model_not_in_checkout
bench01-2026-10-01,2026-09-28,/tmp/opencode/markov-base01-build/markov-cero-solve,714ff78c14e1ad33b18eab26a2f6cd1235dfce5561a552c1d430fd548f3d8125,data/netlib/pilotnov.mps,netlib,LP,train,4,warm,absent,1,60.0,,,,,,,,,,,,,,,,model_not_in_checkout
bench01-2026-10-01,2026-09-28,/tmp/opencode/markov-base01-build/markov-cero-solve,714ff78c14e1ad33b18eab26a2f6cd1235dfce5561a552c1d430fd548f3d8125,data/netlib/qap12.mps,netlib,LP,train,4,warm,absent,1,60.0,,,,,,,,,,,,,,,,model_not_in_checkout
bench01-2026-10-01,2026-09-28,/tmp/opencode/markov-base01-build/markov-cero-solve,714ff78c14e1ad33b18eab26a2f6cd1235dfce5561a552c1d430fd548f3d8125,data/netlib/qap15.mps,netlib,LP,train,4,warm,absent,1,60.0,,,,,,,,,,,,,,,,model_not_in_checkout
bench01-2026-10-01,2026-09-28,/tmp/opencode/markov-base01-build/markov-cero-solve,714ff78c14e1ad33b18eab26a2f6cd1235dfce5561a552c1d430fd548f3d8125,data/netlib/qap8.mps,netlib,LP,train,4,warm,absent,1,60.0,,,,,,,,,,,,,,,,model_not_in_checkout
bench01-2026-10-01,2026-09-28,/tmp/opencode/markov-base01-build/markov-cero-solve,714ff78c14e1ad33b18eab26a2f6cd1235dfce5561a552c1d430fd548f3d8125,data/netlib/recipe.mps,netlib,LP,train,4,warm,ok,1,60.0,111.753,109.04697,Optimal,true,optimality_witness_checked,-266.616,-266.616,0,1,211,5904,-266.616,0.0,pass,0.000000e+00,stderr=markov-cero 0.5.2 Optimal [LP -> primal] VERIFIED
bench01-2026-10-01,2026-09-28,/tmp/opencode/markov-base01-build/markov-cero-solve,714ff78c14e1ad33b18eab26a2f6cd1235dfce5561a552c1d430fd548f3d8125,data/netlib/sc105.mps,netlib,LP,train,4,warm,ok,1,60.0,165.105,161.875354,Optimal,true,optimality_witness_checked,-52.20206121170726,-52.20206121170726,0,1,256,5832,-52.202061211707,2.6290081223123707e-13,pass,5.684342e-14,stderr=markov-cero 0.5.2 Optimal [LP -> primal] VERIFIED
bench01-2026-10-01,2026-09-28,/tmp/opencode/markov-base01-build/markov-cero-solve,714ff78c14e1ad33b18eab26a2f6cd1235dfce5561a552c1d430fd548f3d8125,data/netlib/sc205.mps,netlib,LP,train,4,warm,ok,1,60.0,9897.115,9894.468448,Optimal,true,optimality_witness_checked,-52.20206121170727,-52.20206121170727,0,1,4417,6384,-52.202061211707,2.7000623958883807e-13,pass,1.136868e-13,stderr=markov-cero 0.5.2 Optimal [LP -> primal] VERIFIED
bench01-2026-10-01,2026-09-28,/tmp/opencode/markov-base01-build/markov-cero-solve,714ff78c14e1ad33b18eab26a2f6cd1235dfce5561a552c1d430fd548f3d8125,data/netlib/sc50b.mps,netlib,LP,train,4,warm,ok,1,60.0,14.397,12.394744,Optimal,true,optimality_witness_checked,-70.00000000000001,-70.00000000000001,0,1,48,5532,-70.0,1.4210854715202004e-14,pass,5.684342e-14,stderr=markov-cero 0.5.2 Optimal [LP -> primal] VERIFIED
bench01-2026-10-01,2026-09-28,/tmp/opencode/markov-base01-build/markov-cero-solve,714ff78c14e1ad33b18eab26a2f6cd1235dfce5561a552c1d430fd548f3d8125,data/netlib/scagr7.mps,netlib,LP,train,4,warm,ok,1,60.0,266.811,264.232613,Optimal,true,optimality_witness_checked,-2331389.8243309837,-2331389.8243309837,0,1,411,6272,-2331389.82433098,3.725290298461914e-09,pass,2.728484e-12,stderr=markov-cero 0.5.2 Optimal [LP -> primal] VERIFIED
bench01-2026-10-01,2026-09-28,/tmp/opencode/markov-base01-build/markov-cero-solve,714ff78c14e1ad33b18eab26a2f6cd1235dfce5561a552c1d430fd548f3d8125,data/netlib/scfxm1.mps,netlib,LP,train,4,warm,ok,1,60.0,6087.832,6084.319174,Optimal,true,optimality_witness_checked,18416.75902834893,18416.75902834893,0,1,127,9252,,,pass,1.091394e-11,stderr=markov-cero 0.5.2 Optimal [LP -> primal] VERIFIED
bench01-2026-10-01,2026-09-28,/tmp/opencode/markov-base01-build/markov-cero-solve,714ff78c14e1ad33b18eab26a2f6cd1235dfce5561a552c1d430fd548f3d8125,data/netlib/scfxm2.mps,netlib,LP,train,4,warm,absent,1,60.0,,,,,,,,,,,,,,,,model_not_in_checkout
bench01-2026-10-01,2026-09-28,/tmp/opencode/markov-base01-build/markov-cero-solve,714ff78c14e1ad33b18eab26a2f6cd1235dfce5561a552c1d430fd548f3d8125,data/netlib/scfxm3.mps,netlib,LP,train,4,warm,absent,1,60.0,,,,,,,,,,,,,,,,model_not_in_checkout
bench01-2026-10-01,2026-09-28,/tmp/opencode/markov-base01-build/markov-cero-solve,714ff78c14e1ad33b18eab26a2f6cd1235dfce5561a552c1d430fd548f3d8125,data/netlib/scorpion.mps,netlib,LP,train,4,warm,ok,1,60.0,1492.367,1487.507105,Optimal,true,optimality_witness_checked,1878.1248227381068,1878.1248227381068,0,1,487,7240,1878.1248227381,6.821210263296962e-12,pass,9.992007e-16,stderr=markov-cero 0.5.2 Optimal [LP -> primal] VERIFIED
bench01-2026-10-01,2026-09-28,/tmp/opencode/markov-base01-build/markov-cero-solve,714ff78c14e1ad33b18eab26a2f6cd1235dfce5561a552c1d430fd548f3d8125,data/netlib/scrs8.mps,netlib,LP,train,4,warm,absent,1,60.0,,,,,,,,,,,,,,,,model_not_in_checkout
bench01-2026-10-01,2026-09-28,/tmp/opencode/markov-base01-build/markov-cero-solve,714ff78c14e1ad33b18eab26a2f6cd1235dfce5561a552c1d430fd548f3d8125,data/netlib/scsd6.mps,netlib,LP,train,4,warm,ok,1,60.0,1511.891,1507.806854,NumericalFailure,false,unverified,50.50013320878034,,,0,0,8996,,,pass,1.186821e-10,exit_code=7; stderr=markov-cero 0.5.2 NumericalFailure [LP -> primal] NOT VERIFIED numerical_diagnostic: primal_residual=1.18682064176312e-10 dual_residual=0 complementarity_gap=0.00014605328332558884 condition_estimate=
bench01-2026-10-01,2026-09-28,/tmp/opencode/markov-base01-build/markov-cero-solve,714ff78c14e1ad33b18eab26a2f6cd1235dfce5561a552c1d430fd548f3d8125,data/netlib/scsd8.mps,netlib,LP,train,4,warm,absent,1,60.0,,,,,,,,,,,,,,,,model_not_in_checkout
bench01-2026-10-01,2026-09-28,/tmp/opencode/markov-base01-build/markov-cero-solve,714ff78c14e1ad33b18eab26a2f6cd1235dfce5561a552c1d430fd548f3d8125,data/netlib/sctap3.mps,netlib,LP,train,4,warm,absent,1,60.0,,,,,,,,,,,,,,,,model_not_in_checkout
bench01-2026-10-01,2026-09-28,/tmp/opencode/markov-base01-build/markov-cero-solve,714ff78c14e1ad33b18eab26a2f6cd1235dfce5561a552c1d430fd548f3d8125,data/netlib/seba.mps,netlib,LP,train,4,warm,absent,1,60.0,,,,,,,,,,,,,,,,model_not_in_checkout
bench01-2026-10-01,2026-09-28,/tmp/opencode/markov-base01-build/markov-cero-solve,714ff78c14e1ad33b18eab26a2f6cd1235dfce5561a552c1d430fd548f3d8125,data/netlib/ship04l.mps,netlib,LP,train,4,warm,absent,1,60.0,,,,,,,,,,,,,,,,model_not_in_checkout
bench01-2026-10-01,2026-09-28,/tmp/opencode/markov-base01-build/markov-cero-solve,714ff78c14e1ad33b18eab26a2f6cd1235dfce5561a552c1d430fd548f3d8125,data/netlib/ship08l.mps,netlib,LP,train,4,warm,absent,1,60.0,,,,,,,,,,,,,,,,model_not_in_checkout
bench01-2026-10-01,2026-09-28,/tmp/opencode/markov-base01-build/markov-cero-solve,714ff78c14e1ad33b18eab26a2f6cd1235dfce5561a552c1d430fd548f3d8125,data/netlib/ship08s.mps,netlib,LP,train,4,warm,absent,1,60.0,,,,,,,,,,,,,,,,model_not_in_checkout
bench01-2026-10-01,2026-09-28,/tmp/opencode/markov-base01-build/markov-cero-solve,714ff78c14e1ad33b18eab26a2f6cd1235dfce5561a552c1d430fd548f3d8125,data/netlib/ship12l.mps,netlib,LP,train,4,warm,absent,1,60.0,,,,,,,,,,,,,,,,model_not_in_checkout
bench01-2026-10-01,2026-09-28,/tmp/opencode/markov-base01-build/markov-cero-solve,714ff78c14e1ad33b18eab26a2f6cd1235dfce5561a552c1d430fd548f3d8125,data/netlib/sierra.mps,netlib,LP,train,4,warm,absent,1,60.0,,,,,,,,,,,,,,,,model_not_in_checkout
bench01-2026-10-01,2026-09-28,/tmp/opencode/markov-base01-build/markov-cero-solve,714ff78c14e1ad33b18eab26a2f6cd1235dfce5561a552c1d430fd548f3d8125,data/netlib/standgub.mps,netlib,LP,train,4,warm,absent,1,60.0,,,,,,,,,,,,,,,,model_not_in_checkout
bench01-2026-10-01,2026-09-28,/tmp/opencode/markov-base01-build/markov-cero-solve,714ff78c14e1ad33b18eab26a2f6cd1235dfce5561a552c1d430fd548f3d8125,data/netlib/standmps.mps,netlib,LP,train,4,warm,absent,1,60.0,,,,,,,,,,,,,,,,model_not_in_checkout
bench01-2026-10-01,2026-09-28,/tmp/opencode/markov-base01-build/markov-cero-solve,714ff78c14e1ad33b18eab26a2f6cd1235dfce5561a552c1d430fd548f3d8125,data/netlib/wood1p.mps,netlib,LP,train,4,warm,absent,1,60.0,,,,,,,,,,,,,,,,model_not_in_checkout
bench01-2026-10-01,2026-09-28,/tmp/opencode/markov-base01-build/markov-cero-solve,714ff78c14e1ad33b18eab26a2f6cd1235dfce5561a552c1d430fd548f3d8125,data/netlib/woodw.mps,netlib,LP,train,4,warm,absent,1,60.0,,,,,,,,,,,,,,,,model_not_in_checkout
bench01-2026-10-01,2026-09-28,/tmp/opencode/markov-base01-build/markov-cero-solve,714ff78c14e1ad33b18eab26a2f6cd1235dfce5561a552c1d430fd548f3d8125,data/qp/QPLIB_0001.mps,qplib,QP,train,4,warm,ok,1,60.0,2.199,0.435618,Optimal,true,optimality_witness_checked,-3.499999999991098,,,1,17,6136,,,pass,0.000000e+00,stderr=markov-cero 0.5.2 Optimal [QP -> qp] VERIFIED
bench01-2026-10-01,2026-09-28,/tmp/opencode/markov-base01-build/markov-cero-solve,714ff78c14e1ad33b18eab26a2f6cd1235dfce5561a552c1d430fd548f3d8125,data/qp/QPLIB_0002.mps,qplib,QP,train,4,warm,ok,1,60.0,3.583,0.71165,Optimal,true,optimality_witness_checked,-2.10714709820743,,,1,23,5372,,,pass,0.000000e+00,stderr=markov-cero 0.5.2 Optimal [QP -> qp] VERIFIED
bench01-2026-10-01,2026-09-28,/tmp/opencode/markov-base01-build/markov-cero-solve,714ff78c14e1ad33b18eab26a2f6cd1235dfce5561a552c1d430fd548f3d8125,data/qp/QPLIB_0010.mps,qplib,QP,train,4,warm,ok,1,60.0,3.552,1.103519,Optimal,true,optimality_witness_checked,-0.10334179412050311,,,1,27,5532,,,fail,1.280096e-06,stderr=markov-cero 0.5.2 Optimal [QP -> qp] VERIFIED; harness_feasibility_failure_solver_reported_verified
bench01-2026-10-01,2026-09-28,/tmp/opencode/markov-base01-build/markov-cero-solve,714ff78c14e1ad33b18eab26a2f6cd1235dfce5561a552c1d430fd548f3d8125,data/qp/QPLIB_0025.mps,qplib,QP,train,4,warm,ok,1,60.0,3.385,1.119145,Optimal,true,optimality_witness_checked,2681.000000219597,,,1,49,5552,,,pass,3.124709e-07,stderr=markov-cero 0.5.2 Optimal [QP -> qp] VERIFIED
bench01-2026-10-01,2026-09-28,/tmp/opencode/markov-base01-build/markov-cero-solve,714ff78c14e1ad33b18eab26a2f6cd1235dfce5561a552c1d430fd548f3d8125,data/qp/QPLIB_8515.mps,qplib,QP,train,4,warm,absent,1,60.0,,,,,,,,,,,,,,,,model_not_in_checkout
bench01-2026-10-01,2026-09-28,/tmp/opencode/markov-base01-build/markov-cero-solve,714ff78c14e1ad33b18eab26a2f6cd1235dfce5561a552c1d430fd548f3d8125,data/qp/QPLIB_8559.mps,qplib,QP,train,4,warm,absent,1,60.0,,,,,,,,,,,,,,,,model_not_in_checkout
bench01-2026-10-01,2026-09-28,/tmp/opencode/markov-base01-build/markov-cero-solve,714ff78c14e1ad33b18eab26a2f6cd1235dfce5561a552c1d430fd548f3d8125,data/qp/QPLIB_8567.mps,qplib,QP,train,4,warm,absent,1,60.0,,,,,,,,,,,,,,,,model_not_in_checkout
bench01-2026-10-01,2026-09-28,/tmp/opencode/markov-base01-build/markov-cero-solve,714ff78c14e1ad33b18eab26a2f6cd1235dfce5561a552c1d430fd548f3d8125,data/qp/QPLIB_8602.mps,qplib,QP,train,4,warm,absent,1,60.0,,,,,,,,,,,,,,,,model_not_in_checkout
bench01-2026-10-01,2026-09-28,/tmp/opencode/markov-base01-build/markov-cero-solve,714ff78c14e1ad33b18eab26a2f6cd1235dfce5561a552c1d430fd548f3d8125,data/qp/QPLIB_8616.mps,qplib,QP,train,4,warm,absent,1,60.0,,,,,,,,,,,,,,,,model_not_in_checkout
bench01-2026-10-01,2026-09-28,/tmp/opencode/markov-base01-build/markov-cero-solve,714ff78c14e1ad33b18eab26a2f6cd1235dfce5561a552c1d430fd548f3d8125,data/qp/QPLIB_8785.mps,qplib,QP,train,4,warm,absent,1,60.0,,,,,,,,,,,,,,,,model_not_in_checkout
bench01-2026-10-01,2026-09-28,/tmp/opencode/markov-base01-build/markov-cero-solve,714ff78c14e1ad33b18eab26a2f6cd1235dfce5561a552c1d430fd548f3d8125,data/qp/QPLIB_8790.mps,qplib,QP,train,4,warm,absent,1,60.0,,,,,,,,,,,,,,,,model_not_in_checkout
bench01-2026-10-01,2026-09-28,/tmp/opencode/markov-base01-build/markov-cero-solve,714ff78c14e1ad33b18eab26a2f6cd1235dfce5561a552c1d430fd548f3d8125,data/qp/QPLIB_8792.mps,qplib,QP,train,4,warm,absent,1,60.0,,,,,,,,,,,,,,,,model_not_in_checkout
bench01-2026-10-01,2026-09-28,/tmp/opencode/markov-base01-build/markov-cero-solve,714ff78c14e1ad33b18eab26a2f6cd1235dfce5561a552c1d430fd548f3d8125,data/qp/QPLIB_8845.mps,qplib,QP,train,4,warm,absent,1,60.0,,,,,,,,,,,,,,,,model_not_in_checkout
bench01-2026-10-01,2026-09-28,/tmp/opencode/markov-base01-build/markov-cero-solve,714ff78c14e1ad33b18eab26a2f6cd1235dfce5561a552c1d430fd548f3d8125,data/qp/QPLIB_8938.mps,qplib,QP,train,4,warm,absent,1,60.0,,,,,,,,,,,,,,,,model_not_in_checkout
bench01-2026-10-01,2026-09-28,/tmp/opencode/markov-base01-build/markov-cero-solve,714ff78c14e1ad33b18eab26a2f6cd1235dfce5561a552c1d430fd548f3d8125,data/qp/QPLIB_8991.mps,qplib,QP,train,4,warm,absent,1,60.0,,,,,,,,,,,,,,,,model_not_in_checkout
bench01-2026-10-01,2026-09-28,/tmp/opencode/markov-base01-build/markov-cero-solve,714ff78c14e1ad33b18eab26a2f6cd1235dfce5561a552c1d430fd548f3d8125,data/miplib/timtab1.mps,miplib,MILP,train,4,warm,ok,1,300.0,300008.326,300005.562975,ResourceLimit,false,unverified,0,77598,,121,98354,11288,764771.99999978,764771.99999978,not_checked,no primal vector in result,exit_code=5; stderr=markov-cero 0.5.2 ResourceLimit [MILP -> milp] NOT VERIFIED proof: tier=unverified status=not_requested budget_exhausted=false nodes=0 witness_values=0 build_ms=0 replay_ms=0
bench01-2026-10-01,2026-09-28,/tmp/opencode/markov-base01-build/markov-cero-solve,714ff78c14e1ad33b18eab26a2f6cd1235dfce5561a552c1d430fd548f3d8125,data/mittelmann/markshare_5_0.mps,mittelmann,MILP,train,4,warm,ok,1,300.0,300024.28,300020.352752,ResourceLimit,false,unverified,0,0,1,2606,502550,40036,,,not_checked,no primal vector in result,exit_code=5; stderr=markov-cero 0.5.2 ResourceLimit [MILP -> milp] NOT VERIFIED proof: tier=unverified status=not_requested budget_exhausted=false nodes=0 witness_values=0 build_ms=0 replay_ms=0
bench01-2026-10-01,2026-09-28,/tmp/opencode/markov-base01-build/markov-cero-solve,714ff78c14e1ad33b18eab26a2f6cd1235dfce5561a552c1d430fd548f3d8125,data/mittelmann/ran14x18_1.mps,mittelmann,MILP,train,4,warm,ok,1,300.0,300007.177,300004.136412,ResourceLimit,false,unverified,0,3077.938427128427,0.2806874439989654,129,131307,12256,,,not_checked,no primal vector in result,exit_code=5; stderr=markov-cero 0.5.2 ResourceLimit [MILP -> milp] NOT VERIFIED proof: tier=unverified status=not_requested budget_exhausted=false nodes=0 witness_values=0 build_ms=0 replay_ms=0
