campaign_id,manifest_version,solver,solver_sha256,instance,suite,problem_class,split,repeat,cold_warm,run_state,threads,cap_s,parent_wall_ms,solver_runtime_ms,status,verified,assurance,objective,best_bound,relative_gap,nodes,lp_iterations,peak_rss_kib,reference_objective,objective_delta,independent_check,independent_max_violation,notes
bench02-2026-10-01,2026-10-01,/tmp/opencode/bench02-build/markov-cero-solve,36284e66e5584958d7cb57eb0fe7e1d080534835c9c01d1adcb5d4aca3336bc1,data/miplib/b1c1s1.mps,miplib,MILP,holdout,0,cold,absent,1,300.0,,,,,,,,,,,,,,,,model_not_in_checkout
bench02-2026-10-01,2026-10-01,/tmp/opencode/bench02-build/markov-cero-solve,36284e66e5584958d7cb57eb0fe7e1d080534835c9c01d1adcb5d4aca3336bc1,data/miplib/fastxgemm-n2r6s0t2.mps,miplib,MILP,holdout,0,cold,absent,1,300.0,,,,,,,,,,,,,,,,model_not_in_checkout
bench02-2026-10-01,2026-10-01,/tmp/opencode/bench02-build/markov-cero-solve,36284e66e5584958d7cb57eb0fe7e1d080534835c9c01d1adcb5d4aca3336bc1,data/miplib/gmu-35-50.mps,miplib,MILP,holdout,0,cold,absent,1,300.0,,,,,,,,,,,,,,,,model_not_in_checkout
bench02-2026-10-01,2026-10-01,/tmp/opencode/bench02-build/markov-cero-solve,36284e66e5584958d7cb57eb0fe7e1d080534835c9c01d1adcb5d4aca3336bc1,data/miplib/graphdraw-domain.mps,miplib,MILP,holdout,0,cold,absent,1,300.0,,,,,,,,,,,,,,,,model_not_in_checkout
bench02-2026-10-01,2026-10-01,/tmp/opencode/bench02-build/markov-cero-solve,36284e66e5584958d7cb57eb0fe7e1d080534835c9c01d1adcb5d4aca3336bc1,data/miplib/lotsize.mps,miplib,MILP,holdout,0,cold,absent,1,300.0,,,,,,,,,,,,,,,,model_not_in_checkout
bench02-2026-10-01,2026-10-01,/tmp/opencode/bench02-build/markov-cero-solve,36284e66e5584958d7cb57eb0fe7e1d080534835c9c01d1adcb5d4aca3336bc1,data/miplib/neos-1171448.mps,miplib,MILP,holdout,0,cold,absent,1,300.0,,,,,,,,,,,,,,,,model_not_in_checkout
bench02-2026-10-01,2026-10-01,/tmp/opencode/bench02-build/markov-cero-solve,36284e66e5584958d7cb57eb0fe7e1d080534835c9c01d1adcb5d4aca3336bc1,data/cases/capitanescu_dc_opf.mps,cases,MILP,holdout,0,cold,ok,1,300.0,3.699,0.310713,Optimal,true,optimality_witness_checked,-1.5594466918172984e-06,,,1,177,2056,,,fail,7.503556e-06,stderr=markov-cero 0.5.2 Optimal [QP -> qp] VERIFIED; harness_feasibility_failure_solver_reported_verified
bench02-2026-10-01,2026-10-01,/tmp/opencode/bench02-build/markov-cero-solve,36284e66e5584958d7cb57eb0fe7e1d080534835c9c01d1adcb5d4aca3336bc1,data/miplib/neos-4954672-berkel.mps,miplib,MILP,holdout,0,cold,absent,1,300.0,,,,,,,,,,,,,,,,model_not_in_checkout
bench02-2026-10-01,2026-10-01,/tmp/opencode/bench02-build/markov-cero-solve,36284e66e5584958d7cb57eb0fe7e1d080534835c9c01d1adcb5d4aca3336bc1,data/miplib/neos-5107597-kakapo.mps,miplib,MILP,holdout,0,cold,absent,1,300.0,,,,,,,,,,,,,,,,model_not_in_checkout
bench02-2026-10-01,2026-10-01,/tmp/opencode/bench02-build/markov-cero-solve,36284e66e5584958d7cb57eb0fe7e1d080534835c9c01d1adcb5d4aca3336bc1,data/miplib/rococoC10-001000.mps,miplib,MILP,holdout,0,cold,absent,1,300.0,,,,,,,,,,,,,,,,model_not_in_checkout
bench02-2026-10-01,2026-10-01,/tmp/opencode/bench02-build/markov-cero-solve,36284e66e5584958d7cb57eb0fe7e1d080534835c9c01d1adcb5d4aca3336bc1,data/miplib/supportcase18.mps,miplib,MILP,holdout,0,cold,absent,1,300.0,,,,,,,,,,,,,,,,model_not_in_checkout
bench02-2026-10-01,2026-10-01,/tmp/opencode/bench02-build/markov-cero-solve,36284e66e5584958d7cb57eb0fe7e1d080534835c9c01d1adcb5d4aca3336bc1,data/miplib/swath1.mps,miplib,MILP,holdout,0,cold,absent,1,300.0,,,,,,,,,,,,,,,,model_not_in_checkout
bench02-2026-10-01,2026-10-01,/tmp/opencode/bench02-build/markov-cero-solve,36284e66e5584958d7cb57eb0fe7e1d080534835c9c01d1adcb5d4aca3336bc1,data/miplib/traininstance2.mps,miplib,MILP,holdout,0,cold,absent,1,300.0,,,,,,,,,,,,,,,,model_not_in_checkout
bench02-2026-10-01,2026-10-01,/tmp/opencode/bench02-build/markov-cero-solve,36284e66e5584958d7cb57eb0fe7e1d080534835c9c01d1adcb5d4aca3336bc1,data/mittelmann/air05.mps,mittelmann,MILP,holdout,0,cold,absent,1,300.0,,,,,,,,,,,,,,,,model_not_in_checkout
bench02-2026-10-01,2026-10-01,/tmp/opencode/bench02-build/markov-cero-solve,36284e66e5584958d7cb57eb0fe7e1d080534835c9c01d1adcb5d4aca3336bc1,data/mittelmann/bienst1.mps,mittelmann,MILP,holdout,0,cold,absent,1,300.0,,,,,,,,,,,,,,,,model_not_in_checkout
bench02-2026-10-01,2026-10-01,/tmp/opencode/bench02-build/markov-cero-solve,36284e66e5584958d7cb57eb0fe7e1d080534835c9c01d1adcb5d4aca3336bc1,data/mittelmann/rail516.mps,mittelmann,MILP,holdout,0,cold,absent,1,300.0,,,,,,,,,,,,,,,,model_not_in_checkout
bench02-2026-10-01,2026-10-01,/tmp/opencode/bench02-build/markov-cero-solve,36284e66e5584958d7cb57eb0fe7e1d080534835c9c01d1adcb5d4aca3336bc1,data/mittelmann/rail582.mps,mittelmann,MILP,holdout,0,cold,absent,1,300.0,,,,,,,,,,,,,,,,model_not_in_checkout
bench02-2026-10-01,2026-10-01,/tmp/opencode/bench02-build/markov-cero-solve,36284e66e5584958d7cb57eb0fe7e1d080534835c9c01d1adcb5d4aca3336bc1,data/cases/pochet_lot_sizing.mps,cases,MILP,holdout,0,cold,ok,1,300.0,7.761,5.610465,Optimal,true,tree_replayed,1050,1050,0,1,118,5764,,,pass,0.000000e+00,stderr=markov-cero 0.5.2 Optimal [MILP -> milp] VERIFIED proof: tier=independent_tree status=accepted budget_exhausted=false nodes=1 witness_values=240 build_ms=2.3280280000000002 replay_ms=0.088104000000000
bench02-2026-10-01,2026-10-01,/tmp/opencode/bench02-build/markov-cero-solve,36284e66e5584958d7cb57eb0fe7e1d080534835c9c01d1adcb5d4aca3336bc1,data/netlib/bore3d.mps,netlib,LP,holdout,0,cold,ok,1,60.0,205.383,203.293333,NumericalFailure,false,unverified,1373.0804138468477,,,0,319,7516,,,not_checked,primal and variable_names differ in length,exit_code=7; stderr=markov-cero 0.5.2 NumericalFailure [LP -> primal] NOT VERIFIED numerical_diagnostic: primal_residual=4.3338091466345384e-09 dual_residual=4.8783501746014274e-11 complementarity_gap=0.00185362991938647
bench02-2026-10-01,2026-10-01,/tmp/opencode/bench02-build/markov-cero-solve,36284e66e5584958d7cb57eb0fe7e1d080534835c9c01d1adcb5d4aca3336bc1,data/netlib/brandy.mps,netlib,LP,holdout,0,cold,ok,1,60.0,642.114,639.011338,Optimal,true,optimality_witness_checked,1518.509896488128,1518.509896488128,0,1,612,7780,,,pass,6.821210e-13,stderr=markov-cero 0.5.2 Optimal [LP -> primal] VERIFIED
bench02-2026-10-01,2026-10-01,/tmp/opencode/bench02-build/markov-cero-solve,36284e66e5584958d7cb57eb0fe7e1d080534835c9c01d1adcb5d4aca3336bc1,data/netlib/e226.mps,netlib,LP,holdout,0,cold,ok,1,60.0,707.388,705.412327,NumericalFailure,false,unverified,0,,,0,738,7864,,,not_checked,no primal vector in result,exit_code=7; stderr=markov-cero 0.5.2 NumericalFailure [LP -> primal] NOT VERIFIED numerical_diagnostic: primal_residual=0 dual_residual=0 complementarity_gap=0 condition_estimate=15670.592325447486 failure_site=primal_s
bench02-2026-10-01,2026-10-01,/tmp/opencode/bench02-build/markov-cero-solve,36284e66e5584958d7cb57eb0fe7e1d080534835c9c01d1adcb5d4aca3336bc1,data/netlib/greenbeb.mps,netlib,LP,holdout,0,cold,absent,1,60.0,,,,,,,,,,,,,,,,model_not_in_checkout
bench02-2026-10-01,2026-10-01,/tmp/opencode/bench02-build/markov-cero-solve,36284e66e5584958d7cb57eb0fe7e1d080534835c9c01d1adcb5d4aca3336bc1,data/netlib/pilot.we.mps,netlib,LP,holdout,0,cold,absent,1,60.0,,,,,,,,,,,,,,,,model_not_in_checkout
bench02-2026-10-01,2026-10-01,/tmp/opencode/bench02-build/markov-cero-solve,36284e66e5584958d7cb57eb0fe7e1d080534835c9c01d1adcb5d4aca3336bc1,data/netlib/sc50a.mps,netlib,LP,holdout,0,cold,ok,1,60.0,4.837,2.284966,Optimal,true,optimality_witness_checked,-64.57507705856453,-64.57507705856453,0,1,54,5660,-64.575077058564,5.258016244624741e-13,pass,2.842171e-14,stderr=markov-cero 0.5.2 Optimal [LP -> primal] VERIFIED
bench02-2026-10-01,2026-10-01,/tmp/opencode/bench02-build/markov-cero-solve,36284e66e5584958d7cb57eb0fe7e1d080534835c9c01d1adcb5d4aca3336bc1,data/netlib/scagr25.mps,netlib,LP,holdout,0,cold,ok,1,60.0,1046.088,1043.434835,Optimal,true,optimality_witness_checked,-14753433.06076852,-14753433.06076852,0,1,3204,6880,,,pass,1.818989e-12,stderr=markov-cero 0.5.2 Optimal [LP -> primal] VERIFIED
bench02-2026-10-01,2026-10-01,/tmp/opencode/bench02-build/markov-cero-solve,36284e66e5584958d7cb57eb0fe7e1d080534835c9c01d1adcb5d4aca3336bc1,data/netlib/sctap2.mps,netlib,LP,holdout,0,cold,absent,1,60.0,,,,,,,,,,,,,,,,model_not_in_checkout
bench02-2026-10-01,2026-10-01,/tmp/opencode/bench02-build/markov-cero-solve,36284e66e5584958d7cb57eb0fe7e1d080534835c9c01d1adcb5d4aca3336bc1,data/netlib/share1b.mps,netlib,LP,holdout,0,cold,ok,1,60.0,111.267,107.97689,Optimal,true,optimality_witness_checked,-76589.31857918539,-76589.31857918539,0,1,1266,5816,-76589.3185791855,1.1641532182693481e-10,pass,5.067908e-10,stderr=markov-cero 0.5.2 Optimal [LP -> primal] VERIFIED
bench02-2026-10-01,2026-10-01,/tmp/opencode/bench02-build/markov-cero-solve,36284e66e5584958d7cb57eb0fe7e1d080534835c9c01d1adcb5d4aca3336bc1,data/netlib/share2b.mps,netlib,LP,holdout,0,cold,ok,1,60.0,34.061,32.046944,Optimal,true,optimality_witness_checked,-415.7322407414181,-415.7322407414181,0,1,473,5532,-415.732240741418,5.684341886080802e-14,pass,9.094947e-13,stderr=markov-cero 0.5.2 Optimal [LP -> primal] VERIFIED
bench02-2026-10-01,2026-10-01,/tmp/opencode/bench02-build/markov-cero-solve,36284e66e5584958d7cb57eb0fe7e1d080534835c9c01d1adcb5d4aca3336bc1,data/netlib/shell.mps,netlib,LP,holdout,0,cold,absent,1,60.0,,,,,,,,,,,,,,,,model_not_in_checkout
bench02-2026-10-01,2026-10-01,/tmp/opencode/bench02-build/markov-cero-solve,36284e66e5584958d7cb57eb0fe7e1d080534835c9c01d1adcb5d4aca3336bc1,data/netlib/stair.mps,netlib,LP,holdout,0,cold,absent,1,60.0,,,,,,,,,,,,,,,,model_not_in_checkout
bench02-2026-10-01,2026-10-01,/tmp/opencode/bench02-build/markov-cero-solve,36284e66e5584958d7cb57eb0fe7e1d080534835c9c01d1adcb5d4aca3336bc1,data/netlib/stocfor1.mps,netlib,LP,holdout,0,cold,ok,1,60.0,36.58,33.800617,Optimal,true,optimality_witness_checked,-41131.97621943642,-41131.97621943642,0,1,432,5920,,,pass,2.728484e-12,stderr=markov-cero 0.5.2 Optimal [LP -> primal] VERIFIED
bench02-2026-10-01,2026-10-01,/tmp/opencode/bench02-build/markov-cero-solve,36284e66e5584958d7cb57eb0fe7e1d080534835c9c01d1adcb5d4aca3336bc1,data/netlib/stocfor3.mps,netlib,LP,holdout,0,cold,absent,1,60.0,,,,,,,,,,,,,,,,model_not_in_checkout
bench02-2026-10-01,2026-10-01,/tmp/opencode/bench02-build/markov-cero-solve,36284e66e5584958d7cb57eb0fe7e1d080534835c9c01d1adcb5d4aca3336bc1,data/netlib/tuff.mps,netlib,LP,holdout,0,cold,absent,1,60.0,,,,,,,,,,,,,,,,model_not_in_checkout
bench02-2026-10-01,2026-10-01,/tmp/opencode/bench02-build/markov-cero-solve,36284e66e5584958d7cb57eb0fe7e1d080534835c9c01d1adcb5d4aca3336bc1,data/qp/QPLIB_8495.mps,qplib,QP,holdout,0,cold,absent,1,60.0,,,,,,,,,,,,,,,,model_not_in_checkout
bench02-2026-10-01,2026-10-01,/tmp/opencode/bench02-build/markov-cero-solve,36284e66e5584958d7cb57eb0fe7e1d080534835c9c01d1adcb5d4aca3336bc1,data/qp/QPLIB_8906.mps,qplib,QP,holdout,0,cold,absent,1,60.0,,,,,,,,,,,,,,,,model_not_in_checkout
bench02-2026-10-01,2026-10-01,/tmp/opencode/bench02-build/markov-cero-solve,36284e66e5584958d7cb57eb0fe7e1d080534835c9c01d1adcb5d4aca3336bc1,data/miplib/neos-3754480-nidda.mps,miplib,MILP,holdout,0,cold,ok,1,300.0,2627.477,2623.514168,NumericalFailure,false,unverified,0,,,1,794,7976,12939.7540104743,12939.7540104743,not_checked,no primal vector in result,exit_code=7; stderr=markov-cero 0.5.2 NumericalFailure [MILP -> milp] NOT VERIFIED proof: tier=unverified status=not_requested budget_exhausted=false nodes=0 witness_values=0 build_ms=0 replay_ms=0 numerical_diagnostic: 
bench02-2026-10-01,2026-10-01,/tmp/opencode/bench02-build/markov-cero-solve,36284e66e5584958d7cb57eb0fe7e1d080534835c9c01d1adcb5d4aca3336bc1,data/miplib/CMS750_4.mps,miplib,MILP,tune,0,cold,absent,1,300.0,,,,,,,,,,,,,,,,model_not_in_checkout
bench02-2026-10-01,2026-10-01,/tmp/opencode/bench02-build/markov-cero-solve,36284e66e5584958d7cb57eb0fe7e1d080534835c9c01d1adcb5d4aca3336bc1,data/miplib/beasleyC3.mps,miplib,MILP,tune,0,cold,absent,1,300.0,,,,,,,,,,,,,,,,model_not_in_checkout
bench02-2026-10-01,2026-10-01,/tmp/opencode/bench02-build/markov-cero-solve,36284e66e5584958d7cb57eb0fe7e1d080534835c9c01d1adcb5d4aca3336bc1,data/miplib/bnatt400.mps,miplib,MILP,tune,0,cold,absent,1,300.0,,,,,,,,,,,,,,,,model_not_in_checkout
bench02-2026-10-01,2026-10-01,/tmp/opencode/bench02-build/markov-cero-solve,36284e66e5584958d7cb57eb0fe7e1d080534835c9c01d1adcb5d4aca3336bc1,data/miplib/bppc4-08.mps,miplib,MILP,tune,0,cold,absent,1,300.0,,,,,,,,,,,,,,,,model_not_in_checkout
bench02-2026-10-01,2026-10-01,/tmp/opencode/bench02-build/markov-cero-solve,36284e66e5584958d7cb57eb0fe7e1d080534835c9c01d1adcb5d4aca3336bc1,data/miplib/cvs16r128-89.mps,miplib,MILP,tune,0,cold,absent,1,300.0,,,,,,,,,,,,,,,,model_not_in_checkout
bench02-2026-10-01,2026-10-01,/tmp/opencode/bench02-build/markov-cero-solve,36284e66e5584958d7cb57eb0fe7e1d080534835c9c01d1adcb5d4aca3336bc1,data/miplib/dano3_5.mps,miplib,MILP,tune,0,cold,absent,1,300.0,,,,,,,,,,,,,,,,model_not_in_checkout
bench02-2026-10-01,2026-10-01,/tmp/opencode/bench02-build/markov-cero-solve,36284e66e5584958d7cb57eb0fe7e1d080534835c9c01d1adcb5d4aca3336bc1,data/miplib/graph20-20-1rand.mps,miplib,MILP,tune,0,cold,absent,1,300.0,,,,,,,,,,,,,,,,model_not_in_checkout
bench02-2026-10-01,2026-10-01,/tmp/opencode/bench02-build/markov-cero-solve,36284e66e5584958d7cb57eb0fe7e1d080534835c9c01d1adcb5d4aca3336bc1,data/miplib/istanbul-no-cutoff.mps,miplib,MILP,tune,0,cold,absent,1,300.0,,,,,,,,,,,,,,,,model_not_in_checkout
bench02-2026-10-01,2026-10-01,/tmp/opencode/bench02-build/markov-cero-solve,36284e66e5584958d7cb57eb0fe7e1d080534835c9c01d1adcb5d4aca3336bc1,data/netlib/etamacro.mps,netlib,LP,holdout,0,cold,ok,1,60.0,2469.232,2466.511346,NumericalFailure,false,unverified,-755.7143090291331,,,0,1378,12152,,,not_checked,primal and variable_names differ in length,exit_code=7; stderr=markov-cero 0.5.2 NumericalFailure [LP -> primal] NOT VERIFIED numerical_diagnostic: primal_residual=5.5644022722844966e-10 dual_residual=2.0621525320674294e-16 complementarity_gap=0.00214953078166371
bench02-2026-10-01,2026-10-01,/tmp/opencode/bench02-build/markov-cero-solve,36284e66e5584958d7cb57eb0fe7e1d080534835c9c01d1adcb5d4aca3336bc1,data/miplib/mcsched.mps,miplib,MILP,tune,0,cold,absent,1,300.0,,,,,,,,,,,,,,,,model_not_in_checkout
bench02-2026-10-01,2026-10-01,/tmp/opencode/bench02-build/markov-cero-solve,36284e66e5584958d7cb57eb0fe7e1d080534835c9c01d1adcb5d4aca3336bc1,data/miplib/mik-250-20-75-4.mps,miplib,MILP,tune,0,cold,absent,1,300.0,,,,,,,,,,,,,,,,model_not_in_checkout
bench02-2026-10-01,2026-10-01,/tmp/opencode/bench02-build/markov-cero-solve,36284e66e5584958d7cb57eb0fe7e1d080534835c9c01d1adcb5d4aca3336bc1,data/miplib/neos-1354092.mps,miplib,MILP,tune,0,cold,absent,1,300.0,,,,,,,,,,,,,,,,model_not_in_checkout
bench02-2026-10-01,2026-10-01,/tmp/opencode/bench02-build/markov-cero-solve,36284e66e5584958d7cb57eb0fe7e1d080534835c9c01d1adcb5d4aca3336bc1,data/miplib/neos-3381206-awhea.mps,miplib,MILP,tune,0,cold,absent,1,300.0,,,,,,,,,,,,,,,,model_not_in_checkout
bench02-2026-10-01,2026-10-01,/tmp/opencode/bench02-build/markov-cero-solve,36284e66e5584958d7cb57eb0fe7e1d080534835c9c01d1adcb5d4aca3336bc1,data/miplib/neos17.mps,miplib,MILP,tune,0,cold,absent,1,300.0,,,,,,,,,,,,,,,,model_not_in_checkout
bench02-2026-10-01,2026-10-01,/tmp/opencode/bench02-build/markov-cero-solve,36284e66e5584958d7cb57eb0fe7e1d080534835c9c01d1adcb5d4aca3336bc1,data/cases/refinery_scheduling_large.mps,cases,MILP,tune,0,cold,ok,1,300.0,3589.739,3586.021285,Optimal,true,tree_replayed,-65416.9,-65416.9,0,1,2616,7912,,,pass,2.842171e-14,stderr=markov-cero 0.5.2 Optimal [MILP -> milp] VERIFIED proof: tier=independent_tree status=accepted budget_exhausted=false nodes=1 witness_values=2100 build_ms=1890.376788 replay_ms=0.91224499999999997
bench02-2026-10-01,2026-10-01,/tmp/opencode/bench02-build/markov-cero-solve,36284e66e5584958d7cb57eb0fe7e1d080534835c9c01d1adcb5d4aca3336bc1,data/miplib/enlight_hard.mps,miplib,MILP,holdout,0,cold,ok,1,300.0,300018.817,300007.817312,ResourceLimit,false,unverified,0,19,,5501,3359792,64936,37.0,37.0,not_checked,no primal vector in result,exit_code=5; stderr=markov-cero 0.5.2 ResourceLimit [MILP -> milp] NOT VERIFIED proof: tier=unverified status=not_requested budget_exhausted=false nodes=0 witness_values=0 build_ms=0 replay_ms=0
bench02-2026-10-01,2026-10-01,/tmp/opencode/bench02-build/markov-cero-solve,36284e66e5584958d7cb57eb0fe7e1d080534835c9c01d1adcb5d4aca3336bc1,data/miplib/sp97ar.mps,miplib,MILP,tune,0,cold,absent,1,300.0,,,,,,,,,,,,,,,,model_not_in_checkout
bench02-2026-10-01,2026-10-01,/tmp/opencode/bench02-build/markov-cero-solve,36284e66e5584958d7cb57eb0fe7e1d080534835c9c01d1adcb5d4aca3336bc1,data/miplib/uct-subprob.mps,miplib,MILP,tune,0,cold,absent,1,300.0,,,,,,,,,,,,,,,,model_not_in_checkout
bench02-2026-10-01,2026-10-01,/tmp/opencode/bench02-build/markov-cero-solve,36284e66e5584958d7cb57eb0fe7e1d080534835c9c01d1adcb5d4aca3336bc1,data/mittelmann/50v-10.mps,mittelmann,MILP,tune,0,cold,absent,1,300.0,,,,,,,,,,,,,,,,model_not_in_checkout
bench02-2026-10-01,2026-10-01,/tmp/opencode/bench02-build/markov-cero-solve,36284e66e5584958d7cb57eb0fe7e1d080534835c9c01d1adcb5d4aca3336bc1,data/mittelmann/app1-1.mps,mittelmann,MILP,tune,0,cold,absent,1,300.0,,,,,,,,,,,,,,,,model_not_in_checkout
bench02-2026-10-01,2026-10-01,/tmp/opencode/bench02-build/markov-cero-solve,36284e66e5584958d7cb57eb0fe7e1d080534835c9c01d1adcb5d4aca3336bc1,data/mittelmann/fome11.mps,mittelmann,MILP,tune,0,cold,absent,1,300.0,,,,,,,,,,,,,,,,model_not_in_checkout
bench02-2026-10-01,2026-10-01,/tmp/opencode/bench02-build/markov-cero-solve,36284e66e5584958d7cb57eb0fe7e1d080534835c9c01d1adcb5d4aca3336bc1,data/miplib/mas76.mps,miplib,MILP,tune,0,cold,ok,1,300.0,300006.333,300002.363094,ResourceLimit,false,unverified,0,39301.06828408619,0.9999999606989317,6918,4381303,15928,40005.05398999999,40005.05398999999,not_checked,no primal vector in result,exit_code=5; stderr=markov-cero 0.5.2 ResourceLimit [MILP -> milp] NOT VERIFIED proof: tier=unverified status=not_requested budget_exhausted=false nodes=0 witness_values=0 build_ms=0 replay_ms=0
bench02-2026-10-01,2026-10-01,/tmp/opencode/bench02-build/markov-cero-solve,36284e66e5584958d7cb57eb0fe7e1d080534835c9c01d1adcb5d4aca3336bc1,data/mittelmann/nug08-3rd.mps,mittelmann,MILP,tune,0,cold,absent,1,300.0,,,,,,,,,,,,,,,,model_not_in_checkout
bench02-2026-10-01,2026-10-01,/tmp/opencode/bench02-build/markov-cero-solve,36284e66e5584958d7cb57eb0fe7e1d080534835c9c01d1adcb5d4aca3336bc1,data/mittelmann/nug20.mps,mittelmann,MILP,tune,0,cold,absent,1,300.0,,,,,,,,,,,,,,,,model_not_in_checkout
bench02-2026-10-01,2026-10-01,/tmp/opencode/bench02-build/markov-cero-solve,36284e66e5584958d7cb57eb0fe7e1d080534835c9c01d1adcb5d4aca3336bc1,data/netlib/80bau3b.mps,netlib,LP,tune,0,cold,absent,1,60.0,,,,,,,,,,,,,,,,model_not_in_checkout
bench02-2026-10-01,2026-10-01,/tmp/opencode/bench02-build/markov-cero-solve,36284e66e5584958d7cb57eb0fe7e1d080534835c9c01d1adcb5d4aca3336bc1,data/netlib/bandm.mps,netlib,LP,tune,0,cold,ok,1,60.0,367.501,363.679474,Optimal,true,optimality_witness_checked,-158.6280184501206,-158.6280184501206,0,1,2105,6876,,,pass,1.936229e-13,stderr=markov-cero 0.5.2 Optimal [LP -> primal] VERIFIED
bench02-2026-10-01,2026-10-01,/tmp/opencode/bench02-build/markov-cero-solve,36284e66e5584958d7cb57eb0fe7e1d080534835c9c01d1adcb5d4aca3336bc1,data/netlib/beaconfd.mps,netlib,LP,tune,0,cold,ok,1,60.0,27.334,24.62388,Optimal,true,optimality_witness_checked,33592.485807200006,33592.485807200006,0,1,244,5900,33592.4858072,7.275957614183426e-12,pass,3.259615e-11,stderr=markov-cero 0.5.2 Optimal [LP -> primal] VERIFIED
bench02-2026-10-01,2026-10-01,/tmp/opencode/bench02-build/markov-cero-solve,36284e66e5584958d7cb57eb0fe7e1d080534835c9c01d1adcb5d4aca3336bc1,data/netlib/bnl2.mps,netlib,LP,tune,0,cold,absent,1,60.0,,,,,,,,,,,,,,,,model_not_in_checkout
bench02-2026-10-01,2026-10-01,/tmp/opencode/bench02-build/markov-cero-solve,36284e66e5584958d7cb57eb0fe7e1d080534835c9c01d1adcb5d4aca3336bc1,data/miplib/pk1.mps,miplib,MILP,tune,0,cold,ok,1,300.0,300005.396,300002.121417,ResourceLimit,false,unverified,0,2.409094279749066,0.9797555102542095,5471,3745392,13136,11.0,11.0,not_checked,no primal vector in result,exit_code=5; stderr=markov-cero 0.5.2 ResourceLimit [MILP -> milp] NOT VERIFIED proof: tier=unverified status=not_requested budget_exhausted=false nodes=0 witness_values=0 build_ms=0 replay_ms=0
bench02-2026-10-01,2026-10-01,/tmp/opencode/bench02-build/markov-cero-solve,36284e66e5584958d7cb57eb0fe7e1d080534835c9c01d1adcb5d4aca3336bc1,data/netlib/boeing2.mps,netlib,LP,tune,0,cold,ok,1,60.0,168.1,165.009873,Optimal,true,optimality_witness_checked,-315.0187280152029,-315.0187280152029,0,1,1254,6024,,,pass,1.421085e-14,stderr=markov-cero 0.5.2 Optimal [LP -> primal] VERIFIED
bench02-2026-10-01,2026-10-01,/tmp/opencode/bench02-build/markov-cero-solve,36284e66e5584958d7cb57eb0fe7e1d080534835c9c01d1adcb5d4aca3336bc1,data/netlib/fit2p.mps,netlib,LP,tune,0,cold,absent,1,60.0,,,,,,,,,,,,,,,,model_not_in_checkout
bench02-2026-10-01,2026-10-01,/tmp/opencode/bench02-build/markov-cero-solve,36284e66e5584958d7cb57eb0fe7e1d080534835c9c01d1adcb5d4aca3336bc1,data/netlib/forplan.mps,netlib,LP,tune,0,cold,absent,1,60.0,,,,,,,,,,,,,,,,model_not_in_checkout
bench02-2026-10-01,2026-10-01,/tmp/opencode/bench02-build/markov-cero-solve,36284e66e5584958d7cb57eb0fe7e1d080534835c9c01d1adcb5d4aca3336bc1,data/netlib/ganges.mps,netlib,LP,tune,0,cold,absent,1,60.0,,,,,,,,,,,,,,,,model_not_in_checkout
bench02-2026-10-01,2026-10-01,/tmp/opencode/bench02-build/markov-cero-solve,36284e66e5584958d7cb57eb0fe7e1d080534835c9c01d1adcb5d4aca3336bc1,data/netlib/gfrd-pnc.mps,netlib,LP,tune,0,cold,absent,1,60.0,,,,,,,,,,,,,,,,model_not_in_checkout
bench02-2026-10-01,2026-10-01,/tmp/opencode/bench02-build/markov-cero-solve,36284e66e5584958d7cb57eb0fe7e1d080534835c9c01d1adcb5d4aca3336bc1,data/netlib/capri.mps,netlib,LP,tune,0,cold,ok,1,60.0,400.146,396.331062,Optimal,true,optimality_witness_checked,2690.012913768161,2690.012913768161,0,1,1281,6684,,,pass,8.590906e-13,stderr=markov-cero 0.5.2 Optimal [LP -> primal] VERIFIED
bench02-2026-10-01,2026-10-01,/tmp/opencode/bench02-build/markov-cero-solve,36284e66e5584958d7cb57eb0fe7e1d080534835c9c01d1adcb5d4aca3336bc1,data/netlib/kb2.mps,netlib,LP,tune,0,cold,ok,1,60.0,14.49,11.751976,Optimal,true,optimality_witness_checked,-1749.9001299062056,-1749.9001299062056,0,1,176,5200,,,pass,1.364242e-12,stderr=markov-cero 0.5.2 Optimal [LP -> primal] VERIFIED
bench02-2026-10-01,2026-10-01,/tmp/opencode/bench02-build/markov-cero-solve,36284e66e5584958d7cb57eb0fe7e1d080534835c9c01d1adcb5d4aca3336bc1,data/netlib/maros.mps,netlib,LP,tune,0,cold,absent,1,60.0,,,,,,,,,,,,,,,,model_not_in_checkout
bench02-2026-10-01,2026-10-01,/tmp/opencode/bench02-build/markov-cero-solve,36284e66e5584958d7cb57eb0fe7e1d080534835c9c01d1adcb5d4aca3336bc1,data/netlib/scsd1.mps,netlib,LP,tune,0,cold,ok,1,60.0,30.016,27.771485,NumericalFailure,false,unverified,8.666680097560823,,,0,79,6988,,,pass,4.937994e-11,exit_code=7; stderr=markov-cero 0.5.2 NumericalFailure [LP -> primal] NOT VERIFIED numerical_diagnostic: primal_residual=4.93799445777654e-11 dual_residual=0 complementarity_gap=1.5090295139641614e-05 condition_estimate=
bench02-2026-10-01,2026-10-01,/tmp/opencode/bench02-build/markov-cero-solve,36284e66e5584958d7cb57eb0fe7e1d080534835c9c01d1adcb5d4aca3336bc1,data/netlib/israel.mps,netlib,LP,tune,0,cold,ok,1,60.0,572.523,569.935914,Optimal,true,optimality_witness_checked,-896644.8218630457,-896644.8218630457,0,1,987,6192,,,pass,1.855360e-11,stderr=markov-cero 0.5.2 Optimal [LP -> primal] VERIFIED
bench02-2026-10-01,2026-10-01,/tmp/opencode/bench02-build/markov-cero-solve,36284e66e5584958d7cb57eb0fe7e1d080534835c9c01d1adcb5d4aca3336bc1,data/netlib/ship04s.mps,netlib,LP,tune,0,cold,absent,1,60.0,,,,,,,,,,,,,,,,model_not_in_checkout
bench02-2026-10-01,2026-10-01,/tmp/opencode/bench02-build/markov-cero-solve,36284e66e5584958d7cb57eb0fe7e1d080534835c9c01d1adcb5d4aca3336bc1,data/netlib/ship12s.mps,netlib,LP,tune,0,cold,absent,1,60.0,,,,,,,,,,,,,,,,model_not_in_checkout
bench02-2026-10-01,2026-10-01,/tmp/opencode/bench02-build/markov-cero-solve,36284e66e5584958d7cb57eb0fe7e1d080534835c9c01d1adcb5d4aca3336bc1,data/netlib/standata.mps,netlib,LP,tune,0,cold,absent,1,60.0,,,,,,,,,,,,,,,,model_not_in_checkout
bench02-2026-10-01,2026-10-01,/tmp/opencode/bench02-build/markov-cero-solve,36284e66e5584958d7cb57eb0fe7e1d080534835c9c01d1adcb5d4aca3336bc1,data/netlib/stocfor2.mps,netlib,LP,tune,0,cold,absent,1,60.0,,,,,,,,,,,,,,,,model_not_in_checkout
bench02-2026-10-01,2026-10-01,/tmp/opencode/bench02-build/markov-cero-solve,36284e66e5584958d7cb57eb0fe7e1d080534835c9c01d1adcb5d4aca3336bc1,data/netlib/truss.mps,netlib,LP,tune,0,cold,absent,1,60.0,,,,,,,,,,,,,,,,model_not_in_checkout
bench02-2026-10-01,2026-10-01,/tmp/opencode/bench02-build/markov-cero-solve,36284e66e5584958d7cb57eb0fe7e1d080534835c9c01d1adcb5d4aca3336bc1,data/netlib/sctap1.mps,netlib,LP,tune,0,cold,ok,1,60.0,212.595,208.624119,Optimal,true,optimality_witness_checked,1412.2500000000002,1412.2500000000002,0,1,1409,6644,,,pass,1.421085e-14,stderr=markov-cero 0.5.2 Optimal [LP -> primal] VERIFIED
bench02-2026-10-01,2026-10-01,/tmp/opencode/bench02-build/markov-cero-solve,36284e66e5584958d7cb57eb0fe7e1d080534835c9c01d1adcb5d4aca3336bc1,data/qp/QPLIB_9002.mps,qplib,QP,tune,0,cold,absent,1,60.0,,,,,,,,,,,,,,,,model_not_in_checkout
bench02-2026-10-01,2026-10-01,/tmp/opencode/bench02-build/markov-cero-solve,36284e66e5584958d7cb57eb0fe7e1d080534835c9c01d1adcb5d4aca3336bc1,data/netlib/vtpbase.mps,netlib,LP,tune,0,cold,ok,1,60.0,15.579,13.480789,Optimal,true,optimality_witness_checked,129831.46246136136,129831.46246136136,0,1,185,6136,,,pass,3.161915e-11,stderr=markov-cero 0.5.2 Optimal [LP -> primal] VERIFIED
bench02-2026-10-01,2026-10-01,/tmp/opencode/bench02-build/markov-cero-solve,36284e66e5584958d7cb57eb0fe7e1d080534835c9c01d1adcb5d4aca3336bc1,data/cases/li_crude_blending.mps,cases,MILP,train,0,cold,ok,1,300.0,6.065,3.263674,Optimal,true,optimality_witness_checked,5760,5760,0,1,112,5196,,,pass,0.000000e+00,stderr=markov-cero 0.5.2 Optimal [LP -> primal] VERIFIED
bench02-2026-10-01,2026-10-01,/tmp/opencode/bench02-build/markov-cero-solve,36284e66e5584958d7cb57eb0fe7e1d080534835c9c01d1adcb5d4aca3336bc1,data/cases/neiro_refinery_scheduling.mps,cases,MILP,train,0,cold,ok,1,300.0,116.385,113.469795,Optimal,true,tree_replayed,-275030,-275030,0,3,767,6940,,,pass,0.000000e+00,stderr=markov-cero 0.5.2 Optimal [MILP -> milp] VERIFIED proof: tier=independent_tree status=accepted budget_exhausted=false nodes=17 witness_values=3694 build_ms=74.796239 replay_ms=0.53507899999999997
bench02-2026-10-01,2026-10-01,/tmp/opencode/bench02-build/markov-cero-solve,36284e66e5584958d7cb57eb0fe7e1d080534835c9c01d1adcb5d4aca3336bc1,data/cases/crude_blending_large.mps,cases,MILP,train,0,cold,ok,1,300.0,1301.192,1299.077404,IterationLimit,false,unverified,0,,,1,10000,6892,,,not_checked,no primal vector in result,exit_code=6; stderr=markov-cero 0.5.2 IterationLimit [QP -> qp] NOT VERIFIED
bench02-2026-10-01,2026-10-01,/tmp/opencode/bench02-build/markov-cero-solve,36284e66e5584958d7cb57eb0fe7e1d080534835c9c01d1adcb5d4aca3336bc1,data/cases/process_network_large.mps,cases,MILP,train,0,cold,ok,1,300.0,1460.841,1457.848821,Optimal,true,tree_replayed,6420.866666666667,6420.866666666667,0,1,1511,7304,,,pass,0.000000e+00,stderr=markov-cero 0.5.2 Optimal [MILP -> milp] VERIFIED proof: tier=independent_tree status=accepted budget_exhausted=false nodes=1 witness_values=1792 build_ms=729.28763200000003 replay_ms=0.71662000000000
bench02-2026-10-01,2026-10-01,/tmp/opencode/bench02-build/markov-cero-solve,36284e66e5584958d7cb57eb0fe7e1d080534835c9c01d1adcb5d4aca3336bc1,data/cases/shapiro_network_flow.mps,cases,MILP,train,0,cold,ok,1,300.0,2.879,1.098011,Optimal,true,optimality_witness_checked,1176,1176,0,1,68,5588,,,pass,0.000000e+00,stderr=markov-cero 0.5.2 Optimal [LP -> primal] VERIFIED
bench02-2026-10-01,2026-10-01,/tmp/opencode/bench02-build/markov-cero-solve,36284e66e5584958d7cb57eb0fe7e1d080534835c9c01d1adcb5d4aca3336bc1,data/miplib/sp150x300d.mps,miplib,MILP,tune,0,cold,ok,1,300.0,300006.42,300003.302447,ResourceLimit,false,unverified,0,6.920629714660545,0.9011338612191351,263,350948,21116,69.0,69.0,not_checked,no primal vector in result,exit_code=5; stderr=markov-cero 0.5.2 ResourceLimit [MILP -> milp] NOT VERIFIED proof: tier=unverified status=not_requested budget_exhausted=false nodes=0 witness_values=0 build_ms=0 replay_ms=0
bench02-2026-10-01,2026-10-01,/tmp/opencode/bench02-build/markov-cero-solve,36284e66e5584958d7cb57eb0fe7e1d080534835c9c01d1adcb5d4aca3336bc1,data/miplib/assign1-5-8.mps,miplib,MILP,train,0,cold,absent,1,300.0,,,,,,,,,,,,,,,,model_not_in_checkout
bench02-2026-10-01,2026-10-01,/tmp/opencode/bench02-build/markov-cero-solve,36284e66e5584958d7cb57eb0fe7e1d080534835c9c01d1adcb5d4aca3336bc1,data/miplib/binkar10_1.mps,miplib,MILP,train,0,cold,absent,1,300.0,,,,,,,,,,,,,,,,model_not_in_checkout
bench02-2026-10-01,2026-10-01,/tmp/opencode/bench02-build/markov-cero-solve,36284e66e5584958d7cb57eb0fe7e1d080534835c9c01d1adcb5d4aca3336bc1,data/miplib/blp-ar98.mps,miplib,MILP,train,0,cold,absent,1,300.0,,,,,,,,,,,,,,,,model_not_in_checkout
bench02-2026-10-01,2026-10-01,/tmp/opencode/bench02-build/markov-cero-solve,36284e66e5584958d7cb57eb0fe7e1d080534835c9c01d1adcb5d4aca3336bc1,data/miplib/blp-ic98.mps,miplib,MILP,train,0,cold,absent,1,300.0,,,,,,,,,,,,,,,,model_not_in_checkout
bench02-2026-10-01,2026-10-01,/tmp/opencode/bench02-build/markov-cero-solve,36284e66e5584958d7cb57eb0fe7e1d080534835c9c01d1adcb5d4aca3336bc1,data/miplib/cmflsp50-24-8-8.mps,miplib,MILP,train,0,cold,absent,1,300.0,,,,,,,,,,,,,,,,model_not_in_checkout
bench02-2026-10-01,2026-10-01,/tmp/opencode/bench02-build/markov-cero-solve,36284e66e5584958d7cb57eb0fe7e1d080534835c9c01d1adcb5d4aca3336bc1,data/miplib/cod105.mps,miplib,MILP,train,0,cold,absent,1,300.0,,,,,,,,,,,,,,,,model_not_in_checkout
bench02-2026-10-01,2026-10-01,/tmp/opencode/bench02-build/markov-cero-solve,36284e66e5584958d7cb57eb0fe7e1d080534835c9c01d1adcb5d4aca3336bc1,data/miplib/comp21-2idx.mps,miplib,MILP,train,0,cold,absent,1,300.0,,,,,,,,,,,,,,,,model_not_in_checkout
bench02-2026-10-01,2026-10-01,/tmp/opencode/bench02-build/markov-cero-solve,36284e66e5584958d7cb57eb0fe7e1d080534835c9c01d1adcb5d4aca3336bc1,data/miplib/cost266-UUE.mps,miplib,MILP,train,0,cold,absent,1,300.0,,,,,,,,,,,,,,,,model_not_in_checkout
bench02-2026-10-01,2026-10-01,/tmp/opencode/bench02-build/markov-cero-solve,36284e66e5584958d7cb57eb0fe7e1d080534835c9c01d1adcb5d4aca3336bc1,data/miplib/csched007.mps,miplib,MILP,train,0,cold,absent,1,300.0,,,,,,,,,,,,,,,,model_not_in_checkout
bench02-2026-10-01,2026-10-01,/tmp/opencode/bench02-build/markov-cero-solve,36284e66e5584958d7cb57eb0fe7e1d080534835c9c01d1adcb5d4aca3336bc1,data/miplib/csched008.mps,miplib,MILP,train,0,cold,absent,1,300.0,,,,,,,,,,,,,,,,model_not_in_checkout
bench02-2026-10-01,2026-10-01,/tmp/opencode/bench02-build/markov-cero-solve,36284e66e5584958d7cb57eb0fe7e1d080534835c9c01d1adcb5d4aca3336bc1,data/miplib/dano3_3.mps,miplib,MILP,train,0,cold,absent,1,300.0,,,,,,,,,,,,,,,,model_not_in_checkout
bench02-2026-10-01,2026-10-01,/tmp/opencode/bench02-build/markov-cero-solve,36284e66e5584958d7cb57eb0fe7e1d080534835c9c01d1adcb5d4aca3336bc1,data/miplib/decomp2.mps,miplib,MILP,train,0,cold,absent,1,300.0,,,,,,,,,,,,,,,,model_not_in_checkout
bench02-2026-10-01,2026-10-01,/tmp/opencode/bench02-build/markov-cero-solve,36284e66e5584958d7cb57eb0fe7e1d080534835c9c01d1adcb5d4aca3336bc1,data/miplib/drayage-100-23.mps,miplib,MILP,train,0,cold,absent,1,300.0,,,,,,,,,,,,,,,,model_not_in_checkout
bench02-2026-10-01,2026-10-01,/tmp/opencode/bench02-build/markov-cero-solve,36284e66e5584958d7cb57eb0fe7e1d080534835c9c01d1adcb5d4aca3336bc1,data/miplib/drayage-25-23.mps,miplib,MILP,train,0,cold,absent,1,300.0,,,,,,,,,,,,,,,,model_not_in_checkout
bench02-2026-10-01,2026-10-01,/tmp/opencode/bench02-build/markov-cero-solve,36284e66e5584958d7cb57eb0fe7e1d080534835c9c01d1adcb5d4aca3336bc1,data/miplib/dws008-01.mps,miplib,MILP,train,0,cold,absent,1,300.0,,,,,,,,,,,,,,,,model_not_in_checkout
bench02-2026-10-01,2026-10-01,/tmp/opencode/bench02-build/markov-cero-solve,36284e66e5584958d7cb57eb0fe7e1d080534835c9c01d1adcb5d4aca3336bc1,data/miplib/eil33-2.mps,miplib,MILP,train,0,cold,absent,1,300.0,,,,,,,,,,,,,,,,model_not_in_checkout
bench02-2026-10-01,2026-10-01,/tmp/opencode/bench02-build/markov-cero-solve,36284e66e5584958d7cb57eb0fe7e1d080534835c9c01d1adcb5d4aca3336bc1,data/miplib/exp-1-500-5-5.mps,miplib,MILP,train,0,cold,absent,1,300.0,,,,,,,,,,,,,,,,model_not_in_checkout
bench02-2026-10-01,2026-10-01,/tmp/opencode/bench02-build/markov-cero-solve,36284e66e5584958d7cb57eb0fe7e1d080534835c9c01d1adcb5d4aca3336bc1,data/miplib/fhnw-binpack4-48.mps,miplib,MILP,train,0,cold,absent,1,300.0,,,,,,,,,,,,,,,,model_not_in_checkout
bench02-2026-10-01,2026-10-01,/tmp/opencode/bench02-build/markov-cero-solve,36284e66e5584958d7cb57eb0fe7e1d080534835c9c01d1adcb5d4aca3336bc1,data/miplib/flugpl.mps,miplib,MILP,train,0,cold,ok,1,300.0,10504.373,10423.816199,Feasible,false,original_primal_checked,1201500,1201500,0,6703,287990,45868,1201500.0,0.0,pass,0.000000e+00,stderr=markov-cero 0.5.2 Feasible [MILP -> milp] NOT VERIFIED proof: tier=unverified status=exhausted budget_exhausted=true nodes=9411 witness_values=460137 build_ms=5000.0084809999998 replay_ms=0.0397069999
bench02-2026-10-01,2026-10-01,/tmp/opencode/bench02-build/markov-cero-solve,36284e66e5584958d7cb57eb0fe7e1d080534835c9c01d1adcb5d4aca3336bc1,data/cases/supply_chain_large.mps,cases,MILP,train,0,cold,ok,1,300.0,11949.597,11945.913598,Feasible,false,original_primal_checked,926342.1266,926342.1266,0,11,25731,10572,,,pass,9.094947e-13,stderr=markov-cero 0.5.2 Feasible [MILP -> milp] NOT VERIFIED proof: tier=unverified status=exhausted budget_exhausted=true nodes=11 witness_values=11697 build_ms=5000.9263110000002 replay_ms=0.1699170000000
bench02-2026-10-01,2026-10-01,/tmp/opencode/bench02-build/markov-cero-solve,36284e66e5584958d7cb57eb0fe7e1d080534835c9c01d1adcb5d4aca3336bc1,data/mittelmann/neos5.mps,mittelmann,MILP,tune,0,cold,ok,1,300.0,300005.062,300001.824468,ResourceLimit,false,unverified,0,13.88888888888889,0.14529914529914528,5395,4238624,12372,,,not_checked,no primal vector in result,exit_code=5; stderr=markov-cero 0.5.2 ResourceLimit [MILP -> milp] NOT VERIFIED proof: tier=unverified status=not_requested budget_exhausted=false nodes=0 witness_values=0 build_ms=0 replay_ms=0
bench02-2026-10-01,2026-10-01,/tmp/opencode/bench02-build/markov-cero-solve,36284e66e5584958d7cb57eb0fe7e1d080534835c9c01d1adcb5d4aca3336bc1,data/miplib/germanrr.mps,miplib,MILP,train,0,cold,absent,1,300.0,,,,,,,,,,,,,,,,model_not_in_checkout
bench02-2026-10-01,2026-10-01,/tmp/opencode/bench02-build/markov-cero-solve,36284e66e5584958d7cb57eb0fe7e1d080534835c9c01d1adcb5d4aca3336bc1,data/miplib/glass-sc.mps,miplib,MILP,train,0,cold,absent,1,300.0,,,,,,,,,,,,,,,,model_not_in_checkout
bench02-2026-10-01,2026-10-01,/tmp/opencode/bench02-build/markov-cero-solve,36284e66e5584958d7cb57eb0fe7e1d080534835c9c01d1adcb5d4aca3336bc1,data/miplib/gmu-35-40.mps,miplib,MILP,train,0,cold,absent,1,300.0,,,,,,,,,,,,,,,,model_not_in_checkout
bench02-2026-10-01,2026-10-01,/tmp/opencode/bench02-build/markov-cero-solve,36284e66e5584958d7cb57eb0fe7e1d080534835c9c01d1adcb5d4aca3336bc1,data/miplib/h80x6320d.mps,miplib,MILP,train,0,cold,absent,1,300.0,,,,,,,,,,,,,,,,model_not_in_checkout
bench02-2026-10-01,2026-10-01,/tmp/opencode/bench02-build/markov-cero-solve,36284e66e5584958d7cb57eb0fe7e1d080534835c9c01d1adcb5d4aca3336bc1,data/miplib/hypothyroid-k1.mps,miplib,MILP,train,0,cold,absent,1,300.0,,,,,,,,,,,,,,,,model_not_in_checkout
bench02-2026-10-01,2026-10-01,/tmp/opencode/bench02-build/markov-cero-solve,36284e66e5584958d7cb57eb0fe7e1d080534835c9c01d1adcb5d4aca3336bc1,data/miplib/ic97_potential.mps,miplib,MILP,train,0,cold,absent,1,300.0,,,,,,,,,,,,,,,,model_not_in_checkout
bench02-2026-10-01,2026-10-01,/tmp/opencode/bench02-build/markov-cero-solve,36284e66e5584958d7cb57eb0fe7e1d080534835c9c01d1adcb5d4aca3336bc1,data/miplib/icir97_tension.mps,miplib,MILP,train,0,cold,absent,1,300.0,,,,,,,,,,,,,,,,model_not_in_checkout
bench02-2026-10-01,2026-10-01,/tmp/opencode/bench02-build/markov-cero-solve,36284e66e5584958d7cb57eb0fe7e1d080534835c9c01d1adcb5d4aca3336bc1,data/miplib/irp.mps,miplib,MILP,train,0,cold,absent,1,300.0,,,,,,,,,,,,,,,,model_not_in_checkout
bench02-2026-10-01,2026-10-01,/tmp/opencode/bench02-build/markov-cero-solve,36284e66e5584958d7cb57eb0fe7e1d080534835c9c01d1adcb5d4aca3336bc1,data/miplib/leo1.mps,miplib,MILP,train,0,cold,absent,1,300.0,,,,,,,,,,,,,,,,model_not_in_checkout
bench02-2026-10-01,2026-10-01,/tmp/opencode/bench02-build/markov-cero-solve,36284e66e5584958d7cb57eb0fe7e1d080534835c9c01d1adcb5d4aca3336bc1,data/miplib/leo2.mps,miplib,MILP,train,0,cold,absent,1,300.0,,,,,,,,,,,,,,,,model_not_in_checkout
bench02-2026-10-01,2026-10-01,/tmp/opencode/bench02-build/markov-cero-solve,36284e66e5584958d7cb57eb0fe7e1d080534835c9c01d1adcb5d4aca3336bc1,data/miplib/mad.mps,miplib,MILP,train,0,cold,absent,1,300.0,,,,,,,,,,,,,,,,model_not_in_checkout
bench02-2026-10-01,2026-10-01,/tmp/opencode/bench02-build/markov-cero-solve,36284e66e5584958d7cb57eb0fe7e1d080534835c9c01d1adcb5d4aca3336bc1,data/cases/production_planning_large.mps,cases,MILP,train,0,cold,ok,1,300.0,300003.624,300000.99204,ResourceLimit,false,unverified,0,91634.53757827856,0.02192247807887532,937,1854211,10184,,,not_checked,no primal vector in result,exit_code=5; stderr=markov-cero 0.5.2 ResourceLimit [MILP -> milp] NOT VERIFIED proof: tier=unverified status=not_requested budget_exhausted=false nodes=0 witness_values=0 build_ms=0 replay_ms=0
bench02-2026-10-01,2026-10-01,/tmp/opencode/bench02-build/markov-cero-solve,36284e66e5584958d7cb57eb0fe7e1d080534835c9c01d1adcb5d4aca3336bc1,data/miplib/gen-ip002.mps,miplib,MILP,train,0,cold,ok,1,300.0,300077.117,300071.285118,ResourceLimit,false,unverified,0,-4811.979582482704,0.010877776477727162,34647,2785655,46560,-4783.733392,4783.733392,not_checked,no primal vector in result,exit_code=5; stderr=markov-cero 0.5.2 ResourceLimit [MILP -> milp] NOT VERIFIED proof: tier=unverified status=not_requested budget_exhausted=false nodes=0 witness_values=0 build_ms=0 replay_ms=0
bench02-2026-10-01,2026-10-01,/tmp/opencode/bench02-build/markov-cero-solve,36284e66e5584958d7cb57eb0fe7e1d080534835c9c01d1adcb5d4aca3336bc1,data/miplib/mc11.mps,miplib,MILP,train,0,cold,absent,1,300.0,,,,,,,,,,,,,,,,model_not_in_checkout
bench02-2026-10-01,2026-10-01,/tmp/opencode/bench02-build/markov-cero-solve,36284e66e5584958d7cb57eb0fe7e1d080534835c9c01d1adcb5d4aca3336bc1,data/miplib/milo-v12-6-r2-40-1.mps,miplib,MILP,train,0,cold,absent,1,300.0,,,,,,,,,,,,,,,,model_not_in_checkout
bench02-2026-10-01,2026-10-01,/tmp/opencode/bench02-build/markov-cero-solve,36284e66e5584958d7cb57eb0fe7e1d080534835c9c01d1adcb5d4aca3336bc1,data/miplib/mushroom-best.mps,miplib,MILP,train,0,cold,absent,1,300.0,,,,,,,,,,,,,,,,model_not_in_checkout
bench02-2026-10-01,2026-10-01,/tmp/opencode/bench02-build/markov-cero-solve,36284e66e5584958d7cb57eb0fe7e1d080534835c9c01d1adcb5d4aca3336bc1,data/miplib/mzzv11.mps,miplib,MILP,train,0,cold,absent,1,300.0,,,,,,,,,,,,,,,,model_not_in_checkout
bench02-2026-10-01,2026-10-01,/tmp/opencode/bench02-build/markov-cero-solve,36284e66e5584958d7cb57eb0fe7e1d080534835c9c01d1adcb5d4aca3336bc1,data/miplib/mzzv42z.mps,miplib,MILP,train,0,cold,absent,1,300.0,,,,,,,,,,,,,,,,model_not_in_checkout
bench02-2026-10-01,2026-10-01,/tmp/opencode/bench02-build/markov-cero-solve,36284e66e5584958d7cb57eb0fe7e1d080534835c9c01d1adcb5d4aca3336bc1,data/miplib/n2seq36q.mps,miplib,MILP,train,0,cold,absent,1,300.0,,,,,,,,,,,,,,,,model_not_in_checkout
bench02-2026-10-01,2026-10-01,/tmp/opencode/bench02-build/markov-cero-solve,36284e66e5584958d7cb57eb0fe7e1d080534835c9c01d1adcb5d4aca3336bc1,data/miplib/n5-3.mps,miplib,MILP,train,0,cold,absent,1,300.0,,,,,,,,,,,,,,,,model_not_in_checkout
bench02-2026-10-01,2026-10-01,/tmp/opencode/bench02-build/markov-cero-solve,36284e66e5584958d7cb57eb0fe7e1d080534835c9c01d1adcb5d4aca3336bc1,data/miplib/neos-1171737.mps,miplib,MILP,train,0,cold,absent,1,300.0,,,,,,,,,,,,,,,,model_not_in_checkout
bench02-2026-10-01,2026-10-01,/tmp/opencode/bench02-build/markov-cero-solve,36284e66e5584958d7cb57eb0fe7e1d080534835c9c01d1adcb5d4aca3336bc1,data/miplib/neos-1456979.mps,miplib,MILP,train,0,cold,absent,1,300.0,,,,,,,,,,,,,,,,model_not_in_checkout
bench02-2026-10-01,2026-10-01,/tmp/opencode/bench02-build/markov-cero-solve,36284e66e5584958d7cb57eb0fe7e1d080534835c9c01d1adcb5d4aca3336bc1,data/miplib/neos-1582420.mps,miplib,MILP,train,0,cold,absent,1,300.0,,,,,,,,,,,,,,,,model_not_in_checkout
bench02-2026-10-01,2026-10-01,/tmp/opencode/bench02-build/markov-cero-solve,36284e66e5584958d7cb57eb0fe7e1d080534835c9c01d1adcb5d4aca3336bc1,data/miplib/gen-ip054.mps,miplib,MILP,train,0,cold,ok,1,300.0,300033.217,300026.166735,ResourceLimit,false,unverified,0,6787.612745861673,0.015810618424842778,18962,3760588,38600,6840.96564179,6840.96564179,not_checked,no primal vector in result,exit_code=5; stderr=markov-cero 0.5.2 ResourceLimit [MILP -> milp] NOT VERIFIED proof: tier=unverified status=not_requested budget_exhausted=false nodes=0 witness_values=0 build_ms=0 replay_ms=0
bench02-2026-10-01,2026-10-01,/tmp/opencode/bench02-build/markov-cero-solve,36284e66e5584958d7cb57eb0fe7e1d080534835c9c01d1adcb5d4aca3336bc1,data/miplib/neos-2978193-inde.mps,miplib,MILP,train,0,cold,absent,1,300.0,,,,,,,,,,,,,,,,model_not_in_checkout
bench02-2026-10-01,2026-10-01,/tmp/opencode/bench02-build/markov-cero-solve,36284e66e5584958d7cb57eb0fe7e1d080534835c9c01d1adcb5d4aca3336bc1,data/miplib/neos-3004026-krka.mps,miplib,MILP,train,0,cold,absent,1,300.0,,,,,,,,,,,,,,,,model_not_in_checkout
bench02-2026-10-01,2026-10-01,/tmp/opencode/bench02-build/markov-cero-solve,36284e66e5584958d7cb57eb0fe7e1d080534835c9c01d1adcb5d4aca3336bc1,data/miplib/neos-3024952-loue.mps,miplib,MILP,train,0,cold,absent,1,300.0,,,,,,,,,,,,,,,,model_not_in_checkout
bench02-2026-10-01,2026-10-01,/tmp/opencode/bench02-build/markov-cero-solve,36284e66e5584958d7cb57eb0fe7e1d080534835c9c01d1adcb5d4aca3336bc1,data/miplib/markshare_4_0.mps,miplib,MILP,train,0,cold,ok,1,300.0,300112.262,300095.447981,ResourceLimit,false,unverified,0,0,1,28172,4526808,261124,1.0,1.0,not_checked,no primal vector in result,exit_code=5; stderr=markov-cero 0.5.2 ResourceLimit [MILP -> milp] NOT VERIFIED proof: tier=unverified status=not_requested budget_exhausted=false nodes=0 witness_values=0 build_ms=0 replay_ms=0
bench02-2026-10-01,2026-10-01,/tmp/opencode/bench02-build/markov-cero-solve,36284e66e5584958d7cb57eb0fe7e1d080534835c9c01d1adcb5d4aca3336bc1,data/miplib/neos-3083819-nubu.mps,miplib,MILP,train,0,cold,absent,1,300.0,,,,,,,,,,,,,,,,model_not_in_checkout
bench02-2026-10-01,2026-10-01,/tmp/opencode/bench02-build/markov-cero-solve,36284e66e5584958d7cb57eb0fe7e1d080534835c9c01d1adcb5d4aca3336bc1,data/miplib/neos-3216931-puriri.mps,miplib,MILP,train,0,cold,absent,1,300.0,,,,,,,,,,,,,,,,model_not_in_checkout
bench02-2026-10-01,2026-10-01,/tmp/opencode/bench02-build/markov-cero-solve,36284e66e5584958d7cb57eb0fe7e1d080534835c9c01d1adcb5d4aca3336bc1,data/miplib/neos-3627168-kasai.mps,miplib,MILP,train,0,cold,absent,1,300.0,,,,,,,,,,,,,,,,model_not_in_checkout
bench02-2026-10-01,2026-10-01,/tmp/opencode/bench02-build/markov-cero-solve,36284e66e5584958d7cb57eb0fe7e1d080534835c9c01d1adcb5d4aca3336bc1,data/miplib/neos-4338804-snowy.mps,miplib,MILP,train,0,cold,absent,1,300.0,,,,,,,,,,,,,,,,model_not_in_checkout
bench02-2026-10-01,2026-10-01,/tmp/opencode/bench02-build/markov-cero-solve,36284e66e5584958d7cb57eb0fe7e1d080534835c9c01d1adcb5d4aca3336bc1,data/miplib/neos-4387871-tavua.mps,miplib,MILP,train,0,cold,absent,1,300.0,,,,,,,,,,,,,,,,model_not_in_checkout
bench02-2026-10-01,2026-10-01,/tmp/opencode/bench02-build/markov-cero-solve,36284e66e5584958d7cb57eb0fe7e1d080534835c9c01d1adcb5d4aca3336bc1,data/miplib/neos-4738912-atrato.mps,miplib,MILP,train,0,cold,absent,1,300.0,,,,,,,,,,,,,,,,model_not_in_checkout
bench02-2026-10-01,2026-10-01,/tmp/opencode/bench02-build/markov-cero-solve,36284e66e5584958d7cb57eb0fe7e1d080534835c9c01d1adcb5d4aca3336bc1,data/miplib/neos-662469.mps,miplib,MILP,train,0,cold,absent,1,300.0,,,,,,,,,,,,,,,,model_not_in_checkout
bench02-2026-10-01,2026-10-01,/tmp/opencode/bench02-build/markov-cero-solve,36284e66e5584958d7cb57eb0fe7e1d080534835c9c01d1adcb5d4aca3336bc1,data/miplib/neos-860300.mps,miplib,MILP,train,0,cold,absent,1,300.0,,,,,,,,,,,,,,,,model_not_in_checkout
bench02-2026-10-01,2026-10-01,/tmp/opencode/bench02-build/markov-cero-solve,36284e66e5584958d7cb57eb0fe7e1d080534835c9c01d1adcb5d4aca3336bc1,data/miplib/neos-911970.mps,miplib,MILP,train,0,cold,absent,1,300.0,,,,,,,,,,,,,,,,model_not_in_checkout
bench02-2026-10-01,2026-10-01,/tmp/opencode/bench02-build/markov-cero-solve,36284e66e5584958d7cb57eb0fe7e1d080534835c9c01d1adcb5d4aca3336bc1,data/miplib/net12.mps,miplib,MILP,train,0,cold,absent,1,300.0,,,,,,,,,,,,,,,,model_not_in_checkout
bench02-2026-10-01,2026-10-01,/tmp/opencode/bench02-build/markov-cero-solve,36284e66e5584958d7cb57eb0fe7e1d080534835c9c01d1adcb5d4aca3336bc1,data/miplib/nexp-150-20-8-5.mps,miplib,MILP,train,0,cold,absent,1,300.0,,,,,,,,,,,,,,,,model_not_in_checkout
bench02-2026-10-01,2026-10-01,/tmp/opencode/bench02-build/markov-cero-solve,36284e66e5584958d7cb57eb0fe7e1d080534835c9c01d1adcb5d4aca3336bc1,data/miplib/ns1208400.mps,miplib,MILP,train,0,cold,absent,1,300.0,,,,,,,,,,,,,,,,model_not_in_checkout
bench02-2026-10-01,2026-10-01,/tmp/opencode/bench02-build/markov-cero-solve,36284e66e5584958d7cb57eb0fe7e1d080534835c9c01d1adcb5d4aca3336bc1,data/miplib/ns1830653.mps,miplib,MILP,train,0,cold,absent,1,300.0,,,,,,,,,,,,,,,,model_not_in_checkout
bench02-2026-10-01,2026-10-01,/tmp/opencode/bench02-build/markov-cero-solve,36284e66e5584958d7cb57eb0fe7e1d080534835c9c01d1adcb5d4aca3336bc1,data/miplib/ns1952667.mps,miplib,MILP,train,0,cold,absent,1,300.0,,,,,,,,,,,,,,,,model_not_in_checkout
bench02-2026-10-01,2026-10-01,/tmp/opencode/bench02-build/markov-cero-solve,36284e66e5584958d7cb57eb0fe7e1d080534835c9c01d1adcb5d4aca3336bc1,data/miplib/nu25-pr12.mps,miplib,MILP,train,0,cold,absent,1,300.0,,,,,,,,,,,,,,,,model_not_in_checkout
bench02-2026-10-01,2026-10-01,/tmp/opencode/bench02-build/markov-cero-solve,36284e66e5584958d7cb57eb0fe7e1d080534835c9c01d1adcb5d4aca3336bc1,data/miplib/p200x1188c.mps,miplib,MILP,train,0,cold,absent,1,300.0,,,,,,,,,,,,,,,,model_not_in_checkout
bench02-2026-10-01,2026-10-01,/tmp/opencode/bench02-build/markov-cero-solve,36284e66e5584958d7cb57eb0fe7e1d080534835c9c01d1adcb5d4aca3336bc1,data/miplib/peg-solitaire-a3.mps,miplib,MILP,train,0,cold,absent,1,300.0,,,,,,,,,,,,,,,,model_not_in_checkout
bench02-2026-10-01,2026-10-01,/tmp/opencode/bench02-build/markov-cero-solve,36284e66e5584958d7cb57eb0fe7e1d080534835c9c01d1adcb5d4aca3336bc1,data/miplib/pg.mps,miplib,MILP,train,0,cold,absent,1,300.0,,,,,,,,,,,,,,,,model_not_in_checkout
bench02-2026-10-01,2026-10-01,/tmp/opencode/bench02-build/markov-cero-solve,36284e66e5584958d7cb57eb0fe7e1d080534835c9c01d1adcb5d4aca3336bc1,data/miplib/pg5_34.mps,miplib,MILP,train,0,cold,absent,1,300.0,,,,,,,,,,,,,,,,model_not_in_checkout
bench02-2026-10-01,2026-10-01,/tmp/opencode/bench02-build/markov-cero-solve,36284e66e5584958d7cb57eb0fe7e1d080534835c9c01d1adcb5d4aca3336bc1,data/miplib/piperout-08.mps,miplib,MILP,train,0,cold,absent,1,300.0,,,,,,,,,,,,,,,,model_not_in_checkout
bench02-2026-10-01,2026-10-01,/tmp/opencode/bench02-build/markov-cero-solve,36284e66e5584958d7cb57eb0fe7e1d080534835c9c01d1adcb5d4aca3336bc1,data/miplib/qap10.mps,miplib,MILP,train,0,cold,absent,1,300.0,,,,,,,,,,,,,,,,model_not_in_checkout
bench02-2026-10-01,2026-10-01,/tmp/opencode/bench02-build/markov-cero-solve,36284e66e5584958d7cb57eb0fe7e1d080534835c9c01d1adcb5d4aca3336bc1,data/miplib/ran14x18-disj-8.mps,miplib,MILP,train,0,cold,absent,1,300.0,,,,,,,,,,,,,,,,model_not_in_checkout
bench02-2026-10-01,2026-10-01,/tmp/opencode/bench02-build/markov-cero-solve,36284e66e5584958d7cb57eb0fe7e1d080534835c9c01d1adcb5d4aca3336bc1,data/miplib/reblock115.mps,miplib,MILP,train,0,cold,absent,1,300.0,,,,,,,,,,,,,,,,model_not_in_checkout
bench02-2026-10-01,2026-10-01,/tmp/opencode/bench02-build/markov-cero-solve,36284e66e5584958d7cb57eb0fe7e1d080534835c9c01d1adcb5d4aca3336bc1,data/miplib/rmatr100-p10.mps,miplib,MILP,train,0,cold,absent,1,300.0,,,,,,,,,,,,,,,,model_not_in_checkout
bench02-2026-10-01,2026-10-01,/tmp/opencode/bench02-build/markov-cero-solve,36284e66e5584958d7cb57eb0fe7e1d080534835c9c01d1adcb5d4aca3336bc1,data/miplib/rocI-4-11.mps,miplib,MILP,train,0,cold,absent,1,300.0,,,,,,,,,,,,,,,,model_not_in_checkout
bench02-2026-10-01,2026-10-01,/tmp/opencode/bench02-build/markov-cero-solve,36284e66e5584958d7cb57eb0fe7e1d080534835c9c01d1adcb5d4aca3336bc1,data/miplib/rococoB10-011000.mps,miplib,MILP,train,0,cold,absent,1,300.0,,,,,,,,,,,,,,,,model_not_in_checkout
bench02-2026-10-01,2026-10-01,/tmp/opencode/bench02-build/markov-cero-solve,36284e66e5584958d7cb57eb0fe7e1d080534835c9c01d1adcb5d4aca3336bc1,data/miplib/sct2.mps,miplib,MILP,train,0,cold,absent,1,300.0,,,,,,,,,,,,,,,,model_not_in_checkout
bench02-2026-10-01,2026-10-01,/tmp/opencode/bench02-build/markov-cero-solve,36284e66e5584958d7cb57eb0fe7e1d080534835c9c01d1adcb5d4aca3336bc1,data/miplib/seymour.mps,miplib,MILP,train,0,cold,absent,1,300.0,,,,,,,,,,,,,,,,model_not_in_checkout
bench02-2026-10-01,2026-10-01,/tmp/opencode/bench02-build/markov-cero-solve,36284e66e5584958d7cb57eb0fe7e1d080534835c9c01d1adcb5d4aca3336bc1,data/miplib/seymour1.mps,miplib,MILP,train,0,cold,absent,1,300.0,,,,,,,,,,,,,,,,model_not_in_checkout
bench02-2026-10-01,2026-10-01,/tmp/opencode/bench02-build/markov-cero-solve,36284e66e5584958d7cb57eb0fe7e1d080534835c9c01d1adcb5d4aca3336bc1,data/miplib/sp98ar.mps,miplib,MILP,train,0,cold,absent,1,300.0,,,,,,,,,,,,,,,,model_not_in_checkout
bench02-2026-10-01,2026-10-01,/tmp/opencode/bench02-build/markov-cero-solve,36284e66e5584958d7cb57eb0fe7e1d080534835c9c01d1adcb5d4aca3336bc1,data/miplib/stein15.mps,miplib,MILP,train,0,cold,ok,1,300.0,1950.653,1944.254894,Optimal,true,tree_replayed,9,9,0,169,34320,8236,9.0,0.0,pass,0.000000e+00,stderr=markov-cero 0.5.2 Optimal [MILP -> milp] VERIFIED proof: tier=independent_tree status=accepted budget_exhausted=false nodes=241 witness_values=23709 build_ms=287.98228799999998 replay_ms=1.83609399999
bench02-2026-10-01,2026-10-01,/tmp/opencode/bench02-build/markov-cero-solve,36284e66e5584958d7cb57eb0fe7e1d080534835c9c01d1adcb5d4aca3336bc1,data/miplib/stein9.mps,miplib,MILP,train,0,cold,ok,1,300.0,39.377,36.694367,Optimal,true,tree_replayed,5,5,0,13,976,6480,5.0,0.0,pass,0.000000e+00,stderr=markov-cero 0.5.2 Optimal [MILP -> milp] VERIFIED proof: tier=independent_tree status=accepted budget_exhausted=false nodes=33 witness_values=1413 build_ms=10.89189 replay_ms=0.174234
bench02-2026-10-01,2026-10-01,/tmp/opencode/bench02-build/markov-cero-solve,36284e66e5584958d7cb57eb0fe7e1d080534835c9c01d1adcb5d4aca3336bc1,data/miplib/supportcase26.mps,miplib,MILP,train,0,cold,absent,1,300.0,,,,,,,,,,,,,,,,model_not_in_checkout
bench02-2026-10-01,2026-10-01,/tmp/opencode/bench02-build/markov-cero-solve,36284e66e5584958d7cb57eb0fe7e1d080534835c9c01d1adcb5d4aca3336bc1,data/miplib/mas74.mps,miplib,MILP,train,0,cold,ok,1,300.0,300004.776,300002.087121,ResourceLimit,false,unverified,0,10894.695297506305,0.9999999891053047,5480,4151345,13496,11801.18572,11801.18572,not_checked,no primal vector in result,exit_code=5; stderr=markov-cero 0.5.2 ResourceLimit [MILP -> milp] NOT VERIFIED proof: tier=unverified status=not_requested budget_exhausted=false nodes=0 witness_values=0 build_ms=0 replay_ms=0
bench02-2026-10-01,2026-10-01,/tmp/opencode/bench02-build/markov-cero-solve,36284e66e5584958d7cb57eb0fe7e1d080534835c9c01d1adcb5d4aca3336bc1,data/miplib/tr12-30.mps,miplib,MILP,train,0,cold,absent,1,300.0,,,,,,,,,,,,,,,,model_not_in_checkout
bench02-2026-10-01,2026-10-01,/tmp/opencode/bench02-build/markov-cero-solve,36284e66e5584958d7cb57eb0fe7e1d080534835c9c01d1adcb5d4aca3336bc1,data/miplib/traininstance6.mps,miplib,MILP,train,0,cold,absent,1,300.0,,,,,,,,,,,,,,,,model_not_in_checkout
bench02-2026-10-01,2026-10-01,/tmp/opencode/bench02-build/markov-cero-solve,36284e66e5584958d7cb57eb0fe7e1d080534835c9c01d1adcb5d4aca3336bc1,data/miplib/trento1.mps,miplib,MILP,train,0,cold,absent,1,300.0,,,,,,,,,,,,,,,,model_not_in_checkout
bench02-2026-10-01,2026-10-01,/tmp/opencode/bench02-build/markov-cero-solve,36284e66e5584958d7cb57eb0fe7e1d080534835c9c01d1adcb5d4aca3336bc1,data/miplib/wachplan.mps,miplib,MILP,train,0,cold,absent,1,300.0,,,,,,,,,,,,,,,,model_not_in_checkout
bench02-2026-10-01,2026-10-01,/tmp/opencode/bench02-build/markov-cero-solve,36284e66e5584958d7cb57eb0fe7e1d080534835c9c01d1adcb5d4aca3336bc1,data/mittelmann/30n20b8.mps,mittelmann,MILP,train,0,cold,absent,1,300.0,,,,,,,,,,,,,,,,model_not_in_checkout
bench02-2026-10-01,2026-10-01,/tmp/opencode/bench02-build/markov-cero-solve,36284e66e5584958d7cb57eb0fe7e1d080534835c9c01d1adcb5d4aca3336bc1,data/mittelmann/bienst2.mps,mittelmann,MILP,train,0,cold,absent,1,300.0,,,,,,,,,,,,,,,,model_not_in_checkout
bench02-2026-10-01,2026-10-01,/tmp/opencode/bench02-build/markov-cero-solve,36284e66e5584958d7cb57eb0fe7e1d080534835c9c01d1adcb5d4aca3336bc1,data/mittelmann/fome12.mps,mittelmann,MILP,train,0,cold,absent,1,300.0,,,,,,,,,,,,,,,,model_not_in_checkout
bench02-2026-10-01,2026-10-01,/tmp/opencode/bench02-build/markov-cero-solve,36284e66e5584958d7cb57eb0fe7e1d080534835c9c01d1adcb5d4aca3336bc1,data/mittelmann/fome13.mps,mittelmann,MILP,train,0,cold,absent,1,300.0,,,,,,,,,,,,,,,,model_not_in_checkout
bench02-2026-10-01,2026-10-01,/tmp/opencode/bench02-build/markov-cero-solve,36284e66e5584958d7cb57eb0fe7e1d080534835c9c01d1adcb5d4aca3336bc1,data/miplib/neos-2657525-crna.mps,miplib,MILP,train,0,cold,ok,1,300.0,300005.334,300002.896706,ResourceLimit,false,unverified,0,0,,249,308172,15784,1.810748,1.810748,not_checked,no primal vector in result,exit_code=5; stderr=markov-cero 0.5.2 ResourceLimit [MILP -> milp] NOT VERIFIED proof: tier=unverified status=not_requested budget_exhausted=false nodes=0 witness_values=0 build_ms=0 replay_ms=0
bench02-2026-10-01,2026-10-01,/tmp/opencode/bench02-build/markov-cero-solve,36284e66e5584958d7cb57eb0fe7e1d080534835c9c01d1adcb5d4aca3336bc1,data/mittelmann/mkc1.mps,mittelmann,MILP,train,0,cold,absent,1,300.0,,,,,,,,,,,,,,,,model_not_in_checkout
bench02-2026-10-01,2026-10-01,/tmp/opencode/bench02-build/markov-cero-solve,36284e66e5584958d7cb57eb0fe7e1d080534835c9c01d1adcb5d4aca3336bc1,data/mittelmann/pds-20.mps,mittelmann,MILP,train,0,cold,absent,1,300.0,,,,,,,,,,,,,,,,model_not_in_checkout
bench02-2026-10-01,2026-10-01,/tmp/opencode/bench02-build/markov-cero-solve,36284e66e5584958d7cb57eb0fe7e1d080534835c9c01d1adcb5d4aca3336bc1,data/mittelmann/qap15.mps,mittelmann,MILP,train,0,cold,absent,1,300.0,,,,,,,,,,,,,,,,model_not_in_checkout
bench02-2026-10-01,2026-10-01,/tmp/opencode/bench02-build/markov-cero-solve,36284e66e5584958d7cb57eb0fe7e1d080534835c9c01d1adcb5d4aca3336bc1,data/mittelmann/rail507.mps,mittelmann,MILP,train,0,cold,absent,1,300.0,,,,,,,,,,,,,,,,model_not_in_checkout
bench02-2026-10-01,2026-10-01,/tmp/opencode/bench02-build/markov-cero-solve,36284e66e5584958d7cb57eb0fe7e1d080534835c9c01d1adcb5d4aca3336bc1,data/miplib/neos-3046615-murg.mps,miplib,MILP,train,0,cold,ok,1,300.0,300597.887,300594.879389,ResourceLimit,false,unverified,0,216,,193,178925,12452,1600.0,1600.0,not_checked,no primal vector in result,exit_code=5; stderr=markov-cero 0.5.2 ResourceLimit [MILP -> milp] NOT VERIFIED proof: tier=unverified status=not_requested budget_exhausted=false nodes=0 witness_values=0 build_ms=0 replay_ms=0
bench02-2026-10-01,2026-10-01,/tmp/opencode/bench02-build/markov-cero-solve,36284e66e5584958d7cb57eb0fe7e1d080534835c9c01d1adcb5d4aca3336bc1,data/netlib/25fv47.mps,netlib,LP,train,0,cold,absent,1,60.0,,,,,,,,,,,,,,,,model_not_in_checkout
bench02-2026-10-01,2026-10-01,/tmp/opencode/bench02-build/markov-cero-solve,36284e66e5584958d7cb57eb0fe7e1d080534835c9c01d1adcb5d4aca3336bc1,data/netlib/adlittle.mps,netlib,LP,train,0,cold,ok,1,60.0,21.386,19.302805,Optimal,true,optimality_witness_checked,225494.9631623804,225494.9631623804,0,1,625,5276,225494.96316238,3.7834979593753815e-10,pass,9.094947e-13,stderr=markov-cero 0.5.2 Optimal [LP -> primal] VERIFIED
bench02-2026-10-01,2026-10-01,/tmp/opencode/bench02-build/markov-cero-solve,36284e66e5584958d7cb57eb0fe7e1d080534835c9c01d1adcb5d4aca3336bc1,data/netlib/afiro.mps,netlib,LP,train,0,cold,ok,1,60.0,3.464,1.325341,Optimal,true,optimality_witness_checked,-464.75314285714285,-464.75314285714285,0,1,55,5624,-464.753142857143,1.7053025658242404e-13,pass,4.263256e-14,stderr=markov-cero 0.5.2 Optimal [LP -> primal] VERIFIED
bench02-2026-10-01,2026-10-01,/tmp/opencode/bench02-build/markov-cero-solve,36284e66e5584958d7cb57eb0fe7e1d080534835c9c01d1adcb5d4aca3336bc1,data/netlib/agg.mps,netlib,LP,train,0,cold,absent,1,60.0,,,,,,,,,,,,,,,,model_not_in_checkout
bench02-2026-10-01,2026-10-01,/tmp/opencode/bench02-build/markov-cero-solve,36284e66e5584958d7cb57eb0fe7e1d080534835c9c01d1adcb5d4aca3336bc1,data/netlib/agg2.mps,netlib,LP,train,0,cold,absent,1,60.0,,,,,,,,,,,,,,,,model_not_in_checkout
bench02-2026-10-01,2026-10-01,/tmp/opencode/bench02-build/markov-cero-solve,36284e66e5584958d7cb57eb0fe7e1d080534835c9c01d1adcb5d4aca3336bc1,data/netlib/agg3.mps,netlib,LP,train,0,cold,absent,1,60.0,,,,,,,,,,,,,,,,model_not_in_checkout
bench02-2026-10-01,2026-10-01,/tmp/opencode/bench02-build/markov-cero-solve,36284e66e5584958d7cb57eb0fe7e1d080534835c9c01d1adcb5d4aca3336bc1,data/netlib/blend.mps,netlib,LP,train,0,cold,ok,1,60.0,46.224,44.038656,Optimal,true,optimality_witness_checked,-30.812149845828245,-30.812149845828245,0,1,547,5424,,,pass,2.842171e-14,stderr=markov-cero 0.5.2 Optimal [LP -> primal] VERIFIED
bench02-2026-10-01,2026-10-01,/tmp/opencode/bench02-build/markov-cero-solve,36284e66e5584958d7cb57eb0fe7e1d080534835c9c01d1adcb5d4aca3336bc1,data/netlib/bnl1.mps,netlib,LP,train,0,cold,absent,1,60.0,,,,,,,,,,,,,,,,model_not_in_checkout
bench02-2026-10-01,2026-10-01,/tmp/opencode/bench02-build/markov-cero-solve,36284e66e5584958d7cb57eb0fe7e1d080534835c9c01d1adcb5d4aca3336bc1,data/netlib/boeing1.mps,netlib,LP,train,0,cold,absent,1,60.0,,,,,,,,,,,,,,,,model_not_in_checkout
bench02-2026-10-01,2026-10-01,/tmp/opencode/bench02-build/markov-cero-solve,36284e66e5584958d7cb57eb0fe7e1d080534835c9c01d1adcb5d4aca3336bc1,data/netlib/cycle.mps,netlib,LP,train,0,cold,absent,1,60.0,,,,,,,,,,,,,,,,model_not_in_checkout
bench02-2026-10-01,2026-10-01,/tmp/opencode/bench02-build/markov-cero-solve,36284e66e5584958d7cb57eb0fe7e1d080534835c9c01d1adcb5d4aca3336bc1,data/netlib/czprob.mps,netlib,LP,train,0,cold,absent,1,60.0,,,,,,,,,,,,,,,,model_not_in_checkout
bench02-2026-10-01,2026-10-01,/tmp/opencode/bench02-build/markov-cero-solve,36284e66e5584958d7cb57eb0fe7e1d080534835c9c01d1adcb5d4aca3336bc1,data/netlib/d2q06c.mps,netlib,LP,train,0,cold,absent,1,60.0,,,,,,,,,,,,,,,,model_not_in_checkout
bench02-2026-10-01,2026-10-01,/tmp/opencode/bench02-build/markov-cero-solve,36284e66e5584958d7cb57eb0fe7e1d080534835c9c01d1adcb5d4aca3336bc1,data/netlib/d6cube.mps,netlib,LP,train,0,cold,absent,1,60.0,,,,,,,,,,,,,,,,model_not_in_checkout
bench02-2026-10-01,2026-10-01,/tmp/opencode/bench02-build/markov-cero-solve,36284e66e5584958d7cb57eb0fe7e1d080534835c9c01d1adcb5d4aca3336bc1,data/netlib/degen2.mps,netlib,LP,train,0,cold,absent,1,60.0,,,,,,,,,,,,,,,,model_not_in_checkout
bench02-2026-10-01,2026-10-01,/tmp/opencode/bench02-build/markov-cero-solve,36284e66e5584958d7cb57eb0fe7e1d080534835c9c01d1adcb5d4aca3336bc1,data/netlib/degen3.mps,netlib,LP,train,0,cold,absent,1,60.0,,,,,,,,,,,,,,,,model_not_in_checkout
bench02-2026-10-01,2026-10-01,/tmp/opencode/bench02-build/markov-cero-solve,36284e66e5584958d7cb57eb0fe7e1d080534835c9c01d1adcb5d4aca3336bc1,data/netlib/dfl001.mps,netlib,LP,train,0,cold,absent,1,60.0,,,,,,,,,,,,,,,,model_not_in_checkout
bench02-2026-10-01,2026-10-01,/tmp/opencode/bench02-build/markov-cero-solve,36284e66e5584958d7cb57eb0fe7e1d080534835c9c01d1adcb5d4aca3336bc1,data/netlib/fffff800.mps,netlib,LP,train,0,cold,absent,1,60.0,,,,,,,,,,,,,,,,model_not_in_checkout
bench02-2026-10-01,2026-10-01,/tmp/opencode/bench02-build/markov-cero-solve,36284e66e5584958d7cb57eb0fe7e1d080534835c9c01d1adcb5d4aca3336bc1,data/netlib/finnis.mps,netlib,LP,train,0,cold,absent,1,60.0,,,,,,,,,,,,,,,,model_not_in_checkout
bench02-2026-10-01,2026-10-01,/tmp/opencode/bench02-build/markov-cero-solve,36284e66e5584958d7cb57eb0fe7e1d080534835c9c01d1adcb5d4aca3336bc1,data/netlib/fit1d.mps,netlib,LP,train,0,cold,absent,1,60.0,,,,,,,,,,,,,,,,model_not_in_checkout
bench02-2026-10-01,2026-10-01,/tmp/opencode/bench02-build/markov-cero-solve,36284e66e5584958d7cb57eb0fe7e1d080534835c9c01d1adcb5d4aca3336bc1,data/netlib/fit1p.mps,netlib,LP,train,0,cold,absent,1,60.0,,,,,,,,,,,,,,,,model_not_in_checkout
bench02-2026-10-01,2026-10-01,/tmp/opencode/bench02-build/markov-cero-solve,36284e66e5584958d7cb57eb0fe7e1d080534835c9c01d1adcb5d4aca3336bc1,data/netlib/fit2d.mps,netlib,LP,train,0,cold,absent,1,60.0,,,,,,,,,,,,,,,,model_not_in_checkout
bench02-2026-10-01,2026-10-01,/tmp/opencode/bench02-build/markov-cero-solve,36284e66e5584958d7cb57eb0fe7e1d080534835c9c01d1adcb5d4aca3336bc1,data/netlib/greenbea.mps,netlib,LP,train,0,cold,absent,1,60.0,,,,,,,,,,,,,,,,model_not_in_checkout
bench02-2026-10-01,2026-10-01,/tmp/opencode/bench02-build/markov-cero-solve,36284e66e5584958d7cb57eb0fe7e1d080534835c9c01d1adcb5d4aca3336bc1,data/netlib/grow15.mps,netlib,LP,train,0,cold,absent,1,60.0,,,,,,,,,,,,,,,,model_not_in_checkout
bench02-2026-10-01,2026-10-01,/tmp/opencode/bench02-build/markov-cero-solve,36284e66e5584958d7cb57eb0fe7e1d080534835c9c01d1adcb5d4aca3336bc1,data/netlib/grow22.mps,netlib,LP,train,0,cold,absent,1,60.0,,,,,,,,,,,,,,,,model_not_in_checkout
bench02-2026-10-01,2026-10-01,/tmp/opencode/bench02-build/markov-cero-solve,36284e66e5584958d7cb57eb0fe7e1d080534835c9c01d1adcb5d4aca3336bc1,data/netlib/grow7.mps,netlib,LP,train,0,cold,ok,1,60.0,4096.186,4094.027487,IterationLimit,false,unverified,0,,,0,10000,7868,,,not_checked,no primal vector in result,exit_code=6; stderr=markov-cero 0.5.2 IterationLimit [LP -> primal] NOT VERIFIED
bench02-2026-10-01,2026-10-01,/tmp/opencode/bench02-build/markov-cero-solve,36284e66e5584958d7cb57eb0fe7e1d080534835c9c01d1adcb5d4aca3336bc1,data/netlib/lotfi.mps,netlib,LP,train,0,cold,ok,1,60.0,99.869,97.332756,Optimal,true,optimality_witness_checked,-25.26470606188001,-25.26470606188001,0,1,1166,6044,,,pass,9.313226e-10,stderr=markov-cero 0.5.2 Optimal [LP -> primal] VERIFIED
bench02-2026-10-01,2026-10-01,/tmp/opencode/bench02-build/markov-cero-solve,36284e66e5584958d7cb57eb0fe7e1d080534835c9c01d1adcb5d4aca3336bc1,data/netlib/maros-r7.mps,netlib,LP,train,0,cold,absent,1,60.0,,,,,,,,,,,,,,,,model_not_in_checkout
bench02-2026-10-01,2026-10-01,/tmp/opencode/bench02-build/markov-cero-solve,36284e66e5584958d7cb57eb0fe7e1d080534835c9c01d1adcb5d4aca3336bc1,data/netlib/modszk1.mps,netlib,LP,train,0,cold,absent,1,60.0,,,,,,,,,,,,,,,,model_not_in_checkout
bench02-2026-10-01,2026-10-01,/tmp/opencode/bench02-build/markov-cero-solve,36284e66e5584958d7cb57eb0fe7e1d080534835c9c01d1adcb5d4aca3336bc1,data/netlib/nesm.mps,netlib,LP,train,0,cold,absent,1,60.0,,,,,,,,,,,,,,,,model_not_in_checkout
bench02-2026-10-01,2026-10-01,/tmp/opencode/bench02-build/markov-cero-solve,36284e66e5584958d7cb57eb0fe7e1d080534835c9c01d1adcb5d4aca3336bc1,data/netlib/perold.mps,netlib,LP,train,0,cold,absent,1,60.0,,,,,,,,,,,,,,,,model_not_in_checkout
bench02-2026-10-01,2026-10-01,/tmp/opencode/bench02-build/markov-cero-solve,36284e66e5584958d7cb57eb0fe7e1d080534835c9c01d1adcb5d4aca3336bc1,data/netlib/pilot.ja.mps,netlib,LP,train,0,cold,absent,1,60.0,,,,,,,,,,,,,,,,model_not_in_checkout
bench02-2026-10-01,2026-10-01,/tmp/opencode/bench02-build/markov-cero-solve,36284e66e5584958d7cb57eb0fe7e1d080534835c9c01d1adcb5d4aca3336bc1,data/netlib/pilot.mps,netlib,LP,train,0,cold,absent,1,60.0,,,,,,,,,,,,,,,,model_not_in_checkout
bench02-2026-10-01,2026-10-01,/tmp/opencode/bench02-build/markov-cero-solve,36284e66e5584958d7cb57eb0fe7e1d080534835c9c01d1adcb5d4aca3336bc1,data/netlib/pilot4.mps,netlib,LP,train,0,cold,absent,1,60.0,,,,,,,,,,,,,,,,model_not_in_checkout
bench02-2026-10-01,2026-10-01,/tmp/opencode/bench02-build/markov-cero-solve,36284e66e5584958d7cb57eb0fe7e1d080534835c9c01d1adcb5d4aca3336bc1,data/netlib/pilot87.mps,netlib,LP,train,0,cold,absent,1,60.0,,,,,,,,,,,,,,,,model_not_in_checkout
bench02-2026-10-01,2026-10-01,/tmp/opencode/bench02-build/markov-cero-solve,36284e66e5584958d7cb57eb0fe7e1d080534835c9c01d1adcb5d4aca3336bc1,data/netlib/pilotnov.mps,netlib,LP,train,0,cold,absent,1,60.0,,,,,,,,,,,,,,,,model_not_in_checkout
bench02-2026-10-01,2026-10-01,/tmp/opencode/bench02-build/markov-cero-solve,36284e66e5584958d7cb57eb0fe7e1d080534835c9c01d1adcb5d4aca3336bc1,data/netlib/qap12.mps,netlib,LP,train,0,cold,absent,1,60.0,,,,,,,,,,,,,,,,model_not_in_checkout
bench02-2026-10-01,2026-10-01,/tmp/opencode/bench02-build/markov-cero-solve,36284e66e5584958d7cb57eb0fe7e1d080534835c9c01d1adcb5d4aca3336bc1,data/netlib/qap15.mps,netlib,LP,train,0,cold,absent,1,60.0,,,,,,,,,,,,,,,,model_not_in_checkout
bench02-2026-10-01,2026-10-01,/tmp/opencode/bench02-build/markov-cero-solve,36284e66e5584958d7cb57eb0fe7e1d080534835c9c01d1adcb5d4aca3336bc1,data/netlib/qap8.mps,netlib,LP,train,0,cold,absent,1,60.0,,,,,,,,,,,,,,,,model_not_in_checkout
bench02-2026-10-01,2026-10-01,/tmp/opencode/bench02-build/markov-cero-solve,36284e66e5584958d7cb57eb0fe7e1d080534835c9c01d1adcb5d4aca3336bc1,data/netlib/recipe.mps,netlib,LP,train,0,cold,ok,1,60.0,13.431,11.469302,Optimal,true,optimality_witness_checked,-266.616,-266.616,0,1,211,5916,-266.616,0.0,pass,0.000000e+00,stderr=markov-cero 0.5.2 Optimal [LP -> primal] VERIFIED
bench02-2026-10-01,2026-10-01,/tmp/opencode/bench02-build/markov-cero-solve,36284e66e5584958d7cb57eb0fe7e1d080534835c9c01d1adcb5d4aca3336bc1,data/netlib/sc105.mps,netlib,LP,train,0,cold,ok,1,60.0,28.686,26.595436,Optimal,true,optimality_witness_checked,-52.20206121170726,-52.20206121170726,0,1,256,5876,-52.202061211707,2.6290081223123707e-13,pass,5.684342e-14,stderr=markov-cero 0.5.2 Optimal [LP -> primal] VERIFIED
bench02-2026-10-01,2026-10-01,/tmp/opencode/bench02-build/markov-cero-solve,36284e66e5584958d7cb57eb0fe7e1d080534835c9c01d1adcb5d4aca3336bc1,data/netlib/sc205.mps,netlib,LP,train,0,cold,ok,1,60.0,1442.704,1440.264837,Optimal,true,optimality_witness_checked,-52.20206121170727,-52.20206121170727,0,1,4417,5752,-52.202061211707,2.7000623958883807e-13,pass,1.136868e-13,stderr=markov-cero 0.5.2 Optimal [LP -> primal] VERIFIED
bench02-2026-10-01,2026-10-01,/tmp/opencode/bench02-build/markov-cero-solve,36284e66e5584958d7cb57eb0fe7e1d080534835c9c01d1adcb5d4aca3336bc1,data/netlib/sc50b.mps,netlib,LP,train,0,cold,ok,1,60.0,3.961,1.98342,Optimal,true,optimality_witness_checked,-70.00000000000001,-70.00000000000001,0,1,48,5252,-70.0,1.4210854715202004e-14,pass,5.684342e-14,stderr=markov-cero 0.5.2 Optimal [LP -> primal] VERIFIED
bench02-2026-10-01,2026-10-01,/tmp/opencode/bench02-build/markov-cero-solve,36284e66e5584958d7cb57eb0fe7e1d080534835c9c01d1adcb5d4aca3336bc1,data/netlib/scagr7.mps,netlib,LP,train,0,cold,ok,1,60.0,32.236,29.950661,Optimal,true,optimality_witness_checked,-2331389.8243309837,-2331389.8243309837,0,1,411,5896,-2331389.82433098,3.725290298461914e-09,pass,2.728484e-12,stderr=markov-cero 0.5.2 Optimal [LP -> primal] VERIFIED
bench02-2026-10-01,2026-10-01,/tmp/opencode/bench02-build/markov-cero-solve,36284e66e5584958d7cb57eb0fe7e1d080534835c9c01d1adcb5d4aca3336bc1,data/netlib/scfxm1.mps,netlib,LP,train,0,cold,ok,1,60.0,633.445,630.647776,Optimal,true,optimality_witness_checked,18416.75902834893,18416.75902834893,0,1,127,8700,,,pass,1.091394e-11,stderr=markov-cero 0.5.2 Optimal [LP -> primal] VERIFIED
bench02-2026-10-01,2026-10-01,/tmp/opencode/bench02-build/markov-cero-solve,36284e66e5584958d7cb57eb0fe7e1d080534835c9c01d1adcb5d4aca3336bc1,data/netlib/scfxm2.mps,netlib,LP,train,0,cold,absent,1,60.0,,,,,,,,,,,,,,,,model_not_in_checkout
bench02-2026-10-01,2026-10-01,/tmp/opencode/bench02-build/markov-cero-solve,36284e66e5584958d7cb57eb0fe7e1d080534835c9c01d1adcb5d4aca3336bc1,data/netlib/scfxm3.mps,netlib,LP,train,0,cold,absent,1,60.0,,,,,,,,,,,,,,,,model_not_in_checkout
bench02-2026-10-01,2026-10-01,/tmp/opencode/bench02-build/markov-cero-solve,36284e66e5584958d7cb57eb0fe7e1d080534835c9c01d1adcb5d4aca3336bc1,data/netlib/scorpion.mps,netlib,LP,train,0,cold,ok,1,60.0,164.416,161.78124,Optimal,true,optimality_witness_checked,1878.1248227381068,1878.1248227381068,0,1,487,6580,1878.1248227381,6.821210263296962e-12,pass,9.992007e-16,stderr=markov-cero 0.5.2 Optimal [LP -> primal] VERIFIED
bench02-2026-10-01,2026-10-01,/tmp/opencode/bench02-build/markov-cero-solve,36284e66e5584958d7cb57eb0fe7e1d080534835c9c01d1adcb5d4aca3336bc1,data/netlib/scrs8.mps,netlib,LP,train,0,cold,absent,1,60.0,,,,,,,,,,,,,,,,model_not_in_checkout
bench02-2026-10-01,2026-10-01,/tmp/opencode/bench02-build/markov-cero-solve,36284e66e5584958d7cb57eb0fe7e1d080534835c9c01d1adcb5d4aca3336bc1,data/netlib/scsd6.mps,netlib,LP,train,0,cold,ok,1,60.0,154.238,151.496603,NumericalFailure,false,unverified,50.50013320878034,,,0,0,8240,,,pass,1.186821e-10,exit_code=7; stderr=markov-cero 0.5.2 NumericalFailure [LP -> primal] NOT VERIFIED numerical_diagnostic: primal_residual=1.18682064176312e-10 dual_residual=0 complementarity_gap=0.00014605328332558884 condition_estimate=
bench02-2026-10-01,2026-10-01,/tmp/opencode/bench02-build/markov-cero-solve,36284e66e5584958d7cb57eb0fe7e1d080534835c9c01d1adcb5d4aca3336bc1,data/netlib/scsd8.mps,netlib,LP,train,0,cold,absent,1,60.0,,,,,,,,,,,,,,,,model_not_in_checkout
bench02-2026-10-01,2026-10-01,/tmp/opencode/bench02-build/markov-cero-solve,36284e66e5584958d7cb57eb0fe7e1d080534835c9c01d1adcb5d4aca3336bc1,data/netlib/sctap3.mps,netlib,LP,train,0,cold,absent,1,60.0,,,,,,,,,,,,,,,,model_not_in_checkout
bench02-2026-10-01,2026-10-01,/tmp/opencode/bench02-build/markov-cero-solve,36284e66e5584958d7cb57eb0fe7e1d080534835c9c01d1adcb5d4aca3336bc1,data/netlib/seba.mps,netlib,LP,train,0,cold,absent,1,60.0,,,,,,,,,,,,,,,,model_not_in_checkout
bench02-2026-10-01,2026-10-01,/tmp/opencode/bench02-build/markov-cero-solve,36284e66e5584958d7cb57eb0fe7e1d080534835c9c01d1adcb5d4aca3336bc1,data/netlib/ship04l.mps,netlib,LP,train,0,cold,absent,1,60.0,,,,,,,,,,,,,,,,model_not_in_checkout
bench02-2026-10-01,2026-10-01,/tmp/opencode/bench02-build/markov-cero-solve,36284e66e5584958d7cb57eb0fe7e1d080534835c9c01d1adcb5d4aca3336bc1,data/netlib/ship08l.mps,netlib,LP,train,0,cold,absent,1,60.0,,,,,,,,,,,,,,,,model_not_in_checkout
bench02-2026-10-01,2026-10-01,/tmp/opencode/bench02-build/markov-cero-solve,36284e66e5584958d7cb57eb0fe7e1d080534835c9c01d1adcb5d4aca3336bc1,data/netlib/ship08s.mps,netlib,LP,train,0,cold,absent,1,60.0,,,,,,,,,,,,,,,,model_not_in_checkout
bench02-2026-10-01,2026-10-01,/tmp/opencode/bench02-build/markov-cero-solve,36284e66e5584958d7cb57eb0fe7e1d080534835c9c01d1adcb5d4aca3336bc1,data/netlib/ship12l.mps,netlib,LP,train,0,cold,absent,1,60.0,,,,,,,,,,,,,,,,model_not_in_checkout
bench02-2026-10-01,2026-10-01,/tmp/opencode/bench02-build/markov-cero-solve,36284e66e5584958d7cb57eb0fe7e1d080534835c9c01d1adcb5d4aca3336bc1,data/netlib/sierra.mps,netlib,LP,train,0,cold,absent,1,60.0,,,,,,,,,,,,,,,,model_not_in_checkout
bench02-2026-10-01,2026-10-01,/tmp/opencode/bench02-build/markov-cero-solve,36284e66e5584958d7cb57eb0fe7e1d080534835c9c01d1adcb5d4aca3336bc1,data/netlib/standgub.mps,netlib,LP,train,0,cold,absent,1,60.0,,,,,,,,,,,,,,,,model_not_in_checkout
bench02-2026-10-01,2026-10-01,/tmp/opencode/bench02-build/markov-cero-solve,36284e66e5584958d7cb57eb0fe7e1d080534835c9c01d1adcb5d4aca3336bc1,data/netlib/standmps.mps,netlib,LP,train,0,cold,absent,1,60.0,,,,,,,,,,,,,,,,model_not_in_checkout
bench02-2026-10-01,2026-10-01,/tmp/opencode/bench02-build/markov-cero-solve,36284e66e5584958d7cb57eb0fe7e1d080534835c9c01d1adcb5d4aca3336bc1,data/netlib/wood1p.mps,netlib,LP,train,0,cold,absent,1,60.0,,,,,,,,,,,,,,,,model_not_in_checkout
bench02-2026-10-01,2026-10-01,/tmp/opencode/bench02-build/markov-cero-solve,36284e66e5584958d7cb57eb0fe7e1d080534835c9c01d1adcb5d4aca3336bc1,data/netlib/woodw.mps,netlib,LP,train,0,cold,absent,1,60.0,,,,,,,,,,,,,,,,model_not_in_checkout
bench02-2026-10-01,2026-10-01,/tmp/opencode/bench02-build/markov-cero-solve,36284e66e5584958d7cb57eb0fe7e1d080534835c9c01d1adcb5d4aca3336bc1,data/qp/QPLIB_0001.mps,qplib,QP,train,0,cold,ok,1,60.0,1.929,0.124352,Optimal,true,optimality_witness_checked,-3.499999999991098,,,1,17,16,,,pass,0.000000e+00,stderr=markov-cero 0.5.2 Optimal [QP -> qp] VERIFIED
bench02-2026-10-01,2026-10-01,/tmp/opencode/bench02-build/markov-cero-solve,36284e66e5584958d7cb57eb0fe7e1d080534835c9c01d1adcb5d4aca3336bc1,data/qp/QPLIB_0002.mps,qplib,QP,train,0,cold,ok,1,60.0,2.09,0.180385,Optimal,true,optimality_witness_checked,-2.10714709820743,,,1,23,88,,,pass,0.000000e+00,stderr=markov-cero 0.5.2 Optimal [QP -> qp] VERIFIED
bench02-2026-10-01,2026-10-01,/tmp/opencode/bench02-build/markov-cero-solve,36284e66e5584958d7cb57eb0fe7e1d080534835c9c01d1adcb5d4aca3336bc1,data/qp/QPLIB_0010.mps,qplib,QP,train,0,cold,ok,1,60.0,2.358,0.268211,Optimal,true,optimality_witness_checked,-0.10334179412050311,,,1,27,236,,,fail,1.280096e-06,stderr=markov-cero 0.5.2 Optimal [QP -> qp] VERIFIED; harness_feasibility_failure_solver_reported_verified
bench02-2026-10-01,2026-10-01,/tmp/opencode/bench02-build/markov-cero-solve,36284e66e5584958d7cb57eb0fe7e1d080534835c9c01d1adcb5d4aca3336bc1,data/qp/QPLIB_0025.mps,qplib,QP,train,0,cold,ok,1,60.0,2.443,0.246698,Optimal,true,optimality_witness_checked,2681.000000219597,,,1,49,208,,,pass,3.124709e-07,stderr=markov-cero 0.5.2 Optimal [QP -> qp] VERIFIED
bench02-2026-10-01,2026-10-01,/tmp/opencode/bench02-build/markov-cero-solve,36284e66e5584958d7cb57eb0fe7e1d080534835c9c01d1adcb5d4aca3336bc1,data/qp/QPLIB_8515.mps,qplib,QP,train,0,cold,absent,1,60.0,,,,,,,,,,,,,,,,model_not_in_checkout
bench02-2026-10-01,2026-10-01,/tmp/opencode/bench02-build/markov-cero-solve,36284e66e5584958d7cb57eb0fe7e1d080534835c9c01d1adcb5d4aca3336bc1,data/qp/QPLIB_8559.mps,qplib,QP,train,0,cold,absent,1,60.0,,,,,,,,,,,,,,,,model_not_in_checkout
bench02-2026-10-01,2026-10-01,/tmp/opencode/bench02-build/markov-cero-solve,36284e66e5584958d7cb57eb0fe7e1d080534835c9c01d1adcb5d4aca3336bc1,data/qp/QPLIB_8567.mps,qplib,QP,train,0,cold,absent,1,60.0,,,,,,,,,,,,,,,,model_not_in_checkout
bench02-2026-10-01,2026-10-01,/tmp/opencode/bench02-build/markov-cero-solve,36284e66e5584958d7cb57eb0fe7e1d080534835c9c01d1adcb5d4aca3336bc1,data/qp/QPLIB_8602.mps,qplib,QP,train,0,cold,absent,1,60.0,,,,,,,,,,,,,,,,model_not_in_checkout
bench02-2026-10-01,2026-10-01,/tmp/opencode/bench02-build/markov-cero-solve,36284e66e5584958d7cb57eb0fe7e1d080534835c9c01d1adcb5d4aca3336bc1,data/qp/QPLIB_8616.mps,qplib,QP,train,0,cold,absent,1,60.0,,,,,,,,,,,,,,,,model_not_in_checkout
bench02-2026-10-01,2026-10-01,/tmp/opencode/bench02-build/markov-cero-solve,36284e66e5584958d7cb57eb0fe7e1d080534835c9c01d1adcb5d4aca3336bc1,data/qp/QPLIB_8785.mps,qplib,QP,train,0,cold,absent,1,60.0,,,,,,,,,,,,,,,,model_not_in_checkout
bench02-2026-10-01,2026-10-01,/tmp/opencode/bench02-build/markov-cero-solve,36284e66e5584958d7cb57eb0fe7e1d080534835c9c01d1adcb5d4aca3336bc1,data/qp/QPLIB_8790.mps,qplib,QP,train,0,cold,absent,1,60.0,,,,,,,,,,,,,,,,model_not_in_checkout
bench02-2026-10-01,2026-10-01,/tmp/opencode/bench02-build/markov-cero-solve,36284e66e5584958d7cb57eb0fe7e1d080534835c9c01d1adcb5d4aca3336bc1,data/qp/QPLIB_8792.mps,qplib,QP,train,0,cold,absent,1,60.0,,,,,,,,,,,,,,,,model_not_in_checkout
bench02-2026-10-01,2026-10-01,/tmp/opencode/bench02-build/markov-cero-solve,36284e66e5584958d7cb57eb0fe7e1d080534835c9c01d1adcb5d4aca3336bc1,data/qp/QPLIB_8845.mps,qplib,QP,train,0,cold,absent,1,60.0,,,,,,,,,,,,,,,,model_not_in_checkout
bench02-2026-10-01,2026-10-01,/tmp/opencode/bench02-build/markov-cero-solve,36284e66e5584958d7cb57eb0fe7e1d080534835c9c01d1adcb5d4aca3336bc1,data/qp/QPLIB_8938.mps,qplib,QP,train,0,cold,absent,1,60.0,,,,,,,,,,,,,,,,model_not_in_checkout
bench02-2026-10-01,2026-10-01,/tmp/opencode/bench02-build/markov-cero-solve,36284e66e5584958d7cb57eb0fe7e1d080534835c9c01d1adcb5d4aca3336bc1,data/qp/QPLIB_8991.mps,qplib,QP,train,0,cold,absent,1,60.0,,,,,,,,,,,,,,,,model_not_in_checkout
bench02-2026-10-01,2026-10-01,/tmp/opencode/bench02-build/markov-cero-solve,36284e66e5584958d7cb57eb0fe7e1d080534835c9c01d1adcb5d4aca3336bc1,data/miplib/timtab1.mps,miplib,MILP,train,0,cold,ok,1,300.0,300003.418,300000.986284,ResourceLimit,false,unverified,0,144332.33333333,,1329,1060618,10432,764771.99999978,764771.99999978,not_checked,no primal vector in result,exit_code=5; stderr=markov-cero 0.5.2 ResourceLimit [MILP -> milp] NOT VERIFIED proof: tier=unverified status=not_requested budget_exhausted=false nodes=0 witness_values=0 build_ms=0 replay_ms=0
bench02-2026-10-01,2026-10-01,/tmp/opencode/bench02-build/markov-cero-solve,36284e66e5584958d7cb57eb0fe7e1d080534835c9c01d1adcb5d4aca3336bc1,data/mittelmann/markshare_5_0.mps,mittelmann,MILP,train,0,cold,ok,1,300.0,300090.53,300075.989906,ResourceLimit,false,unverified,0,0,1,16882,3404939,215016,,,not_checked,no primal vector in result,exit_code=5; stderr=markov-cero 0.5.2 ResourceLimit [MILP -> milp] NOT VERIFIED proof: tier=unverified status=not_requested budget_exhausted=false nodes=0 witness_values=0 build_ms=0 replay_ms=0
bench02-2026-10-01,2026-10-01,/tmp/opencode/bench02-build/markov-cero-solve,36284e66e5584958d7cb57eb0fe7e1d080534835c9c01d1adcb5d4aca3336bc1,data/mittelmann/ran14x18_1.mps,mittelmann,MILP,train,0,cold,ok,1,300.0,300003.576,300001.084457,ResourceLimit,false,unverified,0,3147.457521889875,0.23660986614361512,1288,1293991,11504,,,not_checked,no primal vector in result,exit_code=5; stderr=markov-cero 0.5.2 ResourceLimit [MILP -> milp] NOT VERIFIED proof: tier=unverified status=not_requested budget_exhausted=false nodes=0 witness_values=0 build_ms=0 replay_ms=0
bench02-2026-10-01,2026-10-01,/tmp/opencode/bench02-build/markov-cero-solve,36284e66e5584958d7cb57eb0fe7e1d080534835c9c01d1adcb5d4aca3336bc1,data/miplib/b1c1s1.mps,miplib,MILP,holdout,1,warm,absent,1,300.0,,,,,,,,,,,,,,,,model_not_in_checkout
bench02-2026-10-01,2026-10-01,/tmp/opencode/bench02-build/markov-cero-solve,36284e66e5584958d7cb57eb0fe7e1d080534835c9c01d1adcb5d4aca3336bc1,data/miplib/fastxgemm-n2r6s0t2.mps,miplib,MILP,holdout,1,warm,absent,1,300.0,,,,,,,,,,,,,,,,model_not_in_checkout
bench02-2026-10-01,2026-10-01,/tmp/opencode/bench02-build/markov-cero-solve,36284e66e5584958d7cb57eb0fe7e1d080534835c9c01d1adcb5d4aca3336bc1,data/miplib/gmu-35-50.mps,miplib,MILP,holdout,1,warm,absent,1,300.0,,,,,,,,,,,,,,,,model_not_in_checkout
bench02-2026-10-01,2026-10-01,/tmp/opencode/bench02-build/markov-cero-solve,36284e66e5584958d7cb57eb0fe7e1d080534835c9c01d1adcb5d4aca3336bc1,data/miplib/graphdraw-domain.mps,miplib,MILP,holdout,1,warm,absent,1,300.0,,,,,,,,,,,,,,,,model_not_in_checkout
bench02-2026-10-01,2026-10-01,/tmp/opencode/bench02-build/markov-cero-solve,36284e66e5584958d7cb57eb0fe7e1d080534835c9c01d1adcb5d4aca3336bc1,data/miplib/lotsize.mps,miplib,MILP,holdout,1,warm,absent,1,300.0,,,,,,,,,,,,,,,,model_not_in_checkout
bench02-2026-10-01,2026-10-01,/tmp/opencode/bench02-build/markov-cero-solve,36284e66e5584958d7cb57eb0fe7e1d080534835c9c01d1adcb5d4aca3336bc1,data/miplib/neos-1171448.mps,miplib,MILP,holdout,1,warm,absent,1,300.0,,,,,,,,,,,,,,,,model_not_in_checkout
bench02-2026-10-01,2026-10-01,/tmp/opencode/bench02-build/markov-cero-solve,36284e66e5584958d7cb57eb0fe7e1d080534835c9c01d1adcb5d4aca3336bc1,data/cases/capitanescu_dc_opf.mps,cases,MILP,holdout,1,warm,ok,1,300.0,2.561,0.559408,Optimal,true,optimality_witness_checked,-1.5594466918172984e-06,,,1,177,904,,,fail,7.503556e-06,stderr=markov-cero 0.5.2 Optimal [QP -> qp] VERIFIED; harness_feasibility_failure_solver_reported_verified
bench02-2026-10-01,2026-10-01,/tmp/opencode/bench02-build/markov-cero-solve,36284e66e5584958d7cb57eb0fe7e1d080534835c9c01d1adcb5d4aca3336bc1,data/miplib/neos-4954672-berkel.mps,miplib,MILP,holdout,1,warm,absent,1,300.0,,,,,,,,,,,,,,,,model_not_in_checkout
bench02-2026-10-01,2026-10-01,/tmp/opencode/bench02-build/markov-cero-solve,36284e66e5584958d7cb57eb0fe7e1d080534835c9c01d1adcb5d4aca3336bc1,data/miplib/neos-5107597-kakapo.mps,miplib,MILP,holdout,1,warm,absent,1,300.0,,,,,,,,,,,,,,,,model_not_in_checkout
bench02-2026-10-01,2026-10-01,/tmp/opencode/bench02-build/markov-cero-solve,36284e66e5584958d7cb57eb0fe7e1d080534835c9c01d1adcb5d4aca3336bc1,data/miplib/rococoC10-001000.mps,miplib,MILP,holdout,1,warm,absent,1,300.0,,,,,,,,,,,,,,,,model_not_in_checkout
bench02-2026-10-01,2026-10-01,/tmp/opencode/bench02-build/markov-cero-solve,36284e66e5584958d7cb57eb0fe7e1d080534835c9c01d1adcb5d4aca3336bc1,data/miplib/supportcase18.mps,miplib,MILP,holdout,1,warm,absent,1,300.0,,,,,,,,,,,,,,,,model_not_in_checkout
bench02-2026-10-01,2026-10-01,/tmp/opencode/bench02-build/markov-cero-solve,36284e66e5584958d7cb57eb0fe7e1d080534835c9c01d1adcb5d4aca3336bc1,data/miplib/swath1.mps,miplib,MILP,holdout,1,warm,absent,1,300.0,,,,,,,,,,,,,,,,model_not_in_checkout
bench02-2026-10-01,2026-10-01,/tmp/opencode/bench02-build/markov-cero-solve,36284e66e5584958d7cb57eb0fe7e1d080534835c9c01d1adcb5d4aca3336bc1,data/miplib/traininstance2.mps,miplib,MILP,holdout,1,warm,absent,1,300.0,,,,,,,,,,,,,,,,model_not_in_checkout
bench02-2026-10-01,2026-10-01,/tmp/opencode/bench02-build/markov-cero-solve,36284e66e5584958d7cb57eb0fe7e1d080534835c9c01d1adcb5d4aca3336bc1,data/mittelmann/air05.mps,mittelmann,MILP,holdout,1,warm,absent,1,300.0,,,,,,,,,,,,,,,,model_not_in_checkout
bench02-2026-10-01,2026-10-01,/tmp/opencode/bench02-build/markov-cero-solve,36284e66e5584958d7cb57eb0fe7e1d080534835c9c01d1adcb5d4aca3336bc1,data/mittelmann/bienst1.mps,mittelmann,MILP,holdout,1,warm,absent,1,300.0,,,,,,,,,,,,,,,,model_not_in_checkout
bench02-2026-10-01,2026-10-01,/tmp/opencode/bench02-build/markov-cero-solve,36284e66e5584958d7cb57eb0fe7e1d080534835c9c01d1adcb5d4aca3336bc1,data/mittelmann/rail516.mps,mittelmann,MILP,holdout,1,warm,absent,1,300.0,,,,,,,,,,,,,,,,model_not_in_checkout
bench02-2026-10-01,2026-10-01,/tmp/opencode/bench02-build/markov-cero-solve,36284e66e5584958d7cb57eb0fe7e1d080534835c9c01d1adcb5d4aca3336bc1,data/mittelmann/rail582.mps,mittelmann,MILP,holdout,1,warm,absent,1,300.0,,,,,,,,,,,,,,,,model_not_in_checkout
bench02-2026-10-01,2026-10-01,/tmp/opencode/bench02-build/markov-cero-solve,36284e66e5584958d7cb57eb0fe7e1d080534835c9c01d1adcb5d4aca3336bc1,data/cases/pochet_lot_sizing.mps,cases,MILP,holdout,1,warm,ok,1,300.0,7.328,5.104673,Optimal,true,tree_replayed,1050,1050,0,1,118,5880,,,pass,0.000000e+00,stderr=markov-cero 0.5.2 Optimal [MILP -> milp] VERIFIED proof: tier=independent_tree status=accepted budget_exhausted=false nodes=1 witness_values=240 build_ms=2.1300300000000001 replay_ms=0.108447
bench02-2026-10-01,2026-10-01,/tmp/opencode/bench02-build/markov-cero-solve,36284e66e5584958d7cb57eb0fe7e1d080534835c9c01d1adcb5d4aca3336bc1,data/netlib/bore3d.mps,netlib,LP,holdout,1,warm,ok,1,60.0,218.028,215.560344,NumericalFailure,false,unverified,1373.0804138468477,,,0,319,7652,,,not_checked,primal and variable_names differ in length,exit_code=7; stderr=markov-cero 0.5.2 NumericalFailure [LP -> primal] NOT VERIFIED numerical_diagnostic: primal_residual=4.3338091466345384e-09 dual_residual=4.8783501746014274e-11 complementarity_gap=0.00185362991938647
bench02-2026-10-01,2026-10-01,/tmp/opencode/bench02-build/markov-cero-solve,36284e66e5584958d7cb57eb0fe7e1d080534835c9c01d1adcb5d4aca3336bc1,data/netlib/brandy.mps,netlib,LP,holdout,1,warm,ok,1,60.0,678.099,676.17966,Optimal,true,optimality_witness_checked,1518.509896488128,1518.509896488128,0,1,612,7852,,,pass,6.821210e-13,stderr=markov-cero 0.5.2 Optimal [LP -> primal] VERIFIED
bench02-2026-10-01,2026-10-01,/tmp/opencode/bench02-build/markov-cero-solve,36284e66e5584958d7cb57eb0fe7e1d080534835c9c01d1adcb5d4aca3336bc1,data/netlib/e226.mps,netlib,LP,holdout,1,warm,ok,1,60.0,735.151,733.157312,NumericalFailure,false,unverified,0,,,0,738,7928,,,not_checked,no primal vector in result,exit_code=7; stderr=markov-cero 0.5.2 NumericalFailure [LP -> primal] NOT VERIFIED numerical_diagnostic: primal_residual=0 dual_residual=0 complementarity_gap=0 condition_estimate=15670.592325447486 failure_site=primal_s
bench02-2026-10-01,2026-10-01,/tmp/opencode/bench02-build/markov-cero-solve,36284e66e5584958d7cb57eb0fe7e1d080534835c9c01d1adcb5d4aca3336bc1,data/netlib/greenbeb.mps,netlib,LP,holdout,1,warm,absent,1,60.0,,,,,,,,,,,,,,,,model_not_in_checkout
bench02-2026-10-01,2026-10-01,/tmp/opencode/bench02-build/markov-cero-solve,36284e66e5584958d7cb57eb0fe7e1d080534835c9c01d1adcb5d4aca3336bc1,data/netlib/pilot.we.mps,netlib,LP,holdout,1,warm,absent,1,60.0,,,,,,,,,,,,,,,,model_not_in_checkout
bench02-2026-10-01,2026-10-01,/tmp/opencode/bench02-build/markov-cero-solve,36284e66e5584958d7cb57eb0fe7e1d080534835c9c01d1adcb5d4aca3336bc1,data/netlib/sc50a.mps,netlib,LP,holdout,1,warm,ok,1,60.0,5.429,3.071985,Optimal,true,optimality_witness_checked,-64.57507705856453,-64.57507705856453,0,1,54,5716,-64.575077058564,5.258016244624741e-13,pass,2.842171e-14,stderr=markov-cero 0.5.2 Optimal [LP -> primal] VERIFIED
bench02-2026-10-01,2026-10-01,/tmp/opencode/bench02-build/markov-cero-solve,36284e66e5584958d7cb57eb0fe7e1d080534835c9c01d1adcb5d4aca3336bc1,data/netlib/scagr25.mps,netlib,LP,holdout,1,warm,ok,1,60.0,1215.513,1211.486426,Optimal,true,optimality_witness_checked,-14753433.06076852,-14753433.06076852,0,1,3204,6836,,,pass,1.818989e-12,stderr=markov-cero 0.5.2 Optimal [LP -> primal] VERIFIED
bench02-2026-10-01,2026-10-01,/tmp/opencode/bench02-build/markov-cero-solve,36284e66e5584958d7cb57eb0fe7e1d080534835c9c01d1adcb5d4aca3336bc1,data/netlib/sctap2.mps,netlib,LP,holdout,1,warm,absent,1,60.0,,,,,,,,,,,,,,,,model_not_in_checkout
bench02-2026-10-01,2026-10-01,/tmp/opencode/bench02-build/markov-cero-solve,36284e66e5584958d7cb57eb0fe7e1d080534835c9c01d1adcb5d4aca3336bc1,data/miplib/neos-3754480-nidda.mps,miplib,MILP,holdout,1,warm,ok,1,300.0,2281.966,2280.551278,NumericalFailure,false,unverified,0,,,1,794,7956,12939.7540104743,12939.7540104743,not_checked,no primal vector in result,exit_code=7; stderr=markov-cero 0.5.2 NumericalFailure [MILP -> milp] NOT VERIFIED proof: tier=unverified status=not_requested budget_exhausted=false nodes=0 witness_values=0 build_ms=0 replay_ms=0 numerical_diagnostic: 
bench02-2026-10-01,2026-10-01,/tmp/opencode/bench02-build/markov-cero-solve,36284e66e5584958d7cb57eb0fe7e1d080534835c9c01d1adcb5d4aca3336bc1,data/netlib/share1b.mps,netlib,LP,holdout,1,warm,ok,1,60.0,103.395,100.68763,Optimal,true,optimality_witness_checked,-76589.31857918539,-76589.31857918539,0,1,1266,5708,-76589.3185791855,1.1641532182693481e-10,pass,5.067908e-10,stderr=markov-cero 0.5.2 Optimal [LP -> primal] VERIFIED
bench02-2026-10-01,2026-10-01,/tmp/opencode/bench02-build/markov-cero-solve,36284e66e5584958d7cb57eb0fe7e1d080534835c9c01d1adcb5d4aca3336bc1,data/netlib/shell.mps,netlib,LP,holdout,1,warm,absent,1,60.0,,,,,,,,,,,,,,,,model_not_in_checkout
bench02-2026-10-01,2026-10-01,/tmp/opencode/bench02-build/markov-cero-solve,36284e66e5584958d7cb57eb0fe7e1d080534835c9c01d1adcb5d4aca3336bc1,data/netlib/stair.mps,netlib,LP,holdout,1,warm,absent,1,60.0,,,,,,,,,,,,,,,,model_not_in_checkout
bench02-2026-10-01,2026-10-01,/tmp/opencode/bench02-build/markov-cero-solve,36284e66e5584958d7cb57eb0fe7e1d080534835c9c01d1adcb5d4aca3336bc1,data/netlib/share2b.mps,netlib,LP,holdout,1,warm,ok,1,60.0,27.987,25.504266,Optimal,true,optimality_witness_checked,-415.7322407414181,-415.7322407414181,0,1,473,5500,-415.732240741418,5.684341886080802e-14,pass,9.094947e-13,stderr=markov-cero 0.5.2 Optimal [LP -> primal] VERIFIED
bench02-2026-10-01,2026-10-01,/tmp/opencode/bench02-build/markov-cero-solve,36284e66e5584958d7cb57eb0fe7e1d080534835c9c01d1adcb5d4aca3336bc1,data/netlib/stocfor3.mps,netlib,LP,holdout,1,warm,absent,1,60.0,,,,,,,,,,,,,,,,model_not_in_checkout
bench02-2026-10-01,2026-10-01,/tmp/opencode/bench02-build/markov-cero-solve,36284e66e5584958d7cb57eb0fe7e1d080534835c9c01d1adcb5d4aca3336bc1,data/netlib/tuff.mps,netlib,LP,holdout,1,warm,absent,1,60.0,,,,,,,,,,,,,,,,model_not_in_checkout
bench02-2026-10-01,2026-10-01,/tmp/opencode/bench02-build/markov-cero-solve,36284e66e5584958d7cb57eb0fe7e1d080534835c9c01d1adcb5d4aca3336bc1,data/qp/QPLIB_8495.mps,qplib,QP,holdout,1,warm,absent,1,60.0,,,,,,,,,,,,,,,,model_not_in_checkout
bench02-2026-10-01,2026-10-01,/tmp/opencode/bench02-build/markov-cero-solve,36284e66e5584958d7cb57eb0fe7e1d080534835c9c01d1adcb5d4aca3336bc1,data/qp/QPLIB_8906.mps,qplib,QP,holdout,1,warm,absent,1,60.0,,,,,,,,,,,,,,,,model_not_in_checkout
bench02-2026-10-01,2026-10-01,/tmp/opencode/bench02-build/markov-cero-solve,36284e66e5584958d7cb57eb0fe7e1d080534835c9c01d1adcb5d4aca3336bc1,data/netlib/stocfor1.mps,netlib,LP,holdout,1,warm,ok,1,60.0,27.188,24.707517,Optimal,true,optimality_witness_checked,-41131.97621943642,-41131.97621943642,0,1,432,5668,,,pass,2.728484e-12,stderr=markov-cero 0.5.2 Optimal [LP -> primal] VERIFIED
bench02-2026-10-01,2026-10-01,/tmp/opencode/bench02-build/markov-cero-solve,36284e66e5584958d7cb57eb0fe7e1d080534835c9c01d1adcb5d4aca3336bc1,data/miplib/CMS750_4.mps,miplib,MILP,tune,1,warm,absent,1,300.0,,,,,,,,,,,,,,,,model_not_in_checkout
bench02-2026-10-01,2026-10-01,/tmp/opencode/bench02-build/markov-cero-solve,36284e66e5584958d7cb57eb0fe7e1d080534835c9c01d1adcb5d4aca3336bc1,data/miplib/beasleyC3.mps,miplib,MILP,tune,1,warm,absent,1,300.0,,,,,,,,,,,,,,,,model_not_in_checkout
bench02-2026-10-01,2026-10-01,/tmp/opencode/bench02-build/markov-cero-solve,36284e66e5584958d7cb57eb0fe7e1d080534835c9c01d1adcb5d4aca3336bc1,data/miplib/bnatt400.mps,miplib,MILP,tune,1,warm,absent,1,300.0,,,,,,,,,,,,,,,,model_not_in_checkout
bench02-2026-10-01,2026-10-01,/tmp/opencode/bench02-build/markov-cero-solve,36284e66e5584958d7cb57eb0fe7e1d080534835c9c01d1adcb5d4aca3336bc1,data/miplib/bppc4-08.mps,miplib,MILP,tune,1,warm,absent,1,300.0,,,,,,,,,,,,,,,,model_not_in_checkout
bench02-2026-10-01,2026-10-01,/tmp/opencode/bench02-build/markov-cero-solve,36284e66e5584958d7cb57eb0fe7e1d080534835c9c01d1adcb5d4aca3336bc1,data/miplib/cvs16r128-89.mps,miplib,MILP,tune,1,warm,absent,1,300.0,,,,,,,,,,,,,,,,model_not_in_checkout
bench02-2026-10-01,2026-10-01,/tmp/opencode/bench02-build/markov-cero-solve,36284e66e5584958d7cb57eb0fe7e1d080534835c9c01d1adcb5d4aca3336bc1,data/miplib/dano3_5.mps,miplib,MILP,tune,1,warm,absent,1,300.0,,,,,,,,,,,,,,,,model_not_in_checkout
bench02-2026-10-01,2026-10-01,/tmp/opencode/bench02-build/markov-cero-solve,36284e66e5584958d7cb57eb0fe7e1d080534835c9c01d1adcb5d4aca3336bc1,data/miplib/graph20-20-1rand.mps,miplib,MILP,tune,1,warm,absent,1,300.0,,,,,,,,,,,,,,,,model_not_in_checkout
bench02-2026-10-01,2026-10-01,/tmp/opencode/bench02-build/markov-cero-solve,36284e66e5584958d7cb57eb0fe7e1d080534835c9c01d1adcb5d4aca3336bc1,data/miplib/istanbul-no-cutoff.mps,miplib,MILP,tune,1,warm,absent,1,300.0,,,,,,,,,,,,,,,,model_not_in_checkout
bench02-2026-10-01,2026-10-01,/tmp/opencode/bench02-build/markov-cero-solve,36284e66e5584958d7cb57eb0fe7e1d080534835c9c01d1adcb5d4aca3336bc1,data/netlib/etamacro.mps,netlib,LP,holdout,1,warm,ok,1,60.0,2244.411,2242.26383,NumericalFailure,false,unverified,-755.7143090291331,,,0,1378,12120,,,not_checked,primal and variable_names differ in length,exit_code=7; stderr=markov-cero 0.5.2 NumericalFailure [LP -> primal] NOT VERIFIED numerical_diagnostic: primal_residual=5.5644022722844966e-10 dual_residual=2.0621525320674294e-16 complementarity_gap=0.00214953078166371
bench02-2026-10-01,2026-10-01,/tmp/opencode/bench02-build/markov-cero-solve,36284e66e5584958d7cb57eb0fe7e1d080534835c9c01d1adcb5d4aca3336bc1,data/miplib/mcsched.mps,miplib,MILP,tune,1,warm,absent,1,300.0,,,,,,,,,,,,,,,,model_not_in_checkout
bench02-2026-10-01,2026-10-01,/tmp/opencode/bench02-build/markov-cero-solve,36284e66e5584958d7cb57eb0fe7e1d080534835c9c01d1adcb5d4aca3336bc1,data/miplib/mik-250-20-75-4.mps,miplib,MILP,tune,1,warm,absent,1,300.0,,,,,,,,,,,,,,,,model_not_in_checkout
bench02-2026-10-01,2026-10-01,/tmp/opencode/bench02-build/markov-cero-solve,36284e66e5584958d7cb57eb0fe7e1d080534835c9c01d1adcb5d4aca3336bc1,data/miplib/neos-1354092.mps,miplib,MILP,tune,1,warm,absent,1,300.0,,,,,,,,,,,,,,,,model_not_in_checkout
bench02-2026-10-01,2026-10-01,/tmp/opencode/bench02-build/markov-cero-solve,36284e66e5584958d7cb57eb0fe7e1d080534835c9c01d1adcb5d4aca3336bc1,data/miplib/neos-3381206-awhea.mps,miplib,MILP,tune,1,warm,absent,1,300.0,,,,,,,,,,,,,,,,model_not_in_checkout
bench02-2026-10-01,2026-10-01,/tmp/opencode/bench02-build/markov-cero-solve,36284e66e5584958d7cb57eb0fe7e1d080534835c9c01d1adcb5d4aca3336bc1,data/miplib/neos17.mps,miplib,MILP,tune,1,warm,absent,1,300.0,,,,,,,,,,,,,,,,model_not_in_checkout
bench02-2026-10-01,2026-10-01,/tmp/opencode/bench02-build/markov-cero-solve,36284e66e5584958d7cb57eb0fe7e1d080534835c9c01d1adcb5d4aca3336bc1,data/cases/refinery_scheduling_large.mps,cases,MILP,tune,1,warm,ok,1,300.0,3272.166,3268.081068,Optimal,true,tree_replayed,-65416.9,-65416.9,0,1,2616,7484,,,pass,2.842171e-14,stderr=markov-cero 0.5.2 Optimal [MILP -> milp] VERIFIED proof: tier=independent_tree status=accepted budget_exhausted=false nodes=1 witness_values=2100 build_ms=1623.9913329999999 replay_ms=1.073996
bench02-2026-10-01,2026-10-01,/tmp/opencode/bench02-build/markov-cero-solve,36284e66e5584958d7cb57eb0fe7e1d080534835c9c01d1adcb5d4aca3336bc1,data/miplib/enlight_hard.mps,miplib,MILP,holdout,1,warm,ok,1,300.0,300019.735,300011.151672,ResourceLimit,false,unverified,0,19,,5343,3269153,63944,37.0,37.0,not_checked,no primal vector in result,exit_code=5; stderr=markov-cero 0.5.2 ResourceLimit [MILP -> milp] NOT VERIFIED proof: tier=unverified status=not_requested budget_exhausted=false nodes=0 witness_values=0 build_ms=0 replay_ms=0
bench02-2026-10-01,2026-10-01,/tmp/opencode/bench02-build/markov-cero-solve,36284e66e5584958d7cb57eb0fe7e1d080534835c9c01d1adcb5d4aca3336bc1,data/miplib/sp97ar.mps,miplib,MILP,tune,1,warm,absent,1,300.0,,,,,,,,,,,,,,,,model_not_in_checkout
bench02-2026-10-01,2026-10-01,/tmp/opencode/bench02-build/markov-cero-solve,36284e66e5584958d7cb57eb0fe7e1d080534835c9c01d1adcb5d4aca3336bc1,data/miplib/uct-subprob.mps,miplib,MILP,tune,1,warm,absent,1,300.0,,,,,,,,,,,,,,,,model_not_in_checkout
bench02-2026-10-01,2026-10-01,/tmp/opencode/bench02-build/markov-cero-solve,36284e66e5584958d7cb57eb0fe7e1d080534835c9c01d1adcb5d4aca3336bc1,data/mittelmann/50v-10.mps,mittelmann,MILP,tune,1,warm,absent,1,300.0,,,,,,,,,,,,,,,,model_not_in_checkout
bench02-2026-10-01,2026-10-01,/tmp/opencode/bench02-build/markov-cero-solve,36284e66e5584958d7cb57eb0fe7e1d080534835c9c01d1adcb5d4aca3336bc1,data/mittelmann/app1-1.mps,mittelmann,MILP,tune,1,warm,absent,1,300.0,,,,,,,,,,,,,,,,model_not_in_checkout
bench02-2026-10-01,2026-10-01,/tmp/opencode/bench02-build/markov-cero-solve,36284e66e5584958d7cb57eb0fe7e1d080534835c9c01d1adcb5d4aca3336bc1,data/mittelmann/fome11.mps,mittelmann,MILP,tune,1,warm,absent,1,300.0,,,,,,,,,,,,,,,,model_not_in_checkout
bench02-2026-10-01,2026-10-01,/tmp/opencode/bench02-build/markov-cero-solve,36284e66e5584958d7cb57eb0fe7e1d080534835c9c01d1adcb5d4aca3336bc1,data/miplib/mas76.mps,miplib,MILP,tune,1,warm,ok,1,300.0,300006.926,300004.038184,ResourceLimit,false,unverified,0,39298.31622001895,0.9999999607016837,6729,4264373,15728,40005.05398999999,40005.05398999999,not_checked,no primal vector in result,exit_code=5; stderr=markov-cero 0.5.2 ResourceLimit [MILP -> milp] NOT VERIFIED proof: tier=unverified status=not_requested budget_exhausted=false nodes=0 witness_values=0 build_ms=0 replay_ms=0
bench02-2026-10-01,2026-10-01,/tmp/opencode/bench02-build/markov-cero-solve,36284e66e5584958d7cb57eb0fe7e1d080534835c9c01d1adcb5d4aca3336bc1,data/mittelmann/nug08-3rd.mps,mittelmann,MILP,tune,1,warm,absent,1,300.0,,,,,,,,,,,,,,,,model_not_in_checkout
bench02-2026-10-01,2026-10-01,/tmp/opencode/bench02-build/markov-cero-solve,36284e66e5584958d7cb57eb0fe7e1d080534835c9c01d1adcb5d4aca3336bc1,data/mittelmann/nug20.mps,mittelmann,MILP,tune,1,warm,absent,1,300.0,,,,,,,,,,,,,,,,model_not_in_checkout
bench02-2026-10-01,2026-10-01,/tmp/opencode/bench02-build/markov-cero-solve,36284e66e5584958d7cb57eb0fe7e1d080534835c9c01d1adcb5d4aca3336bc1,data/netlib/80bau3b.mps,netlib,LP,tune,1,warm,absent,1,60.0,,,,,,,,,,,,,,,,model_not_in_checkout
bench02-2026-10-01,2026-10-01,/tmp/opencode/bench02-build/markov-cero-solve,36284e66e5584958d7cb57eb0fe7e1d080534835c9c01d1adcb5d4aca3336bc1,data/netlib/bandm.mps,netlib,LP,tune,1,warm,ok,1,60.0,394.893,392.116217,Optimal,true,optimality_witness_checked,-158.6280184501206,-158.6280184501206,0,1,2105,6724,,,pass,1.936229e-13,stderr=markov-cero 0.5.2 Optimal [LP -> primal] VERIFIED
bench02-2026-10-01,2026-10-01,/tmp/opencode/bench02-build/markov-cero-solve,36284e66e5584958d7cb57eb0fe7e1d080534835c9c01d1adcb5d4aca3336bc1,data/netlib/beaconfd.mps,netlib,LP,tune,1,warm,ok,1,60.0,22.853,20.47745,Optimal,true,optimality_witness_checked,33592.485807200006,33592.485807200006,0,1,244,6136,33592.4858072,7.275957614183426e-12,pass,3.259615e-11,stderr=markov-cero 0.5.2 Optimal [LP -> primal] VERIFIED
bench02-2026-10-01,2026-10-01,/tmp/opencode/bench02-build/markov-cero-solve,36284e66e5584958d7cb57eb0fe7e1d080534835c9c01d1adcb5d4aca3336bc1,data/netlib/bnl2.mps,netlib,LP,tune,1,warm,absent,1,60.0,,,,,,,,,,,,,,,,model_not_in_checkout
bench02-2026-10-01,2026-10-01,/tmp/opencode/bench02-build/markov-cero-solve,36284e66e5584958d7cb57eb0fe7e1d080534835c9c01d1adcb5d4aca3336bc1,data/miplib/pk1.mps,miplib,MILP,tune,1,warm,ok,1,300.0,300006.132,300003.180079,ResourceLimit,false,unverified,0,2.3407435711006874,0.9803298859571371,5228,3580955,12384,11.0,11.0,not_checked,no primal vector in result,exit_code=5; stderr=markov-cero 0.5.2 ResourceLimit [MILP -> milp] NOT VERIFIED proof: tier=unverified status=not_requested budget_exhausted=false nodes=0 witness_values=0 build_ms=0 replay_ms=0
bench02-2026-10-01,2026-10-01,/tmp/opencode/bench02-build/markov-cero-solve,36284e66e5584958d7cb57eb0fe7e1d080534835c9c01d1adcb5d4aca3336bc1,data/netlib/boeing2.mps,netlib,LP,tune,1,warm,ok,1,60.0,179.818,176.442066,Optimal,true,optimality_witness_checked,-315.0187280152029,-315.0187280152029,0,1,1254,6332,,,pass,1.421085e-14,stderr=markov-cero 0.5.2 Optimal [LP -> primal] VERIFIED
bench02-2026-10-01,2026-10-01,/tmp/opencode/bench02-build/markov-cero-solve,36284e66e5584958d7cb57eb0fe7e1d080534835c9c01d1adcb5d4aca3336bc1,data/netlib/fit2p.mps,netlib,LP,tune,1,warm,absent,1,60.0,,,,,,,,,,,,,,,,model_not_in_checkout
bench02-2026-10-01,2026-10-01,/tmp/opencode/bench02-build/markov-cero-solve,36284e66e5584958d7cb57eb0fe7e1d080534835c9c01d1adcb5d4aca3336bc1,data/netlib/forplan.mps,netlib,LP,tune,1,warm,absent,1,60.0,,,,,,,,,,,,,,,,model_not_in_checkout
bench02-2026-10-01,2026-10-01,/tmp/opencode/bench02-build/markov-cero-solve,36284e66e5584958d7cb57eb0fe7e1d080534835c9c01d1adcb5d4aca3336bc1,data/netlib/ganges.mps,netlib,LP,tune,1,warm,absent,1,60.0,,,,,,,,,,,,,,,,model_not_in_checkout
bench02-2026-10-01,2026-10-01,/tmp/opencode/bench02-build/markov-cero-solve,36284e66e5584958d7cb57eb0fe7e1d080534835c9c01d1adcb5d4aca3336bc1,data/netlib/gfrd-pnc.mps,netlib,LP,tune,1,warm,absent,1,60.0,,,,,,,,,,,,,,,,model_not_in_checkout
bench02-2026-10-01,2026-10-01,/tmp/opencode/bench02-build/markov-cero-solve,36284e66e5584958d7cb57eb0fe7e1d080534835c9c01d1adcb5d4aca3336bc1,data/netlib/capri.mps,netlib,LP,tune,1,warm,ok,1,60.0,403.004,399.69374,Optimal,true,optimality_witness_checked,2690.012913768161,2690.012913768161,0,1,1281,6600,,,pass,8.590906e-13,stderr=markov-cero 0.5.2 Optimal [LP -> primal] VERIFIED
bench02-2026-10-01,2026-10-01,/tmp/opencode/bench02-build/markov-cero-solve,36284e66e5584958d7cb57eb0fe7e1d080534835c9c01d1adcb5d4aca3336bc1,data/netlib/kb2.mps,netlib,LP,tune,1,warm,ok,1,60.0,12.063,9.914781,Optimal,true,optimality_witness_checked,-1749.9001299062056,-1749.9001299062056,0,1,176,5720,,,pass,1.364242e-12,stderr=markov-cero 0.5.2 Optimal [LP -> primal] VERIFIED
bench02-2026-10-01,2026-10-01,/tmp/opencode/bench02-build/markov-cero-solve,36284e66e5584958d7cb57eb0fe7e1d080534835c9c01d1adcb5d4aca3336bc1,data/netlib/maros.mps,netlib,LP,tune,1,warm,absent,1,60.0,,,,,,,,,,,,,,,,model_not_in_checkout
bench02-2026-10-01,2026-10-01,/tmp/opencode/bench02-build/markov-cero-solve,36284e66e5584958d7cb57eb0fe7e1d080534835c9c01d1adcb5d4aca3336bc1,data/netlib/scsd1.mps,netlib,LP,tune,1,warm,ok,1,60.0,26.944,23.920807,NumericalFailure,false,unverified,8.666680097560823,,,0,79,7116,,,pass,4.937994e-11,exit_code=7; stderr=markov-cero 0.5.2 NumericalFailure [LP -> primal] NOT VERIFIED numerical_diagnostic: primal_residual=4.93799445777654e-11 dual_residual=0 complementarity_gap=1.5090295139641614e-05 condition_estimate=
bench02-2026-10-01,2026-10-01,/tmp/opencode/bench02-build/markov-cero-solve,36284e66e5584958d7cb57eb0fe7e1d080534835c9c01d1adcb5d4aca3336bc1,data/netlib/sctap1.mps,netlib,LP,tune,1,warm,ok,1,60.0,191.173,188.101374,Optimal,true,optimality_witness_checked,1412.2500000000002,1412.2500000000002,0,1,1409,6096,,,pass,1.421085e-14,stderr=markov-cero 0.5.2 Optimal [LP -> primal] VERIFIED
bench02-2026-10-01,2026-10-01,/tmp/opencode/bench02-build/markov-cero-solve,36284e66e5584958d7cb57eb0fe7e1d080534835c9c01d1adcb5d4aca3336bc1,data/netlib/ship04s.mps,netlib,LP,tune,1,warm,absent,1,60.0,,,,,,,,,,,,,,,,model_not_in_checkout
bench02-2026-10-01,2026-10-01,/tmp/opencode/bench02-build/markov-cero-solve,36284e66e5584958d7cb57eb0fe7e1d080534835c9c01d1adcb5d4aca3336bc1,data/netlib/ship12s.mps,netlib,LP,tune,1,warm,absent,1,60.0,,,,,,,,,,,,,,,,model_not_in_checkout
bench02-2026-10-01,2026-10-01,/tmp/opencode/bench02-build/markov-cero-solve,36284e66e5584958d7cb57eb0fe7e1d080534835c9c01d1adcb5d4aca3336bc1,data/netlib/standata.mps,netlib,LP,tune,1,warm,absent,1,60.0,,,,,,,,,,,,,,,,model_not_in_checkout
bench02-2026-10-01,2026-10-01,/tmp/opencode/bench02-build/markov-cero-solve,36284e66e5584958d7cb57eb0fe7e1d080534835c9c01d1adcb5d4aca3336bc1,data/netlib/stocfor2.mps,netlib,LP,tune,1,warm,absent,1,60.0,,,,,,,,,,,,,,,,model_not_in_checkout
bench02-2026-10-01,2026-10-01,/tmp/opencode/bench02-build/markov-cero-solve,36284e66e5584958d7cb57eb0fe7e1d080534835c9c01d1adcb5d4aca3336bc1,data/netlib/truss.mps,netlib,LP,tune,1,warm,absent,1,60.0,,,,,,,,,,,,,,,,model_not_in_checkout
bench02-2026-10-01,2026-10-01,/tmp/opencode/bench02-build/markov-cero-solve,36284e66e5584958d7cb57eb0fe7e1d080534835c9c01d1adcb5d4aca3336bc1,data/netlib/vtpbase.mps,netlib,LP,tune,1,warm,ok,1,60.0,21.301,17.722952,Optimal,true,optimality_witness_checked,129831.46246136136,129831.46246136136,0,1,185,5820,,,pass,3.161915e-11,stderr=markov-cero 0.5.2 Optimal [LP -> primal] VERIFIED
bench02-2026-10-01,2026-10-01,/tmp/opencode/bench02-build/markov-cero-solve,36284e66e5584958d7cb57eb0fe7e1d080534835c9c01d1adcb5d4aca3336bc1,data/qp/QPLIB_9002.mps,qplib,QP,tune,1,warm,absent,1,60.0,,,,,,,,,,,,,,,,model_not_in_checkout
bench02-2026-10-01,2026-10-01,/tmp/opencode/bench02-build/markov-cero-solve,36284e66e5584958d7cb57eb0fe7e1d080534835c9c01d1adcb5d4aca3336bc1,data/netlib/israel.mps,netlib,LP,tune,1,warm,ok,1,60.0,765.149,762.679173,Optimal,true,optimality_witness_checked,-896644.8218630457,-896644.8218630457,0,1,987,6656,,,pass,1.855360e-11,stderr=markov-cero 0.5.2 Optimal [LP -> primal] VERIFIED
bench02-2026-10-01,2026-10-01,/tmp/opencode/bench02-build/markov-cero-solve,36284e66e5584958d7cb57eb0fe7e1d080534835c9c01d1adcb5d4aca3336bc1,data/cases/li_crude_blending.mps,cases,MILP,train,1,warm,ok,1,300.0,6.724,3.515125,Optimal,true,optimality_witness_checked,5760,5760,0,1,112,5196,,,pass,0.000000e+00,stderr=markov-cero 0.5.2 Optimal [LP -> primal] VERIFIED
bench02-2026-10-01,2026-10-01,/tmp/opencode/bench02-build/markov-cero-solve,36284e66e5584958d7cb57eb0fe7e1d080534835c9c01d1adcb5d4aca3336bc1,data/cases/neiro_refinery_scheduling.mps,cases,MILP,train,1,warm,ok,1,300.0,103.804,101.208825,Optimal,true,tree_replayed,-275030,-275030,0,3,767,6688,,,pass,0.000000e+00,stderr=markov-cero 0.5.2 Optimal [MILP -> milp] VERIFIED proof: tier=independent_tree status=accepted budget_exhausted=false nodes=17 witness_values=3694 build_ms=65.235628000000005 replay_ms=0.5144649999999
bench02-2026-10-01,2026-10-01,/tmp/opencode/bench02-build/markov-cero-solve,36284e66e5584958d7cb57eb0fe7e1d080534835c9c01d1adcb5d4aca3336bc1,data/cases/crude_blending_large.mps,cases,MILP,train,1,warm,ok,1,300.0,1111.855,1109.673413,IterationLimit,false,unverified,0,,,1,10000,6756,,,not_checked,no primal vector in result,exit_code=6; stderr=markov-cero 0.5.2 IterationLimit [QP -> qp] NOT VERIFIED
bench02-2026-10-01,2026-10-01,/tmp/opencode/bench02-build/markov-cero-solve,36284e66e5584958d7cb57eb0fe7e1d080534835c9c01d1adcb5d4aca3336bc1,data/cases/process_network_large.mps,cases,MILP,train,1,warm,ok,1,300.0,1624.843,1620.376708,Optimal,true,tree_replayed,6420.866666666667,6420.866666666667,0,1,1511,7572,,,pass,0.000000e+00,stderr=markov-cero 0.5.2 Optimal [MILP -> milp] VERIFIED proof: tier=independent_tree status=accepted budget_exhausted=false nodes=1 witness_values=1792 build_ms=765.38642000000004 replay_ms=1.00512899999999
bench02-2026-10-01,2026-10-01,/tmp/opencode/bench02-build/markov-cero-solve,36284e66e5584958d7cb57eb0fe7e1d080534835c9c01d1adcb5d4aca3336bc1,data/cases/shapiro_network_flow.mps,cases,MILP,train,1,warm,ok,1,300.0,4.234,1.544747,Optimal,true,optimality_witness_checked,1176,1176,0,1,68,5024,,,pass,0.000000e+00,stderr=markov-cero 0.5.2 Optimal [LP -> primal] VERIFIED
bench02-2026-10-01,2026-10-01,/tmp/opencode/bench02-build/markov-cero-solve,36284e66e5584958d7cb57eb0fe7e1d080534835c9c01d1adcb5d4aca3336bc1,data/miplib/sp150x300d.mps,miplib,MILP,tune,1,warm,ok,1,300.0,300009.437,300005.480404,ResourceLimit,false,unverified,0,6.917349950803542,0.9011807149885208,248,330443,21716,69.0,69.0,not_checked,no primal vector in result,exit_code=5; stderr=markov-cero 0.5.2 ResourceLimit [MILP -> milp] NOT VERIFIED proof: tier=unverified status=not_requested budget_exhausted=false nodes=0 witness_values=0 build_ms=0 replay_ms=0
bench02-2026-10-01,2026-10-01,/tmp/opencode/bench02-build/markov-cero-solve,36284e66e5584958d7cb57eb0fe7e1d080534835c9c01d1adcb5d4aca3336bc1,data/miplib/assign1-5-8.mps,miplib,MILP,train,1,warm,absent,1,300.0,,,,,,,,,,,,,,,,model_not_in_checkout
bench02-2026-10-01,2026-10-01,/tmp/opencode/bench02-build/markov-cero-solve,36284e66e5584958d7cb57eb0fe7e1d080534835c9c01d1adcb5d4aca3336bc1,data/miplib/binkar10_1.mps,miplib,MILP,train,1,warm,absent,1,300.0,,,,,,,,,,,,,,,,model_not_in_checkout
bench02-2026-10-01,2026-10-01,/tmp/opencode/bench02-build/markov-cero-solve,36284e66e5584958d7cb57eb0fe7e1d080534835c9c01d1adcb5d4aca3336bc1,data/miplib/blp-ar98.mps,miplib,MILP,train,1,warm,absent,1,300.0,,,,,,,,,,,,,,,,model_not_in_checkout
bench02-2026-10-01,2026-10-01,/tmp/opencode/bench02-build/markov-cero-solve,36284e66e5584958d7cb57eb0fe7e1d080534835c9c01d1adcb5d4aca3336bc1,data/miplib/blp-ic98.mps,miplib,MILP,train,1,warm,absent,1,300.0,,,,,,,,,,,,,,,,model_not_in_checkout
bench02-2026-10-01,2026-10-01,/tmp/opencode/bench02-build/markov-cero-solve,36284e66e5584958d7cb57eb0fe7e1d080534835c9c01d1adcb5d4aca3336bc1,data/miplib/cmflsp50-24-8-8.mps,miplib,MILP,train,1,warm,absent,1,300.0,,,,,,,,,,,,,,,,model_not_in_checkout
bench02-2026-10-01,2026-10-01,/tmp/opencode/bench02-build/markov-cero-solve,36284e66e5584958d7cb57eb0fe7e1d080534835c9c01d1adcb5d4aca3336bc1,data/miplib/cod105.mps,miplib,MILP,train,1,warm,absent,1,300.0,,,,,,,,,,,,,,,,model_not_in_checkout
bench02-2026-10-01,2026-10-01,/tmp/opencode/bench02-build/markov-cero-solve,36284e66e5584958d7cb57eb0fe7e1d080534835c9c01d1adcb5d4aca3336bc1,data/miplib/comp21-2idx.mps,miplib,MILP,train,1,warm,absent,1,300.0,,,,,,,,,,,,,,,,model_not_in_checkout
bench02-2026-10-01,2026-10-01,/tmp/opencode/bench02-build/markov-cero-solve,36284e66e5584958d7cb57eb0fe7e1d080534835c9c01d1adcb5d4aca3336bc1,data/miplib/cost266-UUE.mps,miplib,MILP,train,1,warm,absent,1,300.0,,,,,,,,,,,,,,,,model_not_in_checkout
bench02-2026-10-01,2026-10-01,/tmp/opencode/bench02-build/markov-cero-solve,36284e66e5584958d7cb57eb0fe7e1d080534835c9c01d1adcb5d4aca3336bc1,data/miplib/csched007.mps,miplib,MILP,train,1,warm,absent,1,300.0,,,,,,,,,,,,,,,,model_not_in_checkout
bench02-2026-10-01,2026-10-01,/tmp/opencode/bench02-build/markov-cero-solve,36284e66e5584958d7cb57eb0fe7e1d080534835c9c01d1adcb5d4aca3336bc1,data/miplib/csched008.mps,miplib,MILP,train,1,warm,absent,1,300.0,,,,,,,,,,,,,,,,model_not_in_checkout
bench02-2026-10-01,2026-10-01,/tmp/opencode/bench02-build/markov-cero-solve,36284e66e5584958d7cb57eb0fe7e1d080534835c9c01d1adcb5d4aca3336bc1,data/miplib/dano3_3.mps,miplib,MILP,train,1,warm,absent,1,300.0,,,,,,,,,,,,,,,,model_not_in_checkout
bench02-2026-10-01,2026-10-01,/tmp/opencode/bench02-build/markov-cero-solve,36284e66e5584958d7cb57eb0fe7e1d080534835c9c01d1adcb5d4aca3336bc1,data/miplib/decomp2.mps,miplib,MILP,train,1,warm,absent,1,300.0,,,,,,,,,,,,,,,,model_not_in_checkout
bench02-2026-10-01,2026-10-01,/tmp/opencode/bench02-build/markov-cero-solve,36284e66e5584958d7cb57eb0fe7e1d080534835c9c01d1adcb5d4aca3336bc1,data/miplib/drayage-100-23.mps,miplib,MILP,train,1,warm,absent,1,300.0,,,,,,,,,,,,,,,,model_not_in_checkout
bench02-2026-10-01,2026-10-01,/tmp/opencode/bench02-build/markov-cero-solve,36284e66e5584958d7cb57eb0fe7e1d080534835c9c01d1adcb5d4aca3336bc1,data/miplib/drayage-25-23.mps,miplib,MILP,train,1,warm,absent,1,300.0,,,,,,,,,,,,,,,,model_not_in_checkout
bench02-2026-10-01,2026-10-01,/tmp/opencode/bench02-build/markov-cero-solve,36284e66e5584958d7cb57eb0fe7e1d080534835c9c01d1adcb5d4aca3336bc1,data/miplib/dws008-01.mps,miplib,MILP,train,1,warm,absent,1,300.0,,,,,,,,,,,,,,,,model_not_in_checkout
bench02-2026-10-01,2026-10-01,/tmp/opencode/bench02-build/markov-cero-solve,36284e66e5584958d7cb57eb0fe7e1d080534835c9c01d1adcb5d4aca3336bc1,data/miplib/eil33-2.mps,miplib,MILP,train,1,warm,absent,1,300.0,,,,,,,,,,,,,,,,model_not_in_checkout
bench02-2026-10-01,2026-10-01,/tmp/opencode/bench02-build/markov-cero-solve,36284e66e5584958d7cb57eb0fe7e1d080534835c9c01d1adcb5d4aca3336bc1,data/miplib/exp-1-500-5-5.mps,miplib,MILP,train,1,warm,absent,1,300.0,,,,,,,,,,,,,,,,model_not_in_checkout
bench02-2026-10-01,2026-10-01,/tmp/opencode/bench02-build/markov-cero-solve,36284e66e5584958d7cb57eb0fe7e1d080534835c9c01d1adcb5d4aca3336bc1,data/miplib/fhnw-binpack4-48.mps,miplib,MILP,train,1,warm,absent,1,300.0,,,,,,,,,,,,,,,,model_not_in_checkout
bench02-2026-10-01,2026-10-01,/tmp/opencode/bench02-build/markov-cero-solve,36284e66e5584958d7cb57eb0fe7e1d080534835c9c01d1adcb5d4aca3336bc1,data/miplib/flugpl.mps,miplib,MILP,train,1,warm,ok,1,300.0,10943.188,10884.840875,Feasible,false,original_primal_checked,1201500,1201500,0,6703,287990,44192,1201500.0,0.0,pass,0.000000e+00,stderr=markov-cero 0.5.2 Feasible [MILP -> milp] NOT VERIFIED proof: tier=unverified status=exhausted budget_exhausted=true nodes=8975 witness_values=439624 build_ms=5000.0493660000002 replay_ms=0.0239329999
bench02-2026-10-01,2026-10-01,/tmp/opencode/bench02-build/markov-cero-solve,36284e66e5584958d7cb57eb0fe7e1d080534835c9c01d1adcb5d4aca3336bc1,data/cases/supply_chain_large.mps,cases,MILP,train,1,warm,ok,1,300.0,13320.382,13315.990306,Feasible,false,original_primal_checked,926342.1266,926342.1266,0,11,25731,10684,,,pass,9.094947e-13,stderr=markov-cero 0.5.2 Feasible [MILP -> milp] NOT VERIFIED proof: tier=unverified status=exhausted budget_exhausted=true nodes=11 witness_values=11697 build_ms=5001.035433 replay_ms=0.181531
bench02-2026-10-01,2026-10-01,/tmp/opencode/bench02-build/markov-cero-solve,36284e66e5584958d7cb57eb0fe7e1d080534835c9c01d1adcb5d4aca3336bc1,data/mittelmann/neos5.mps,mittelmann,MILP,tune,1,warm,ok,1,300.0,300007.69,300004.268724,ResourceLimit,false,unverified,0,13.875,0.14615384615384616,5260,4131993,12108,,,not_checked,no primal vector in result,exit_code=5; stderr=markov-cero 0.5.2 ResourceLimit [MILP -> milp] NOT VERIFIED proof: tier=unverified status=not_requested budget_exhausted=false nodes=0 witness_values=0 build_ms=0 replay_ms=0
bench02-2026-10-01,2026-10-01,/tmp/opencode/bench02-build/markov-cero-solve,36284e66e5584958d7cb57eb0fe7e1d080534835c9c01d1adcb5d4aca3336bc1,data/miplib/germanrr.mps,miplib,MILP,train,1,warm,absent,1,300.0,,,,,,,,,,,,,,,,model_not_in_checkout
bench02-2026-10-01,2026-10-01,/tmp/opencode/bench02-build/markov-cero-solve,36284e66e5584958d7cb57eb0fe7e1d080534835c9c01d1adcb5d4aca3336bc1,data/miplib/glass-sc.mps,miplib,MILP,train,1,warm,absent,1,300.0,,,,,,,,,,,,,,,,model_not_in_checkout
bench02-2026-10-01,2026-10-01,/tmp/opencode/bench02-build/markov-cero-solve,36284e66e5584958d7cb57eb0fe7e1d080534835c9c01d1adcb5d4aca3336bc1,data/miplib/gmu-35-40.mps,miplib,MILP,train,1,warm,absent,1,300.0,,,,,,,,,,,,,,,,model_not_in_checkout
bench02-2026-10-01,2026-10-01,/tmp/opencode/bench02-build/markov-cero-solve,36284e66e5584958d7cb57eb0fe7e1d080534835c9c01d1adcb5d4aca3336bc1,data/miplib/h80x6320d.mps,miplib,MILP,train,1,warm,absent,1,300.0,,,,,,,,,,,,,,,,model_not_in_checkout
bench02-2026-10-01,2026-10-01,/tmp/opencode/bench02-build/markov-cero-solve,36284e66e5584958d7cb57eb0fe7e1d080534835c9c01d1adcb5d4aca3336bc1,data/miplib/hypothyroid-k1.mps,miplib,MILP,train,1,warm,absent,1,300.0,,,,,,,,,,,,,,,,model_not_in_checkout
bench02-2026-10-01,2026-10-01,/tmp/opencode/bench02-build/markov-cero-solve,36284e66e5584958d7cb57eb0fe7e1d080534835c9c01d1adcb5d4aca3336bc1,data/miplib/ic97_potential.mps,miplib,MILP,train,1,warm,absent,1,300.0,,,,,,,,,,,,,,,,model_not_in_checkout
bench02-2026-10-01,2026-10-01,/tmp/opencode/bench02-build/markov-cero-solve,36284e66e5584958d7cb57eb0fe7e1d080534835c9c01d1adcb5d4aca3336bc1,data/miplib/icir97_tension.mps,miplib,MILP,train,1,warm,absent,1,300.0,,,,,,,,,,,,,,,,model_not_in_checkout
bench02-2026-10-01,2026-10-01,/tmp/opencode/bench02-build/markov-cero-solve,36284e66e5584958d7cb57eb0fe7e1d080534835c9c01d1adcb5d4aca3336bc1,data/miplib/irp.mps,miplib,MILP,train,1,warm,absent,1,300.0,,,,,,,,,,,,,,,,model_not_in_checkout
bench02-2026-10-01,2026-10-01,/tmp/opencode/bench02-build/markov-cero-solve,36284e66e5584958d7cb57eb0fe7e1d080534835c9c01d1adcb5d4aca3336bc1,data/miplib/leo1.mps,miplib,MILP,train,1,warm,absent,1,300.0,,,,,,,,,,,,,,,,model_not_in_checkout
bench02-2026-10-01,2026-10-01,/tmp/opencode/bench02-build/markov-cero-solve,36284e66e5584958d7cb57eb0fe7e1d080534835c9c01d1adcb5d4aca3336bc1,data/miplib/leo2.mps,miplib,MILP,train,1,warm,absent,1,300.0,,,,,,,,,,,,,,,,model_not_in_checkout
bench02-2026-10-01,2026-10-01,/tmp/opencode/bench02-build/markov-cero-solve,36284e66e5584958d7cb57eb0fe7e1d080534835c9c01d1adcb5d4aca3336bc1,data/miplib/mad.mps,miplib,MILP,train,1,warm,absent,1,300.0,,,,,,,,,,,,,,,,model_not_in_checkout
bench02-2026-10-01,2026-10-01,/tmp/opencode/bench02-build/markov-cero-solve,36284e66e5584958d7cb57eb0fe7e1d080534835c9c01d1adcb5d4aca3336bc1,data/cases/production_planning_large.mps,cases,MILP,train,1,warm,ok,1,300.0,300003.02,300000.852323,ResourceLimit,false,unverified,0,91629.7262235514,0.02197383292861845,914,1811200,10192,,,not_checked,no primal vector in result,exit_code=5; stderr=markov-cero 0.5.2 ResourceLimit [MILP -> milp] NOT VERIFIED proof: tier=unverified status=not_requested budget_exhausted=false nodes=0 witness_values=0 build_ms=0 replay_ms=0
bench02-2026-10-01,2026-10-01,/tmp/opencode/bench02-build/markov-cero-solve,36284e66e5584958d7cb57eb0fe7e1d080534835c9c01d1adcb5d4aca3336bc1,data/miplib/gen-ip002.mps,miplib,MILP,train,1,warm,ok,1,300.0,300049.893,300045.452251,ResourceLimit,false,unverified,0,-4812.042860029734,0.010891069523748166,34178,2749535,45792,-4783.733392,4783.733392,not_checked,no primal vector in result,exit_code=5; stderr=markov-cero 0.5.2 ResourceLimit [MILP -> milp] NOT VERIFIED proof: tier=unverified status=not_requested budget_exhausted=false nodes=0 witness_values=0 build_ms=0 replay_ms=0
bench02-2026-10-01,2026-10-01,/tmp/opencode/bench02-build/markov-cero-solve,36284e66e5584958d7cb57eb0fe7e1d080534835c9c01d1adcb5d4aca3336bc1,data/miplib/mc11.mps,miplib,MILP,train,1,warm,absent,1,300.0,,,,,,,,,,,,,,,,model_not_in_checkout
bench02-2026-10-01,2026-10-01,/tmp/opencode/bench02-build/markov-cero-solve,36284e66e5584958d7cb57eb0fe7e1d080534835c9c01d1adcb5d4aca3336bc1,data/miplib/milo-v12-6-r2-40-1.mps,miplib,MILP,train,1,warm,absent,1,300.0,,,,,,,,,,,,,,,,model_not_in_checkout
bench02-2026-10-01,2026-10-01,/tmp/opencode/bench02-build/markov-cero-solve,36284e66e5584958d7cb57eb0fe7e1d080534835c9c01d1adcb5d4aca3336bc1,data/miplib/mushroom-best.mps,miplib,MILP,train,1,warm,absent,1,300.0,,,,,,,,,,,,,,,,model_not_in_checkout
bench02-2026-10-01,2026-10-01,/tmp/opencode/bench02-build/markov-cero-solve,36284e66e5584958d7cb57eb0fe7e1d080534835c9c01d1adcb5d4aca3336bc1,data/miplib/mzzv11.mps,miplib,MILP,train,1,warm,absent,1,300.0,,,,,,,,,,,,,,,,model_not_in_checkout
bench02-2026-10-01,2026-10-01,/tmp/opencode/bench02-build/markov-cero-solve,36284e66e5584958d7cb57eb0fe7e1d080534835c9c01d1adcb5d4aca3336bc1,data/miplib/mzzv42z.mps,miplib,MILP,train,1,warm,absent,1,300.0,,,,,,,,,,,,,,,,model_not_in_checkout
bench02-2026-10-01,2026-10-01,/tmp/opencode/bench02-build/markov-cero-solve,36284e66e5584958d7cb57eb0fe7e1d080534835c9c01d1adcb5d4aca3336bc1,data/miplib/n2seq36q.mps,miplib,MILP,train,1,warm,absent,1,300.0,,,,,,,,,,,,,,,,model_not_in_checkout
bench02-2026-10-01,2026-10-01,/tmp/opencode/bench02-build/markov-cero-solve,36284e66e5584958d7cb57eb0fe7e1d080534835c9c01d1adcb5d4aca3336bc1,data/miplib/n5-3.mps,miplib,MILP,train,1,warm,absent,1,300.0,,,,,,,,,,,,,,,,model_not_in_checkout
bench02-2026-10-01,2026-10-01,/tmp/opencode/bench02-build/markov-cero-solve,36284e66e5584958d7cb57eb0fe7e1d080534835c9c01d1adcb5d4aca3336bc1,data/miplib/neos-1171737.mps,miplib,MILP,train,1,warm,absent,1,300.0,,,,,,,,,,,,,,,,model_not_in_checkout
bench02-2026-10-01,2026-10-01,/tmp/opencode/bench02-build/markov-cero-solve,36284e66e5584958d7cb57eb0fe7e1d080534835c9c01d1adcb5d4aca3336bc1,data/miplib/neos-1456979.mps,miplib,MILP,train,1,warm,absent,1,300.0,,,,,,,,,,,,,,,,model_not_in_checkout
bench02-2026-10-01,2026-10-01,/tmp/opencode/bench02-build/markov-cero-solve,36284e66e5584958d7cb57eb0fe7e1d080534835c9c01d1adcb5d4aca3336bc1,data/miplib/neos-1582420.mps,miplib,MILP,train,1,warm,absent,1,300.0,,,,,,,,,,,,,,,,model_not_in_checkout
bench02-2026-10-01,2026-10-01,/tmp/opencode/bench02-build/markov-cero-solve,36284e66e5584958d7cb57eb0fe7e1d080534835c9c01d1adcb5d4aca3336bc1,data/miplib/gen-ip054.mps,miplib,MILP,train,1,warm,ok,1,300.0,300037.156,300032.408989,ResourceLimit,false,unverified,0,6787.504353517966,0.015826335083661557,18487,3661191,37728,6840.96564179,6840.96564179,not_checked,no primal vector in result,exit_code=5; stderr=markov-cero 0.5.2 ResourceLimit [MILP -> milp] NOT VERIFIED proof: tier=unverified status=not_requested budget_exhausted=false nodes=0 witness_values=0 build_ms=0 replay_ms=0
bench02-2026-10-01,2026-10-01,/tmp/opencode/bench02-build/markov-cero-solve,36284e66e5584958d7cb57eb0fe7e1d080534835c9c01d1adcb5d4aca3336bc1,data/miplib/neos-2978193-inde.mps,miplib,MILP,train,1,warm,absent,1,300.0,,,,,,,,,,,,,,,,model_not_in_checkout
bench02-2026-10-01,2026-10-01,/tmp/opencode/bench02-build/markov-cero-solve,36284e66e5584958d7cb57eb0fe7e1d080534835c9c01d1adcb5d4aca3336bc1,data/miplib/neos-3004026-krka.mps,miplib,MILP,train,1,warm,absent,1,300.0,,,,,,,,,,,,,,,,model_not_in_checkout
bench02-2026-10-01,2026-10-01,/tmp/opencode/bench02-build/markov-cero-solve,36284e66e5584958d7cb57eb0fe7e1d080534835c9c01d1adcb5d4aca3336bc1,data/miplib/neos-3024952-loue.mps,miplib,MILP,train,1,warm,absent,1,300.0,,,,,,,,,,,,,,,,model_not_in_checkout
bench02-2026-10-01,2026-10-01,/tmp/opencode/bench02-build/markov-cero-solve,36284e66e5584958d7cb57eb0fe7e1d080534835c9c01d1adcb5d4aca3336bc1,data/miplib/markshare_4_0.mps,miplib,MILP,train,1,warm,ok,1,300.0,300139.793,300122.22726,ResourceLimit,false,unverified,0,0,1,26507,4229013,244712,1.0,1.0,not_checked,no primal vector in result,exit_code=5; stderr=markov-cero 0.5.2 ResourceLimit [MILP -> milp] NOT VERIFIED proof: tier=unverified status=not_requested budget_exhausted=false nodes=0 witness_values=0 build_ms=0 replay_ms=0
bench02-2026-10-01,2026-10-01,/tmp/opencode/bench02-build/markov-cero-solve,36284e66e5584958d7cb57eb0fe7e1d080534835c9c01d1adcb5d4aca3336bc1,data/miplib/neos-3083819-nubu.mps,miplib,MILP,train,1,warm,absent,1,300.0,,,,,,,,,,,,,,,,model_not_in_checkout
bench02-2026-10-01,2026-10-01,/tmp/opencode/bench02-build/markov-cero-solve,36284e66e5584958d7cb57eb0fe7e1d080534835c9c01d1adcb5d4aca3336bc1,data/miplib/neos-3216931-puriri.mps,miplib,MILP,train,1,warm,absent,1,300.0,,,,,,,,,,,,,,,,model_not_in_checkout
bench02-2026-10-01,2026-10-01,/tmp/opencode/bench02-build/markov-cero-solve,36284e66e5584958d7cb57eb0fe7e1d080534835c9c01d1adcb5d4aca3336bc1,data/miplib/neos-3627168-kasai.mps,miplib,MILP,train,1,warm,absent,1,300.0,,,,,,,,,,,,,,,,model_not_in_checkout
bench02-2026-10-01,2026-10-01,/tmp/opencode/bench02-build/markov-cero-solve,36284e66e5584958d7cb57eb0fe7e1d080534835c9c01d1adcb5d4aca3336bc1,data/miplib/neos-4338804-snowy.mps,miplib,MILP,train,1,warm,absent,1,300.0,,,,,,,,,,,,,,,,model_not_in_checkout
bench02-2026-10-01,2026-10-01,/tmp/opencode/bench02-build/markov-cero-solve,36284e66e5584958d7cb57eb0fe7e1d080534835c9c01d1adcb5d4aca3336bc1,data/miplib/neos-4387871-tavua.mps,miplib,MILP,train,1,warm,absent,1,300.0,,,,,,,,,,,,,,,,model_not_in_checkout
bench02-2026-10-01,2026-10-01,/tmp/opencode/bench02-build/markov-cero-solve,36284e66e5584958d7cb57eb0fe7e1d080534835c9c01d1adcb5d4aca3336bc1,data/miplib/neos-4738912-atrato.mps,miplib,MILP,train,1,warm,absent,1,300.0,,,,,,,,,,,,,,,,model_not_in_checkout
bench02-2026-10-01,2026-10-01,/tmp/opencode/bench02-build/markov-cero-solve,36284e66e5584958d7cb57eb0fe7e1d080534835c9c01d1adcb5d4aca3336bc1,data/miplib/neos-662469.mps,miplib,MILP,train,1,warm,absent,1,300.0,,,,,,,,,,,,,,,,model_not_in_checkout
bench02-2026-10-01,2026-10-01,/tmp/opencode/bench02-build/markov-cero-solve,36284e66e5584958d7cb57eb0fe7e1d080534835c9c01d1adcb5d4aca3336bc1,data/miplib/neos-860300.mps,miplib,MILP,train,1,warm,absent,1,300.0,,,,,,,,,,,,,,,,model_not_in_checkout
bench02-2026-10-01,2026-10-01,/tmp/opencode/bench02-build/markov-cero-solve,36284e66e5584958d7cb57eb0fe7e1d080534835c9c01d1adcb5d4aca3336bc1,data/miplib/neos-911970.mps,miplib,MILP,train,1,warm,absent,1,300.0,,,,,,,,,,,,,,,,model_not_in_checkout
bench02-2026-10-01,2026-10-01,/tmp/opencode/bench02-build/markov-cero-solve,36284e66e5584958d7cb57eb0fe7e1d080534835c9c01d1adcb5d4aca3336bc1,data/miplib/net12.mps,miplib,MILP,train,1,warm,absent,1,300.0,,,,,,,,,,,,,,,,model_not_in_checkout
bench02-2026-10-01,2026-10-01,/tmp/opencode/bench02-build/markov-cero-solve,36284e66e5584958d7cb57eb0fe7e1d080534835c9c01d1adcb5d4aca3336bc1,data/miplib/nexp-150-20-8-5.mps,miplib,MILP,train,1,warm,absent,1,300.0,,,,,,,,,,,,,,,,model_not_in_checkout
bench02-2026-10-01,2026-10-01,/tmp/opencode/bench02-build/markov-cero-solve,36284e66e5584958d7cb57eb0fe7e1d080534835c9c01d1adcb5d4aca3336bc1,data/miplib/ns1208400.mps,miplib,MILP,train,1,warm,absent,1,300.0,,,,,,,,,,,,,,,,model_not_in_checkout
bench02-2026-10-01,2026-10-01,/tmp/opencode/bench02-build/markov-cero-solve,36284e66e5584958d7cb57eb0fe7e1d080534835c9c01d1adcb5d4aca3336bc1,data/miplib/ns1830653.mps,miplib,MILP,train,1,warm,absent,1,300.0,,,,,,,,,,,,,,,,model_not_in_checkout
bench02-2026-10-01,2026-10-01,/tmp/opencode/bench02-build/markov-cero-solve,36284e66e5584958d7cb57eb0fe7e1d080534835c9c01d1adcb5d4aca3336bc1,data/miplib/ns1952667.mps,miplib,MILP,train,1,warm,absent,1,300.0,,,,,,,,,,,,,,,,model_not_in_checkout
bench02-2026-10-01,2026-10-01,/tmp/opencode/bench02-build/markov-cero-solve,36284e66e5584958d7cb57eb0fe7e1d080534835c9c01d1adcb5d4aca3336bc1,data/miplib/nu25-pr12.mps,miplib,MILP,train,1,warm,absent,1,300.0,,,,,,,,,,,,,,,,model_not_in_checkout
bench02-2026-10-01,2026-10-01,/tmp/opencode/bench02-build/markov-cero-solve,36284e66e5584958d7cb57eb0fe7e1d080534835c9c01d1adcb5d4aca3336bc1,data/miplib/p200x1188c.mps,miplib,MILP,train,1,warm,absent,1,300.0,,,,,,,,,,,,,,,,model_not_in_checkout
bench02-2026-10-01,2026-10-01,/tmp/opencode/bench02-build/markov-cero-solve,36284e66e5584958d7cb57eb0fe7e1d080534835c9c01d1adcb5d4aca3336bc1,data/miplib/peg-solitaire-a3.mps,miplib,MILP,train,1,warm,absent,1,300.0,,,,,,,,,,,,,,,,model_not_in_checkout
bench02-2026-10-01,2026-10-01,/tmp/opencode/bench02-build/markov-cero-solve,36284e66e5584958d7cb57eb0fe7e1d080534835c9c01d1adcb5d4aca3336bc1,data/miplib/pg.mps,miplib,MILP,train,1,warm,absent,1,300.0,,,,,,,,,,,,,,,,model_not_in_checkout
bench02-2026-10-01,2026-10-01,/tmp/opencode/bench02-build/markov-cero-solve,36284e66e5584958d7cb57eb0fe7e1d080534835c9c01d1adcb5d4aca3336bc1,data/miplib/pg5_34.mps,miplib,MILP,train,1,warm,absent,1,300.0,,,,,,,,,,,,,,,,model_not_in_checkout
bench02-2026-10-01,2026-10-01,/tmp/opencode/bench02-build/markov-cero-solve,36284e66e5584958d7cb57eb0fe7e1d080534835c9c01d1adcb5d4aca3336bc1,data/miplib/piperout-08.mps,miplib,MILP,train,1,warm,absent,1,300.0,,,,,,,,,,,,,,,,model_not_in_checkout
bench02-2026-10-01,2026-10-01,/tmp/opencode/bench02-build/markov-cero-solve,36284e66e5584958d7cb57eb0fe7e1d080534835c9c01d1adcb5d4aca3336bc1,data/miplib/qap10.mps,miplib,MILP,train,1,warm,absent,1,300.0,,,,,,,,,,,,,,,,model_not_in_checkout
bench02-2026-10-01,2026-10-01,/tmp/opencode/bench02-build/markov-cero-solve,36284e66e5584958d7cb57eb0fe7e1d080534835c9c01d1adcb5d4aca3336bc1,data/miplib/ran14x18-disj-8.mps,miplib,MILP,train,1,warm,absent,1,300.0,,,,,,,,,,,,,,,,model_not_in_checkout
bench02-2026-10-01,2026-10-01,/tmp/opencode/bench02-build/markov-cero-solve,36284e66e5584958d7cb57eb0fe7e1d080534835c9c01d1adcb5d4aca3336bc1,data/miplib/reblock115.mps,miplib,MILP,train,1,warm,absent,1,300.0,,,,,,,,,,,,,,,,model_not_in_checkout
bench02-2026-10-01,2026-10-01,/tmp/opencode/bench02-build/markov-cero-solve,36284e66e5584958d7cb57eb0fe7e1d080534835c9c01d1adcb5d4aca3336bc1,data/miplib/rmatr100-p10.mps,miplib,MILP,train,1,warm,absent,1,300.0,,,,,,,,,,,,,,,,model_not_in_checkout
bench02-2026-10-01,2026-10-01,/tmp/opencode/bench02-build/markov-cero-solve,36284e66e5584958d7cb57eb0fe7e1d080534835c9c01d1adcb5d4aca3336bc1,data/miplib/rocI-4-11.mps,miplib,MILP,train,1,warm,absent,1,300.0,,,,,,,,,,,,,,,,model_not_in_checkout
bench02-2026-10-01,2026-10-01,/tmp/opencode/bench02-build/markov-cero-solve,36284e66e5584958d7cb57eb0fe7e1d080534835c9c01d1adcb5d4aca3336bc1,data/miplib/rococoB10-011000.mps,miplib,MILP,train,1,warm,absent,1,300.0,,,,,,,,,,,,,,,,model_not_in_checkout
bench02-2026-10-01,2026-10-01,/tmp/opencode/bench02-build/markov-cero-solve,36284e66e5584958d7cb57eb0fe7e1d080534835c9c01d1adcb5d4aca3336bc1,data/miplib/sct2.mps,miplib,MILP,train,1,warm,absent,1,300.0,,,,,,,,,,,,,,,,model_not_in_checkout
bench02-2026-10-01,2026-10-01,/tmp/opencode/bench02-build/markov-cero-solve,36284e66e5584958d7cb57eb0fe7e1d080534835c9c01d1adcb5d4aca3336bc1,data/miplib/seymour.mps,miplib,MILP,train,1,warm,absent,1,300.0,,,,,,,,,,,,,,,,model_not_in_checkout
bench02-2026-10-01,2026-10-01,/tmp/opencode/bench02-build/markov-cero-solve,36284e66e5584958d7cb57eb0fe7e1d080534835c9c01d1adcb5d4aca3336bc1,data/miplib/seymour1.mps,miplib,MILP,train,1,warm,absent,1,300.0,,,,,,,,,,,,,,,,model_not_in_checkout
bench02-2026-10-01,2026-10-01,/tmp/opencode/bench02-build/markov-cero-solve,36284e66e5584958d7cb57eb0fe7e1d080534835c9c01d1adcb5d4aca3336bc1,data/miplib/sp98ar.mps,miplib,MILP,train,1,warm,absent,1,300.0,,,,,,,,,,,,,,,,model_not_in_checkout
bench02-2026-10-01,2026-10-01,/tmp/opencode/bench02-build/markov-cero-solve,36284e66e5584958d7cb57eb0fe7e1d080534835c9c01d1adcb5d4aca3336bc1,data/miplib/stein15.mps,miplib,MILP,train,1,warm,ok,1,300.0,2366.272,2357.795775,Optimal,true,tree_replayed,9,9,0,169,34320,8244,9.0,0.0,pass,0.000000e+00,stderr=markov-cero 0.5.2 Optimal [MILP -> milp] VERIFIED proof: tier=independent_tree status=accepted budget_exhausted=false nodes=241 witness_values=23709 build_ms=352.14516800000001 replay_ms=2.62664099999
bench02-2026-10-01,2026-10-01,/tmp/opencode/bench02-build/markov-cero-solve,36284e66e5584958d7cb57eb0fe7e1d080534835c9c01d1adcb5d4aca3336bc1,data/miplib/stein9.mps,miplib,MILP,train,1,warm,ok,1,300.0,36.738,33.302538,Optimal,true,tree_replayed,5,5,0,13,976,6336,5.0,0.0,pass,0.000000e+00,stderr=markov-cero 0.5.2 Optimal [MILP -> milp] VERIFIED proof: tier=independent_tree status=accepted budget_exhausted=false nodes=33 witness_values=1413 build_ms=9.7755139999999994 replay_ms=0.20795
bench02-2026-10-01,2026-10-01,/tmp/opencode/bench02-build/markov-cero-solve,36284e66e5584958d7cb57eb0fe7e1d080534835c9c01d1adcb5d4aca3336bc1,data/miplib/supportcase26.mps,miplib,MILP,train,1,warm,absent,1,300.0,,,,,,,,,,,,,,,,model_not_in_checkout
bench02-2026-10-01,2026-10-01,/tmp/opencode/bench02-build/markov-cero-solve,36284e66e5584958d7cb57eb0fe7e1d080534835c9c01d1adcb5d4aca3336bc1,data/miplib/mas74.mps,miplib,MILP,train,1,warm,ok,1,300.0,300007.88,300003.983252,ResourceLimit,false,unverified,0,10888.167297792694,0.9999999891118327,5060,3848637,12996,11801.18572,11801.18572,not_checked,no primal vector in result,exit_code=5; stderr=markov-cero 0.5.2 ResourceLimit [MILP -> milp] NOT VERIFIED proof: tier=unverified status=not_requested budget_exhausted=false nodes=0 witness_values=0 build_ms=0 replay_ms=0
bench02-2026-10-01,2026-10-01,/tmp/opencode/bench02-build/markov-cero-solve,36284e66e5584958d7cb57eb0fe7e1d080534835c9c01d1adcb5d4aca3336bc1,data/miplib/tr12-30.mps,miplib,MILP,train,1,warm,absent,1,300.0,,,,,,,,,,,,,,,,model_not_in_checkout
bench02-2026-10-01,2026-10-01,/tmp/opencode/bench02-build/markov-cero-solve,36284e66e5584958d7cb57eb0fe7e1d080534835c9c01d1adcb5d4aca3336bc1,data/miplib/traininstance6.mps,miplib,MILP,train,1,warm,absent,1,300.0,,,,,,,,,,,,,,,,model_not_in_checkout
bench02-2026-10-01,2026-10-01,/tmp/opencode/bench02-build/markov-cero-solve,36284e66e5584958d7cb57eb0fe7e1d080534835c9c01d1adcb5d4aca3336bc1,data/miplib/trento1.mps,miplib,MILP,train,1,warm,absent,1,300.0,,,,,,,,,,,,,,,,model_not_in_checkout
bench02-2026-10-01,2026-10-01,/tmp/opencode/bench02-build/markov-cero-solve,36284e66e5584958d7cb57eb0fe7e1d080534835c9c01d1adcb5d4aca3336bc1,data/miplib/wachplan.mps,miplib,MILP,train,1,warm,absent,1,300.0,,,,,,,,,,,,,,,,model_not_in_checkout
bench02-2026-10-01,2026-10-01,/tmp/opencode/bench02-build/markov-cero-solve,36284e66e5584958d7cb57eb0fe7e1d080534835c9c01d1adcb5d4aca3336bc1,data/mittelmann/30n20b8.mps,mittelmann,MILP,train,1,warm,absent,1,300.0,,,,,,,,,,,,,,,,model_not_in_checkout
bench02-2026-10-01,2026-10-01,/tmp/opencode/bench02-build/markov-cero-solve,36284e66e5584958d7cb57eb0fe7e1d080534835c9c01d1adcb5d4aca3336bc1,data/mittelmann/bienst2.mps,mittelmann,MILP,train,1,warm,absent,1,300.0,,,,,,,,,,,,,,,,model_not_in_checkout
bench02-2026-10-01,2026-10-01,/tmp/opencode/bench02-build/markov-cero-solve,36284e66e5584958d7cb57eb0fe7e1d080534835c9c01d1adcb5d4aca3336bc1,data/mittelmann/fome12.mps,mittelmann,MILP,train,1,warm,absent,1,300.0,,,,,,,,,,,,,,,,model_not_in_checkout
bench02-2026-10-01,2026-10-01,/tmp/opencode/bench02-build/markov-cero-solve,36284e66e5584958d7cb57eb0fe7e1d080534835c9c01d1adcb5d4aca3336bc1,data/mittelmann/fome13.mps,mittelmann,MILP,train,1,warm,absent,1,300.0,,,,,,,,,,,,,,,,model_not_in_checkout
bench02-2026-10-01,2026-10-01,/tmp/opencode/bench02-build/markov-cero-solve,36284e66e5584958d7cb57eb0fe7e1d080534835c9c01d1adcb5d4aca3336bc1,data/miplib/neos-2657525-crna.mps,miplib,MILP,train,1,warm,ok,1,300.0,300567.483,300563.538398,ResourceLimit,false,unverified,0,0,,221,273769,15744,1.810748,1.810748,not_checked,no primal vector in result,exit_code=5; stderr=markov-cero 0.5.2 ResourceLimit [MILP -> milp] NOT VERIFIED proof: tier=unverified status=not_requested budget_exhausted=false nodes=0 witness_values=0 build_ms=0 replay_ms=0
bench02-2026-10-01,2026-10-01,/tmp/opencode/bench02-build/markov-cero-solve,36284e66e5584958d7cb57eb0fe7e1d080534835c9c01d1adcb5d4aca3336bc1,data/mittelmann/mkc1.mps,mittelmann,MILP,train,1,warm,absent,1,300.0,,,,,,,,,,,,,,,,model_not_in_checkout
bench02-2026-10-01,2026-10-01,/tmp/opencode/bench02-build/markov-cero-solve,36284e66e5584958d7cb57eb0fe7e1d080534835c9c01d1adcb5d4aca3336bc1,data/mittelmann/pds-20.mps,mittelmann,MILP,train,1,warm,absent,1,300.0,,,,,,,,,,,,,,,,model_not_in_checkout
bench02-2026-10-01,2026-10-01,/tmp/opencode/bench02-build/markov-cero-solve,36284e66e5584958d7cb57eb0fe7e1d080534835c9c01d1adcb5d4aca3336bc1,data/mittelmann/qap15.mps,mittelmann,MILP,train,1,warm,absent,1,300.0,,,,,,,,,,,,,,,,model_not_in_checkout
bench02-2026-10-01,2026-10-01,/tmp/opencode/bench02-build/markov-cero-solve,36284e66e5584958d7cb57eb0fe7e1d080534835c9c01d1adcb5d4aca3336bc1,data/mittelmann/rail507.mps,mittelmann,MILP,train,1,warm,absent,1,300.0,,,,,,,,,,,,,,,,model_not_in_checkout
bench02-2026-10-01,2026-10-01,/tmp/opencode/bench02-build/markov-cero-solve,36284e66e5584958d7cb57eb0fe7e1d080534835c9c01d1adcb5d4aca3336bc1,data/miplib/neos-3046615-murg.mps,miplib,MILP,train,1,warm,ok,1,300.0,301029.205,301025.441263,ResourceLimit,false,unverified,0,216,,176,159313,12952,1600.0,1600.0,not_checked,no primal vector in result,exit_code=5; stderr=markov-cero 0.5.2 ResourceLimit [MILP -> milp] NOT VERIFIED proof: tier=unverified status=not_requested budget_exhausted=false nodes=0 witness_values=0 build_ms=0 replay_ms=0
bench02-2026-10-01,2026-10-01,/tmp/opencode/bench02-build/markov-cero-solve,36284e66e5584958d7cb57eb0fe7e1d080534835c9c01d1adcb5d4aca3336bc1,data/netlib/25fv47.mps,netlib,LP,train,1,warm,absent,1,60.0,,,,,,,,,,,,,,,,model_not_in_checkout
bench02-2026-10-01,2026-10-01,/tmp/opencode/bench02-build/markov-cero-solve,36284e66e5584958d7cb57eb0fe7e1d080534835c9c01d1adcb5d4aca3336bc1,data/netlib/adlittle.mps,netlib,LP,train,1,warm,ok,1,60.0,31.707,29.033665,Optimal,true,optimality_witness_checked,225494.9631623804,225494.9631623804,0,1,625,5260,225494.96316238,3.7834979593753815e-10,pass,9.094947e-13,stderr=markov-cero 0.5.2 Optimal [LP -> primal] VERIFIED
bench02-2026-10-01,2026-10-01,/tmp/opencode/bench02-build/markov-cero-solve,36284e66e5584958d7cb57eb0fe7e1d080534835c9c01d1adcb5d4aca3336bc1,data/netlib/afiro.mps,netlib,LP,train,1,warm,ok,1,60.0,4.589,1.573472,Optimal,true,optimality_witness_checked,-464.75314285714285,-464.75314285714285,0,1,55,5116,-464.753142857143,1.7053025658242404e-13,pass,4.263256e-14,stderr=markov-cero 0.5.2 Optimal [LP -> primal] VERIFIED
bench02-2026-10-01,2026-10-01,/tmp/opencode/bench02-build/markov-cero-solve,36284e66e5584958d7cb57eb0fe7e1d080534835c9c01d1adcb5d4aca3336bc1,data/netlib/agg.mps,netlib,LP,train,1,warm,absent,1,60.0,,,,,,,,,,,,,,,,model_not_in_checkout
bench02-2026-10-01,2026-10-01,/tmp/opencode/bench02-build/markov-cero-solve,36284e66e5584958d7cb57eb0fe7e1d080534835c9c01d1adcb5d4aca3336bc1,data/netlib/agg2.mps,netlib,LP,train,1,warm,absent,1,60.0,,,,,,,,,,,,,,,,model_not_in_checkout
bench02-2026-10-01,2026-10-01,/tmp/opencode/bench02-build/markov-cero-solve,36284e66e5584958d7cb57eb0fe7e1d080534835c9c01d1adcb5d4aca3336bc1,data/netlib/agg3.mps,netlib,LP,train,1,warm,absent,1,60.0,,,,,,,,,,,,,,,,model_not_in_checkout
bench02-2026-10-01,2026-10-01,/tmp/opencode/bench02-build/markov-cero-solve,36284e66e5584958d7cb57eb0fe7e1d080534835c9c01d1adcb5d4aca3336bc1,data/netlib/blend.mps,netlib,LP,train,1,warm,ok,1,60.0,67.794,64.492812,Optimal,true,optimality_witness_checked,-30.812149845828245,-30.812149845828245,0,1,547,6008,,,pass,2.842171e-14,stderr=markov-cero 0.5.2 Optimal [LP -> primal] VERIFIED
bench02-2026-10-01,2026-10-01,/tmp/opencode/bench02-build/markov-cero-solve,36284e66e5584958d7cb57eb0fe7e1d080534835c9c01d1adcb5d4aca3336bc1,data/netlib/bnl1.mps,netlib,LP,train,1,warm,absent,1,60.0,,,,,,,,,,,,,,,,model_not_in_checkout
bench02-2026-10-01,2026-10-01,/tmp/opencode/bench02-build/markov-cero-solve,36284e66e5584958d7cb57eb0fe7e1d080534835c9c01d1adcb5d4aca3336bc1,data/netlib/boeing1.mps,netlib,LP,train,1,warm,absent,1,60.0,,,,,,,,,,,,,,,,model_not_in_checkout
bench02-2026-10-01,2026-10-01,/tmp/opencode/bench02-build/markov-cero-solve,36284e66e5584958d7cb57eb0fe7e1d080534835c9c01d1adcb5d4aca3336bc1,data/netlib/cycle.mps,netlib,LP,train,1,warm,absent,1,60.0,,,,,,,,,,,,,,,,model_not_in_checkout
bench02-2026-10-01,2026-10-01,/tmp/opencode/bench02-build/markov-cero-solve,36284e66e5584958d7cb57eb0fe7e1d080534835c9c01d1adcb5d4aca3336bc1,data/netlib/czprob.mps,netlib,LP,train,1,warm,absent,1,60.0,,,,,,,,,,,,,,,,model_not_in_checkout
bench02-2026-10-01,2026-10-01,/tmp/opencode/bench02-build/markov-cero-solve,36284e66e5584958d7cb57eb0fe7e1d080534835c9c01d1adcb5d4aca3336bc1,data/netlib/d2q06c.mps,netlib,LP,train,1,warm,absent,1,60.0,,,,,,,,,,,,,,,,model_not_in_checkout
bench02-2026-10-01,2026-10-01,/tmp/opencode/bench02-build/markov-cero-solve,36284e66e5584958d7cb57eb0fe7e1d080534835c9c01d1adcb5d4aca3336bc1,data/netlib/d6cube.mps,netlib,LP,train,1,warm,absent,1,60.0,,,,,,,,,,,,,,,,model_not_in_checkout
bench02-2026-10-01,2026-10-01,/tmp/opencode/bench02-build/markov-cero-solve,36284e66e5584958d7cb57eb0fe7e1d080534835c9c01d1adcb5d4aca3336bc1,data/netlib/degen2.mps,netlib,LP,train,1,warm,absent,1,60.0,,,,,,,,,,,,,,,,model_not_in_checkout
bench02-2026-10-01,2026-10-01,/tmp/opencode/bench02-build/markov-cero-solve,36284e66e5584958d7cb57eb0fe7e1d080534835c9c01d1adcb5d4aca3336bc1,data/netlib/degen3.mps,netlib,LP,train,1,warm,absent,1,60.0,,,,,,,,,,,,,,,,model_not_in_checkout
bench02-2026-10-01,2026-10-01,/tmp/opencode/bench02-build/markov-cero-solve,36284e66e5584958d7cb57eb0fe7e1d080534835c9c01d1adcb5d4aca3336bc1,data/netlib/dfl001.mps,netlib,LP,train,1,warm,absent,1,60.0,,,,,,,,,,,,,,,,model_not_in_checkout
bench02-2026-10-01,2026-10-01,/tmp/opencode/bench02-build/markov-cero-solve,36284e66e5584958d7cb57eb0fe7e1d080534835c9c01d1adcb5d4aca3336bc1,data/netlib/fffff800.mps,netlib,LP,train,1,warm,absent,1,60.0,,,,,,,,,,,,,,,,model_not_in_checkout
bench02-2026-10-01,2026-10-01,/tmp/opencode/bench02-build/markov-cero-solve,36284e66e5584958d7cb57eb0fe7e1d080534835c9c01d1adcb5d4aca3336bc1,data/netlib/finnis.mps,netlib,LP,train,1,warm,absent,1,60.0,,,,,,,,,,,,,,,,model_not_in_checkout
bench02-2026-10-01,2026-10-01,/tmp/opencode/bench02-build/markov-cero-solve,36284e66e5584958d7cb57eb0fe7e1d080534835c9c01d1adcb5d4aca3336bc1,data/netlib/fit1d.mps,netlib,LP,train,1,warm,absent,1,60.0,,,,,,,,,,,,,,,,model_not_in_checkout
bench02-2026-10-01,2026-10-01,/tmp/opencode/bench02-build/markov-cero-solve,36284e66e5584958d7cb57eb0fe7e1d080534835c9c01d1adcb5d4aca3336bc1,data/netlib/fit1p.mps,netlib,LP,train,1,warm,absent,1,60.0,,,,,,,,,,,,,,,,model_not_in_checkout
bench02-2026-10-01,2026-10-01,/tmp/opencode/bench02-build/markov-cero-solve,36284e66e5584958d7cb57eb0fe7e1d080534835c9c01d1adcb5d4aca3336bc1,data/netlib/fit2d.mps,netlib,LP,train,1,warm,absent,1,60.0,,,,,,,,,,,,,,,,model_not_in_checkout
bench02-2026-10-01,2026-10-01,/tmp/opencode/bench02-build/markov-cero-solve,36284e66e5584958d7cb57eb0fe7e1d080534835c9c01d1adcb5d4aca3336bc1,data/netlib/greenbea.mps,netlib,LP,train,1,warm,absent,1,60.0,,,,,,,,,,,,,,,,model_not_in_checkout
bench02-2026-10-01,2026-10-01,/tmp/opencode/bench02-build/markov-cero-solve,36284e66e5584958d7cb57eb0fe7e1d080534835c9c01d1adcb5d4aca3336bc1,data/netlib/grow15.mps,netlib,LP,train,1,warm,absent,1,60.0,,,,,,,,,,,,,,,,model_not_in_checkout
bench02-2026-10-01,2026-10-01,/tmp/opencode/bench02-build/markov-cero-solve,36284e66e5584958d7cb57eb0fe7e1d080534835c9c01d1adcb5d4aca3336bc1,data/netlib/grow22.mps,netlib,LP,train,1,warm,absent,1,60.0,,,,,,,,,,,,,,,,model_not_in_checkout
bench02-2026-10-01,2026-10-01,/tmp/opencode/bench02-build/markov-cero-solve,36284e66e5584958d7cb57eb0fe7e1d080534835c9c01d1adcb5d4aca3336bc1,data/netlib/grow7.mps,netlib,LP,train,1,warm,ok,1,60.0,6129.549,6126.347967,IterationLimit,false,unverified,0,,,0,10000,7784,,,not_checked,no primal vector in result,exit_code=6; stderr=markov-cero 0.5.2 IterationLimit [LP -> primal] NOT VERIFIED
bench02-2026-10-01,2026-10-01,/tmp/opencode/bench02-build/markov-cero-solve,36284e66e5584958d7cb57eb0fe7e1d080534835c9c01d1adcb5d4aca3336bc1,data/netlib/lotfi.mps,netlib,LP,train,1,warm,ok,1,60.0,122.436,120.104628,Optimal,true,optimality_witness_checked,-25.26470606188001,-25.26470606188001,0,1,1166,6192,,,pass,9.313226e-10,stderr=markov-cero 0.5.2 Optimal [LP -> primal] VERIFIED
bench02-2026-10-01,2026-10-01,/tmp/opencode/bench02-build/markov-cero-solve,36284e66e5584958d7cb57eb0fe7e1d080534835c9c01d1adcb5d4aca3336bc1,data/netlib/maros-r7.mps,netlib,LP,train,1,warm,absent,1,60.0,,,,,,,,,,,,,,,,model_not_in_checkout
bench02-2026-10-01,2026-10-01,/tmp/opencode/bench02-build/markov-cero-solve,36284e66e5584958d7cb57eb0fe7e1d080534835c9c01d1adcb5d4aca3336bc1,data/netlib/modszk1.mps,netlib,LP,train,1,warm,absent,1,60.0,,,,,,,,,,,,,,,,model_not_in_checkout
bench02-2026-10-01,2026-10-01,/tmp/opencode/bench02-build/markov-cero-solve,36284e66e5584958d7cb57eb0fe7e1d080534835c9c01d1adcb5d4aca3336bc1,data/netlib/nesm.mps,netlib,LP,train,1,warm,absent,1,60.0,,,,,,,,,,,,,,,,model_not_in_checkout
bench02-2026-10-01,2026-10-01,/tmp/opencode/bench02-build/markov-cero-solve,36284e66e5584958d7cb57eb0fe7e1d080534835c9c01d1adcb5d4aca3336bc1,data/netlib/perold.mps,netlib,LP,train,1,warm,absent,1,60.0,,,,,,,,,,,,,,,,model_not_in_checkout
bench02-2026-10-01,2026-10-01,/tmp/opencode/bench02-build/markov-cero-solve,36284e66e5584958d7cb57eb0fe7e1d080534835c9c01d1adcb5d4aca3336bc1,data/netlib/pilot.ja.mps,netlib,LP,train,1,warm,absent,1,60.0,,,,,,,,,,,,,,,,model_not_in_checkout
bench02-2026-10-01,2026-10-01,/tmp/opencode/bench02-build/markov-cero-solve,36284e66e5584958d7cb57eb0fe7e1d080534835c9c01d1adcb5d4aca3336bc1,data/netlib/pilot.mps,netlib,LP,train,1,warm,absent,1,60.0,,,,,,,,,,,,,,,,model_not_in_checkout
bench02-2026-10-01,2026-10-01,/tmp/opencode/bench02-build/markov-cero-solve,36284e66e5584958d7cb57eb0fe7e1d080534835c9c01d1adcb5d4aca3336bc1,data/netlib/pilot4.mps,netlib,LP,train,1,warm,absent,1,60.0,,,,,,,,,,,,,,,,model_not_in_checkout
bench02-2026-10-01,2026-10-01,/tmp/opencode/bench02-build/markov-cero-solve,36284e66e5584958d7cb57eb0fe7e1d080534835c9c01d1adcb5d4aca3336bc1,data/netlib/pilot87.mps,netlib,LP,train,1,warm,absent,1,60.0,,,,,,,,,,,,,,,,model_not_in_checkout
bench02-2026-10-01,2026-10-01,/tmp/opencode/bench02-build/markov-cero-solve,36284e66e5584958d7cb57eb0fe7e1d080534835c9c01d1adcb5d4aca3336bc1,data/netlib/pilotnov.mps,netlib,LP,train,1,warm,absent,1,60.0,,,,,,,,,,,,,,,,model_not_in_checkout
bench02-2026-10-01,2026-10-01,/tmp/opencode/bench02-build/markov-cero-solve,36284e66e5584958d7cb57eb0fe7e1d080534835c9c01d1adcb5d4aca3336bc1,data/netlib/qap12.mps,netlib,LP,train,1,warm,absent,1,60.0,,,,,,,,,,,,,,,,model_not_in_checkout
bench02-2026-10-01,2026-10-01,/tmp/opencode/bench02-build/markov-cero-solve,36284e66e5584958d7cb57eb0fe7e1d080534835c9c01d1adcb5d4aca3336bc1,data/netlib/qap15.mps,netlib,LP,train,1,warm,absent,1,60.0,,,,,,,,,,,,,,,,model_not_in_checkout
bench02-2026-10-01,2026-10-01,/tmp/opencode/bench02-build/markov-cero-solve,36284e66e5584958d7cb57eb0fe7e1d080534835c9c01d1adcb5d4aca3336bc1,data/netlib/qap8.mps,netlib,LP,train,1,warm,absent,1,60.0,,,,,,,,,,,,,,,,model_not_in_checkout
bench02-2026-10-01,2026-10-01,/tmp/opencode/bench02-build/markov-cero-solve,36284e66e5584958d7cb57eb0fe7e1d080534835c9c01d1adcb5d4aca3336bc1,data/netlib/recipe.mps,netlib,LP,train,1,warm,ok,1,60.0,19.904,17.468674,Optimal,true,optimality_witness_checked,-266.616,-266.616,0,1,211,5560,-266.616,0.0,pass,0.000000e+00,stderr=markov-cero 0.5.2 Optimal [LP -> primal] VERIFIED
bench02-2026-10-01,2026-10-01,/tmp/opencode/bench02-build/markov-cero-solve,36284e66e5584958d7cb57eb0fe7e1d080534835c9c01d1adcb5d4aca3336bc1,data/netlib/sc105.mps,netlib,LP,train,1,warm,ok,1,60.0,37.573,35.040171,Optimal,true,optimality_witness_checked,-52.20206121170726,-52.20206121170726,0,1,256,5372,-52.202061211707,2.6290081223123707e-13,pass,5.684342e-14,stderr=markov-cero 0.5.2 Optimal [LP -> primal] VERIFIED
bench02-2026-10-01,2026-10-01,/tmp/opencode/bench02-build/markov-cero-solve,36284e66e5584958d7cb57eb0fe7e1d080534835c9c01d1adcb5d4aca3336bc1,data/netlib/sc205.mps,netlib,LP,train,1,warm,ok,1,60.0,1815.017,1810.083672,Optimal,true,optimality_witness_checked,-52.20206121170727,-52.20206121170727,0,1,4417,5984,-52.202061211707,2.7000623958883807e-13,pass,1.136868e-13,stderr=markov-cero 0.5.2 Optimal [LP -> primal] VERIFIED
bench02-2026-10-01,2026-10-01,/tmp/opencode/bench02-build/markov-cero-solve,36284e66e5584958d7cb57eb0fe7e1d080534835c9c01d1adcb5d4aca3336bc1,data/netlib/sc50b.mps,netlib,LP,train,1,warm,ok,1,60.0,5.215,2.542648,Optimal,true,optimality_witness_checked,-70.00000000000001,-70.00000000000001,0,1,48,5452,-70.0,1.4210854715202004e-14,pass,5.684342e-14,stderr=markov-cero 0.5.2 Optimal [LP -> primal] VERIFIED
bench02-2026-10-01,2026-10-01,/tmp/opencode/bench02-build/markov-cero-solve,36284e66e5584958d7cb57eb0fe7e1d080534835c9c01d1adcb5d4aca3336bc1,data/netlib/scagr7.mps,netlib,LP,train,1,warm,ok,1,60.0,42.369,39.047063,Optimal,true,optimality_witness_checked,-2331389.8243309837,-2331389.8243309837,0,1,411,5908,-2331389.82433098,3.725290298461914e-09,pass,2.728484e-12,stderr=markov-cero 0.5.2 Optimal [LP -> primal] VERIFIED
bench02-2026-10-01,2026-10-01,/tmp/opencode/bench02-build/markov-cero-solve,36284e66e5584958d7cb57eb0fe7e1d080534835c9c01d1adcb5d4aca3336bc1,data/netlib/scfxm1.mps,netlib,LP,train,1,warm,ok,1,60.0,746.291,743.043876,Optimal,true,optimality_witness_checked,18416.75902834893,18416.75902834893,0,1,127,8668,,,pass,1.091394e-11,stderr=markov-cero 0.5.2 Optimal [LP -> primal] VERIFIED
bench02-2026-10-01,2026-10-01,/tmp/opencode/bench02-build/markov-cero-solve,36284e66e5584958d7cb57eb0fe7e1d080534835c9c01d1adcb5d4aca3336bc1,data/netlib/scfxm2.mps,netlib,LP,train,1,warm,absent,1,60.0,,,,,,,,,,,,,,,,model_not_in_checkout
bench02-2026-10-01,2026-10-01,/tmp/opencode/bench02-build/markov-cero-solve,36284e66e5584958d7cb57eb0fe7e1d080534835c9c01d1adcb5d4aca3336bc1,data/netlib/scfxm3.mps,netlib,LP,train,1,warm,absent,1,60.0,,,,,,,,,,,,,,,,model_not_in_checkout
bench02-2026-10-01,2026-10-01,/tmp/opencode/bench02-build/markov-cero-solve,36284e66e5584958d7cb57eb0fe7e1d080534835c9c01d1adcb5d4aca3336bc1,data/netlib/scorpion.mps,netlib,LP,train,1,warm,ok,1,60.0,201.118,197.084208,Optimal,true,optimality_witness_checked,1878.1248227381068,1878.1248227381068,0,1,487,6540,1878.1248227381,6.821210263296962e-12,pass,9.992007e-16,stderr=markov-cero 0.5.2 Optimal [LP -> primal] VERIFIED
bench02-2026-10-01,2026-10-01,/tmp/opencode/bench02-build/markov-cero-solve,36284e66e5584958d7cb57eb0fe7e1d080534835c9c01d1adcb5d4aca3336bc1,data/netlib/scrs8.mps,netlib,LP,train,1,warm,absent,1,60.0,,,,,,,,,,,,,,,,model_not_in_checkout
bench02-2026-10-01,2026-10-01,/tmp/opencode/bench02-build/markov-cero-solve,36284e66e5584958d7cb57eb0fe7e1d080534835c9c01d1adcb5d4aca3336bc1,data/netlib/scsd6.mps,netlib,LP,train,1,warm,ok,1,60.0,187.912,184.843594,NumericalFailure,false,unverified,50.50013320878034,,,0,0,8192,,,pass,1.186821e-10,exit_code=7; stderr=markov-cero 0.5.2 NumericalFailure [LP -> primal] NOT VERIFIED numerical_diagnostic: primal_residual=1.18682064176312e-10 dual_residual=0 complementarity_gap=0.00014605328332558884 condition_estimate=
bench02-2026-10-01,2026-10-01,/tmp/opencode/bench02-build/markov-cero-solve,36284e66e5584958d7cb57eb0fe7e1d080534835c9c01d1adcb5d4aca3336bc1,data/netlib/scsd8.mps,netlib,LP,train,1,warm,absent,1,60.0,,,,,,,,,,,,,,,,model_not_in_checkout
bench02-2026-10-01,2026-10-01,/tmp/opencode/bench02-build/markov-cero-solve,36284e66e5584958d7cb57eb0fe7e1d080534835c9c01d1adcb5d4aca3336bc1,data/netlib/sctap3.mps,netlib,LP,train,1,warm,absent,1,60.0,,,,,,,,,,,,,,,,model_not_in_checkout
bench02-2026-10-01,2026-10-01,/tmp/opencode/bench02-build/markov-cero-solve,36284e66e5584958d7cb57eb0fe7e1d080534835c9c01d1adcb5d4aca3336bc1,data/netlib/seba.mps,netlib,LP,train,1,warm,absent,1,60.0,,,,,,,,,,,,,,,,model_not_in_checkout
bench02-2026-10-01,2026-10-01,/tmp/opencode/bench02-build/markov-cero-solve,36284e66e5584958d7cb57eb0fe7e1d080534835c9c01d1adcb5d4aca3336bc1,data/netlib/ship04l.mps,netlib,LP,train,1,warm,absent,1,60.0,,,,,,,,,,,,,,,,model_not_in_checkout
bench02-2026-10-01,2026-10-01,/tmp/opencode/bench02-build/markov-cero-solve,36284e66e5584958d7cb57eb0fe7e1d080534835c9c01d1adcb5d4aca3336bc1,data/netlib/ship08l.mps,netlib,LP,train,1,warm,absent,1,60.0,,,,,,,,,,,,,,,,model_not_in_checkout
bench02-2026-10-01,2026-10-01,/tmp/opencode/bench02-build/markov-cero-solve,36284e66e5584958d7cb57eb0fe7e1d080534835c9c01d1adcb5d4aca3336bc1,data/netlib/ship08s.mps,netlib,LP,train,1,warm,absent,1,60.0,,,,,,,,,,,,,,,,model_not_in_checkout
bench02-2026-10-01,2026-10-01,/tmp/opencode/bench02-build/markov-cero-solve,36284e66e5584958d7cb57eb0fe7e1d080534835c9c01d1adcb5d4aca3336bc1,data/netlib/ship12l.mps,netlib,LP,train,1,warm,absent,1,60.0,,,,,,,,,,,,,,,,model_not_in_checkout
bench02-2026-10-01,2026-10-01,/tmp/opencode/bench02-build/markov-cero-solve,36284e66e5584958d7cb57eb0fe7e1d080534835c9c01d1adcb5d4aca3336bc1,data/netlib/sierra.mps,netlib,LP,train,1,warm,absent,1,60.0,,,,,,,,,,,,,,,,model_not_in_checkout
bench02-2026-10-01,2026-10-01,/tmp/opencode/bench02-build/markov-cero-solve,36284e66e5584958d7cb57eb0fe7e1d080534835c9c01d1adcb5d4aca3336bc1,data/netlib/standgub.mps,netlib,LP,train,1,warm,absent,1,60.0,,,,,,,,,,,,,,,,model_not_in_checkout
bench02-2026-10-01,2026-10-01,/tmp/opencode/bench02-build/markov-cero-solve,36284e66e5584958d7cb57eb0fe7e1d080534835c9c01d1adcb5d4aca3336bc1,data/netlib/standmps.mps,netlib,LP,train,1,warm,absent,1,60.0,,,,,,,,,,,,,,,,model_not_in_checkout
bench02-2026-10-01,2026-10-01,/tmp/opencode/bench02-build/markov-cero-solve,36284e66e5584958d7cb57eb0fe7e1d080534835c9c01d1adcb5d4aca3336bc1,data/netlib/wood1p.mps,netlib,LP,train,1,warm,absent,1,60.0,,,,,,,,,,,,,,,,model_not_in_checkout
bench02-2026-10-01,2026-10-01,/tmp/opencode/bench02-build/markov-cero-solve,36284e66e5584958d7cb57eb0fe7e1d080534835c9c01d1adcb5d4aca3336bc1,data/netlib/woodw.mps,netlib,LP,train,1,warm,absent,1,60.0,,,,,,,,,,,,,,,,model_not_in_checkout
bench02-2026-10-01,2026-10-01,/tmp/opencode/bench02-build/markov-cero-solve,36284e66e5584958d7cb57eb0fe7e1d080534835c9c01d1adcb5d4aca3336bc1,data/qp/QPLIB_0001.mps,qplib,QP,train,1,warm,ok,1,60.0,2.322,0.159202,Optimal,true,optimality_witness_checked,-3.499999999991098,,,1,17,524,,,pass,0.000000e+00,stderr=markov-cero 0.5.2 Optimal [QP -> qp] VERIFIED
bench02-2026-10-01,2026-10-01,/tmp/opencode/bench02-build/markov-cero-solve,36284e66e5584958d7cb57eb0fe7e1d080534835c9c01d1adcb5d4aca3336bc1,data/qp/QPLIB_0002.mps,qplib,QP,train,1,warm,ok,1,60.0,1.81,0.167695,Optimal,true,optimality_witness_checked,-2.10714709820743,,,1,23,380,,,pass,0.000000e+00,stderr=markov-cero 0.5.2 Optimal [QP -> qp] VERIFIED
bench02-2026-10-01,2026-10-01,/tmp/opencode/bench02-build/markov-cero-solve,36284e66e5584958d7cb57eb0fe7e1d080534835c9c01d1adcb5d4aca3336bc1,data/qp/QPLIB_0010.mps,qplib,QP,train,1,warm,ok,1,60.0,2.76,0.306668,Optimal,true,optimality_witness_checked,-0.10334179412050311,,,1,27,16,,,fail,1.280096e-06,stderr=markov-cero 0.5.2 Optimal [QP -> qp] VERIFIED; harness_feasibility_failure_solver_reported_verified
bench02-2026-10-01,2026-10-01,/tmp/opencode/bench02-build/markov-cero-solve,36284e66e5584958d7cb57eb0fe7e1d080534835c9c01d1adcb5d4aca3336bc1,data/qp/QPLIB_0025.mps,qplib,QP,train,1,warm,ok,1,60.0,2.536,0.337821,Optimal,true,optimality_witness_checked,2681.000000219597,,,1,49,484,,,pass,3.124709e-07,stderr=markov-cero 0.5.2 Optimal [QP -> qp] VERIFIED
bench02-2026-10-01,2026-10-01,/tmp/opencode/bench02-build/markov-cero-solve,36284e66e5584958d7cb57eb0fe7e1d080534835c9c01d1adcb5d4aca3336bc1,data/qp/QPLIB_8515.mps,qplib,QP,train,1,warm,absent,1,60.0,,,,,,,,,,,,,,,,model_not_in_checkout
bench02-2026-10-01,2026-10-01,/tmp/opencode/bench02-build/markov-cero-solve,36284e66e5584958d7cb57eb0fe7e1d080534835c9c01d1adcb5d4aca3336bc1,data/qp/QPLIB_8559.mps,qplib,QP,train,1,warm,absent,1,60.0,,,,,,,,,,,,,,,,model_not_in_checkout
bench02-2026-10-01,2026-10-01,/tmp/opencode/bench02-build/markov-cero-solve,36284e66e5584958d7cb57eb0fe7e1d080534835c9c01d1adcb5d4aca3336bc1,data/qp/QPLIB_8567.mps,qplib,QP,train,1,warm,absent,1,60.0,,,,,,,,,,,,,,,,model_not_in_checkout
bench02-2026-10-01,2026-10-01,/tmp/opencode/bench02-build/markov-cero-solve,36284e66e5584958d7cb57eb0fe7e1d080534835c9c01d1adcb5d4aca3336bc1,data/qp/QPLIB_8602.mps,qplib,QP,train,1,warm,absent,1,60.0,,,,,,,,,,,,,,,,model_not_in_checkout
bench02-2026-10-01,2026-10-01,/tmp/opencode/bench02-build/markov-cero-solve,36284e66e5584958d7cb57eb0fe7e1d080534835c9c01d1adcb5d4aca3336bc1,data/qp/QPLIB_8616.mps,qplib,QP,train,1,warm,absent,1,60.0,,,,,,,,,,,,,,,,model_not_in_checkout
bench02-2026-10-01,2026-10-01,/tmp/opencode/bench02-build/markov-cero-solve,36284e66e5584958d7cb57eb0fe7e1d080534835c9c01d1adcb5d4aca3336bc1,data/qp/QPLIB_8785.mps,qplib,QP,train,1,warm,absent,1,60.0,,,,,,,,,,,,,,,,model_not_in_checkout
bench02-2026-10-01,2026-10-01,/tmp/opencode/bench02-build/markov-cero-solve,36284e66e5584958d7cb57eb0fe7e1d080534835c9c01d1adcb5d4aca3336bc1,data/qp/QPLIB_8790.mps,qplib,QP,train,1,warm,absent,1,60.0,,,,,,,,,,,,,,,,model_not_in_checkout
bench02-2026-10-01,2026-10-01,/tmp/opencode/bench02-build/markov-cero-solve,36284e66e5584958d7cb57eb0fe7e1d080534835c9c01d1adcb5d4aca3336bc1,data/qp/QPLIB_8792.mps,qplib,QP,train,1,warm,absent,1,60.0,,,,,,,,,,,,,,,,model_not_in_checkout
bench02-2026-10-01,2026-10-01,/tmp/opencode/bench02-build/markov-cero-solve,36284e66e5584958d7cb57eb0fe7e1d080534835c9c01d1adcb5d4aca3336bc1,data/qp/QPLIB_8845.mps,qplib,QP,train,1,warm,absent,1,60.0,,,,,,,,,,,,,,,,model_not_in_checkout
bench02-2026-10-01,2026-10-01,/tmp/opencode/bench02-build/markov-cero-solve,36284e66e5584958d7cb57eb0fe7e1d080534835c9c01d1adcb5d4aca3336bc1,data/qp/QPLIB_8938.mps,qplib,QP,train,1,warm,absent,1,60.0,,,,,,,,,,,,,,,,model_not_in_checkout
bench02-2026-10-01,2026-10-01,/tmp/opencode/bench02-build/markov-cero-solve,36284e66e5584958d7cb57eb0fe7e1d080534835c9c01d1adcb5d4aca3336bc1,data/qp/QPLIB_8991.mps,qplib,QP,train,1,warm,absent,1,60.0,,,,,,,,,,,,,,,,model_not_in_checkout
bench02-2026-10-01,2026-10-01,/tmp/opencode/bench02-build/markov-cero-solve,36284e66e5584958d7cb57eb0fe7e1d080534835c9c01d1adcb5d4aca3336bc1,data/miplib/timtab1.mps,miplib,MILP,train,1,warm,ok,1,300.0,300004.174,300001.785676,ResourceLimit,false,unverified,0,141945.33333333,,1281,1022849,10384,764771.99999978,764771.99999978,not_checked,no primal vector in result,exit_code=5; stderr=markov-cero 0.5.2 ResourceLimit [MILP -> milp] NOT VERIFIED proof: tier=unverified status=not_requested budget_exhausted=false nodes=0 witness_values=0 build_ms=0 replay_ms=0
bench02-2026-10-01,2026-10-01,/tmp/opencode/bench02-build/markov-cero-solve,36284e66e5584958d7cb57eb0fe7e1d080534835c9c01d1adcb5d4aca3336bc1,data/mittelmann/markshare_5_0.mps,mittelmann,MILP,train,1,warm,ok,1,300.0,300088.089,300073.336159,ResourceLimit,false,unverified,0,0,1,16474,3313750,209884,,,not_checked,no primal vector in result,exit_code=5; stderr=markov-cero 0.5.2 ResourceLimit [MILP -> milp] NOT VERIFIED proof: tier=unverified status=not_requested budget_exhausted=false nodes=0 witness_values=0 build_ms=0 replay_ms=0
bench02-2026-10-01,2026-10-01,/tmp/opencode/bench02-build/markov-cero-solve,36284e66e5584958d7cb57eb0fe7e1d080534835c9c01d1adcb5d4aca3336bc1,data/mittelmann/ran14x18_1.mps,mittelmann,MILP,train,1,warm,ok,1,300.0,300003.344,300000.908044,ResourceLimit,false,unverified,0,3146.7259594980183,0.23678730063108944,1260,1266138,11516,,,not_checked,no primal vector in result,exit_code=5; stderr=markov-cero 0.5.2 ResourceLimit [MILP -> milp] NOT VERIFIED proof: tier=unverified status=not_requested budget_exhausted=false nodes=0 witness_values=0 build_ms=0 replay_ms=0
bench02-2026-10-01,2026-10-01,/tmp/opencode/bench02-build/markov-cero-solve,36284e66e5584958d7cb57eb0fe7e1d080534835c9c01d1adcb5d4aca3336bc1,data/miplib/b1c1s1.mps,miplib,MILP,holdout,2,warm,absent,1,300.0,,,,,,,,,,,,,,,,model_not_in_checkout
bench02-2026-10-01,2026-10-01,/tmp/opencode/bench02-build/markov-cero-solve,36284e66e5584958d7cb57eb0fe7e1d080534835c9c01d1adcb5d4aca3336bc1,data/miplib/fastxgemm-n2r6s0t2.mps,miplib,MILP,holdout,2,warm,absent,1,300.0,,,,,,,,,,,,,,,,model_not_in_checkout
bench02-2026-10-01,2026-10-01,/tmp/opencode/bench02-build/markov-cero-solve,36284e66e5584958d7cb57eb0fe7e1d080534835c9c01d1adcb5d4aca3336bc1,data/miplib/gmu-35-50.mps,miplib,MILP,holdout,2,warm,absent,1,300.0,,,,,,,,,,,,,,,,model_not_in_checkout
bench02-2026-10-01,2026-10-01,/tmp/opencode/bench02-build/markov-cero-solve,36284e66e5584958d7cb57eb0fe7e1d080534835c9c01d1adcb5d4aca3336bc1,data/miplib/graphdraw-domain.mps,miplib,MILP,holdout,2,warm,absent,1,300.0,,,,,,,,,,,,,,,,model_not_in_checkout
bench02-2026-10-01,2026-10-01,/tmp/opencode/bench02-build/markov-cero-solve,36284e66e5584958d7cb57eb0fe7e1d080534835c9c01d1adcb5d4aca3336bc1,data/miplib/lotsize.mps,miplib,MILP,holdout,2,warm,absent,1,300.0,,,,,,,,,,,,,,,,model_not_in_checkout
bench02-2026-10-01,2026-10-01,/tmp/opencode/bench02-build/markov-cero-solve,36284e66e5584958d7cb57eb0fe7e1d080534835c9c01d1adcb5d4aca3336bc1,data/miplib/neos-1171448.mps,miplib,MILP,holdout,2,warm,absent,1,300.0,,,,,,,,,,,,,,,,model_not_in_checkout
bench02-2026-10-01,2026-10-01,/tmp/opencode/bench02-build/markov-cero-solve,36284e66e5584958d7cb57eb0fe7e1d080534835c9c01d1adcb5d4aca3336bc1,data/cases/capitanescu_dc_opf.mps,cases,MILP,holdout,2,warm,ok,1,300.0,2.73,0.582659,Optimal,true,optimality_witness_checked,-1.5594466918172984e-06,,,1,177,2212,,,fail,7.503556e-06,stderr=markov-cero 0.5.2 Optimal [QP -> qp] VERIFIED; harness_feasibility_failure_solver_reported_verified
bench02-2026-10-01,2026-10-01,/tmp/opencode/bench02-build/markov-cero-solve,36284e66e5584958d7cb57eb0fe7e1d080534835c9c01d1adcb5d4aca3336bc1,data/miplib/neos-4954672-berkel.mps,miplib,MILP,holdout,2,warm,absent,1,300.0,,,,,,,,,,,,,,,,model_not_in_checkout
bench02-2026-10-01,2026-10-01,/tmp/opencode/bench02-build/markov-cero-solve,36284e66e5584958d7cb57eb0fe7e1d080534835c9c01d1adcb5d4aca3336bc1,data/miplib/neos-5107597-kakapo.mps,miplib,MILP,holdout,2,warm,absent,1,300.0,,,,,,,,,,,,,,,,model_not_in_checkout
bench02-2026-10-01,2026-10-01,/tmp/opencode/bench02-build/markov-cero-solve,36284e66e5584958d7cb57eb0fe7e1d080534835c9c01d1adcb5d4aca3336bc1,data/miplib/rococoC10-001000.mps,miplib,MILP,holdout,2,warm,absent,1,300.0,,,,,,,,,,,,,,,,model_not_in_checkout
bench02-2026-10-01,2026-10-01,/tmp/opencode/bench02-build/markov-cero-solve,36284e66e5584958d7cb57eb0fe7e1d080534835c9c01d1adcb5d4aca3336bc1,data/miplib/supportcase18.mps,miplib,MILP,holdout,2,warm,absent,1,300.0,,,,,,,,,,,,,,,,model_not_in_checkout
bench02-2026-10-01,2026-10-01,/tmp/opencode/bench02-build/markov-cero-solve,36284e66e5584958d7cb57eb0fe7e1d080534835c9c01d1adcb5d4aca3336bc1,data/miplib/swath1.mps,miplib,MILP,holdout,2,warm,absent,1,300.0,,,,,,,,,,,,,,,,model_not_in_checkout
bench02-2026-10-01,2026-10-01,/tmp/opencode/bench02-build/markov-cero-solve,36284e66e5584958d7cb57eb0fe7e1d080534835c9c01d1adcb5d4aca3336bc1,data/miplib/traininstance2.mps,miplib,MILP,holdout,2,warm,absent,1,300.0,,,,,,,,,,,,,,,,model_not_in_checkout
bench02-2026-10-01,2026-10-01,/tmp/opencode/bench02-build/markov-cero-solve,36284e66e5584958d7cb57eb0fe7e1d080534835c9c01d1adcb5d4aca3336bc1,data/mittelmann/air05.mps,mittelmann,MILP,holdout,2,warm,absent,1,300.0,,,,,,,,,,,,,,,,model_not_in_checkout
bench02-2026-10-01,2026-10-01,/tmp/opencode/bench02-build/markov-cero-solve,36284e66e5584958d7cb57eb0fe7e1d080534835c9c01d1adcb5d4aca3336bc1,data/mittelmann/bienst1.mps,mittelmann,MILP,holdout,2,warm,absent,1,300.0,,,,,,,,,,,,,,,,model_not_in_checkout
bench02-2026-10-01,2026-10-01,/tmp/opencode/bench02-build/markov-cero-solve,36284e66e5584958d7cb57eb0fe7e1d080534835c9c01d1adcb5d4aca3336bc1,data/mittelmann/rail516.mps,mittelmann,MILP,holdout,2,warm,absent,1,300.0,,,,,,,,,,,,,,,,model_not_in_checkout
bench02-2026-10-01,2026-10-01,/tmp/opencode/bench02-build/markov-cero-solve,36284e66e5584958d7cb57eb0fe7e1d080534835c9c01d1adcb5d4aca3336bc1,data/mittelmann/rail582.mps,mittelmann,MILP,holdout,2,warm,absent,1,300.0,,,,,,,,,,,,,,,,model_not_in_checkout
bench02-2026-10-01,2026-10-01,/tmp/opencode/bench02-build/markov-cero-solve,36284e66e5584958d7cb57eb0fe7e1d080534835c9c01d1adcb5d4aca3336bc1,data/cases/pochet_lot_sizing.mps,cases,MILP,holdout,2,warm,ok,1,300.0,9.414,6.078882,Optimal,true,tree_replayed,1050,1050,0,1,118,5972,,,pass,0.000000e+00,stderr=markov-cero 0.5.2 Optimal [MILP -> milp] VERIFIED proof: tier=independent_tree status=accepted budget_exhausted=false nodes=1 witness_values=240 build_ms=2.5973060000000001 replay_ms=0.106315999999999
bench02-2026-10-01,2026-10-01,/tmp/opencode/bench02-build/markov-cero-solve,36284e66e5584958d7cb57eb0fe7e1d080534835c9c01d1adcb5d4aca3336bc1,data/netlib/bore3d.mps,netlib,LP,holdout,2,warm,ok,1,60.0,253.363,249.918301,NumericalFailure,false,unverified,1373.0804138468477,,,0,319,7564,,,not_checked,primal and variable_names differ in length,exit_code=7; stderr=markov-cero 0.5.2 NumericalFailure [LP -> primal] NOT VERIFIED numerical_diagnostic: primal_residual=4.3338091466345384e-09 dual_residual=4.8783501746014274e-11 complementarity_gap=0.00185362991938647
bench02-2026-10-01,2026-10-01,/tmp/opencode/bench02-build/markov-cero-solve,36284e66e5584958d7cb57eb0fe7e1d080534835c9c01d1adcb5d4aca3336bc1,data/netlib/brandy.mps,netlib,LP,holdout,2,warm,ok,1,60.0,825.75,822.343308,Optimal,true,optimality_witness_checked,1518.509896488128,1518.509896488128,0,1,612,7792,,,pass,6.821210e-13,stderr=markov-cero 0.5.2 Optimal [LP -> primal] VERIFIED
bench02-2026-10-01,2026-10-01,/tmp/opencode/bench02-build/markov-cero-solve,36284e66e5584958d7cb57eb0fe7e1d080534835c9c01d1adcb5d4aca3336bc1,data/netlib/e226.mps,netlib,LP,holdout,2,warm,ok,1,60.0,761.104,758.698729,NumericalFailure,false,unverified,0,,,0,738,7996,,,not_checked,no primal vector in result,exit_code=7; stderr=markov-cero 0.5.2 NumericalFailure [LP -> primal] NOT VERIFIED numerical_diagnostic: primal_residual=0 dual_residual=0 complementarity_gap=0 condition_estimate=15670.592325447486 failure_site=primal_s
bench02-2026-10-01,2026-10-01,/tmp/opencode/bench02-build/markov-cero-solve,36284e66e5584958d7cb57eb0fe7e1d080534835c9c01d1adcb5d4aca3336bc1,data/netlib/greenbeb.mps,netlib,LP,holdout,2,warm,absent,1,60.0,,,,,,,,,,,,,,,,model_not_in_checkout
bench02-2026-10-01,2026-10-01,/tmp/opencode/bench02-build/markov-cero-solve,36284e66e5584958d7cb57eb0fe7e1d080534835c9c01d1adcb5d4aca3336bc1,data/netlib/pilot.we.mps,netlib,LP,holdout,2,warm,absent,1,60.0,,,,,,,,,,,,,,,,model_not_in_checkout
bench02-2026-10-01,2026-10-01,/tmp/opencode/bench02-build/markov-cero-solve,36284e66e5584958d7cb57eb0fe7e1d080534835c9c01d1adcb5d4aca3336bc1,data/netlib/sc50a.mps,netlib,LP,holdout,2,warm,ok,1,60.0,5.093,2.383179,Optimal,true,optimality_witness_checked,-64.57507705856453,-64.57507705856453,0,1,54,5528,-64.575077058564,5.258016244624741e-13,pass,2.842171e-14,stderr=markov-cero 0.5.2 Optimal [LP -> primal] VERIFIED
bench02-2026-10-01,2026-10-01,/tmp/opencode/bench02-build/markov-cero-solve,36284e66e5584958d7cb57eb0fe7e1d080534835c9c01d1adcb5d4aca3336bc1,data/netlib/scagr25.mps,netlib,LP,holdout,2,warm,ok,1,60.0,1260.771,1255.40429,Optimal,true,optimality_witness_checked,-14753433.06076852,-14753433.06076852,0,1,3204,6852,,,pass,1.818989e-12,stderr=markov-cero 0.5.2 Optimal [LP -> primal] VERIFIED
bench02-2026-10-01,2026-10-01,/tmp/opencode/bench02-build/markov-cero-solve,36284e66e5584958d7cb57eb0fe7e1d080534835c9c01d1adcb5d4aca3336bc1,data/netlib/sctap2.mps,netlib,LP,holdout,2,warm,absent,1,60.0,,,,,,,,,,,,,,,,model_not_in_checkout
bench02-2026-10-01,2026-10-01,/tmp/opencode/bench02-build/markov-cero-solve,36284e66e5584958d7cb57eb0fe7e1d080534835c9c01d1adcb5d4aca3336bc1,data/netlib/share1b.mps,netlib,LP,holdout,2,warm,ok,1,60.0,119.035,115.736041,Optimal,true,optimality_witness_checked,-76589.31857918539,-76589.31857918539,0,1,1266,5800,-76589.3185791855,1.1641532182693481e-10,pass,5.067908e-10,stderr=markov-cero 0.5.2 Optimal [LP -> primal] VERIFIED
bench02-2026-10-01,2026-10-01,/tmp/opencode/bench02-build/markov-cero-solve,36284e66e5584958d7cb57eb0fe7e1d080534835c9c01d1adcb5d4aca3336bc1,data/netlib/share2b.mps,netlib,LP,holdout,2,warm,ok,1,60.0,33.533,31.259903,Optimal,true,optimality_witness_checked,-415.7322407414181,-415.7322407414181,0,1,473,5900,-415.732240741418,5.684341886080802e-14,pass,9.094947e-13,stderr=markov-cero 0.5.2 Optimal [LP -> primal] VERIFIED
bench02-2026-10-01,2026-10-01,/tmp/opencode/bench02-build/markov-cero-solve,36284e66e5584958d7cb57eb0fe7e1d080534835c9c01d1adcb5d4aca3336bc1,data/netlib/shell.mps,netlib,LP,holdout,2,warm,absent,1,60.0,,,,,,,,,,,,,,,,model_not_in_checkout
bench02-2026-10-01,2026-10-01,/tmp/opencode/bench02-build/markov-cero-solve,36284e66e5584958d7cb57eb0fe7e1d080534835c9c01d1adcb5d4aca3336bc1,data/netlib/stair.mps,netlib,LP,holdout,2,warm,absent,1,60.0,,,,,,,,,,,,,,,,model_not_in_checkout
bench02-2026-10-01,2026-10-01,/tmp/opencode/bench02-build/markov-cero-solve,36284e66e5584958d7cb57eb0fe7e1d080534835c9c01d1adcb5d4aca3336bc1,data/netlib/stocfor1.mps,netlib,LP,holdout,2,warm,ok,1,60.0,34.543,31.610187,Optimal,true,optimality_witness_checked,-41131.97621943642,-41131.97621943642,0,1,432,5768,,,pass,2.728484e-12,stderr=markov-cero 0.5.2 Optimal [LP -> primal] VERIFIED
bench02-2026-10-01,2026-10-01,/tmp/opencode/bench02-build/markov-cero-solve,36284e66e5584958d7cb57eb0fe7e1d080534835c9c01d1adcb5d4aca3336bc1,data/netlib/stocfor3.mps,netlib,LP,holdout,2,warm,absent,1,60.0,,,,,,,,,,,,,,,,model_not_in_checkout
bench02-2026-10-01,2026-10-01,/tmp/opencode/bench02-build/markov-cero-solve,36284e66e5584958d7cb57eb0fe7e1d080534835c9c01d1adcb5d4aca3336bc1,data/netlib/tuff.mps,netlib,LP,holdout,2,warm,absent,1,60.0,,,,,,,,,,,,,,,,model_not_in_checkout
bench02-2026-10-01,2026-10-01,/tmp/opencode/bench02-build/markov-cero-solve,36284e66e5584958d7cb57eb0fe7e1d080534835c9c01d1adcb5d4aca3336bc1,data/qp/QPLIB_8495.mps,qplib,QP,holdout,2,warm,absent,1,60.0,,,,,,,,,,,,,,,,model_not_in_checkout
bench02-2026-10-01,2026-10-01,/tmp/opencode/bench02-build/markov-cero-solve,36284e66e5584958d7cb57eb0fe7e1d080534835c9c01d1adcb5d4aca3336bc1,data/qp/QPLIB_8906.mps,qplib,QP,holdout,2,warm,absent,1,60.0,,,,,,,,,,,,,,,,model_not_in_checkout
bench02-2026-10-01,2026-10-01,/tmp/opencode/bench02-build/markov-cero-solve,36284e66e5584958d7cb57eb0fe7e1d080534835c9c01d1adcb5d4aca3336bc1,data/miplib/neos-3754480-nidda.mps,miplib,MILP,holdout,2,warm,ok,1,300.0,2548.972,2547.007344,NumericalFailure,false,unverified,0,,,1,794,7796,12939.7540104743,12939.7540104743,not_checked,no primal vector in result,exit_code=7; stderr=markov-cero 0.5.2 NumericalFailure [MILP -> milp] NOT VERIFIED proof: tier=unverified status=not_requested budget_exhausted=false nodes=0 witness_values=0 build_ms=0 replay_ms=0 numerical_diagnostic: 
bench02-2026-10-01,2026-10-01,/tmp/opencode/bench02-build/markov-cero-solve,36284e66e5584958d7cb57eb0fe7e1d080534835c9c01d1adcb5d4aca3336bc1,data/miplib/CMS750_4.mps,miplib,MILP,tune,2,warm,absent,1,300.0,,,,,,,,,,,,,,,,model_not_in_checkout
bench02-2026-10-01,2026-10-01,/tmp/opencode/bench02-build/markov-cero-solve,36284e66e5584958d7cb57eb0fe7e1d080534835c9c01d1adcb5d4aca3336bc1,data/miplib/beasleyC3.mps,miplib,MILP,tune,2,warm,absent,1,300.0,,,,,,,,,,,,,,,,model_not_in_checkout
bench02-2026-10-01,2026-10-01,/tmp/opencode/bench02-build/markov-cero-solve,36284e66e5584958d7cb57eb0fe7e1d080534835c9c01d1adcb5d4aca3336bc1,data/miplib/bnatt400.mps,miplib,MILP,tune,2,warm,absent,1,300.0,,,,,,,,,,,,,,,,model_not_in_checkout
bench02-2026-10-01,2026-10-01,/tmp/opencode/bench02-build/markov-cero-solve,36284e66e5584958d7cb57eb0fe7e1d080534835c9c01d1adcb5d4aca3336bc1,data/miplib/bppc4-08.mps,miplib,MILP,tune,2,warm,absent,1,300.0,,,,,,,,,,,,,,,,model_not_in_checkout
bench02-2026-10-01,2026-10-01,/tmp/opencode/bench02-build/markov-cero-solve,36284e66e5584958d7cb57eb0fe7e1d080534835c9c01d1adcb5d4aca3336bc1,data/miplib/cvs16r128-89.mps,miplib,MILP,tune,2,warm,absent,1,300.0,,,,,,,,,,,,,,,,model_not_in_checkout
bench02-2026-10-01,2026-10-01,/tmp/opencode/bench02-build/markov-cero-solve,36284e66e5584958d7cb57eb0fe7e1d080534835c9c01d1adcb5d4aca3336bc1,data/miplib/dano3_5.mps,miplib,MILP,tune,2,warm,absent,1,300.0,,,,,,,,,,,,,,,,model_not_in_checkout
bench02-2026-10-01,2026-10-01,/tmp/opencode/bench02-build/markov-cero-solve,36284e66e5584958d7cb57eb0fe7e1d080534835c9c01d1adcb5d4aca3336bc1,data/miplib/graph20-20-1rand.mps,miplib,MILP,tune,2,warm,absent,1,300.0,,,,,,,,,,,,,,,,model_not_in_checkout
bench02-2026-10-01,2026-10-01,/tmp/opencode/bench02-build/markov-cero-solve,36284e66e5584958d7cb57eb0fe7e1d080534835c9c01d1adcb5d4aca3336bc1,data/miplib/istanbul-no-cutoff.mps,miplib,MILP,tune,2,warm,absent,1,300.0,,,,,,,,,,,,,,,,model_not_in_checkout
bench02-2026-10-01,2026-10-01,/tmp/opencode/bench02-build/markov-cero-solve,36284e66e5584958d7cb57eb0fe7e1d080534835c9c01d1adcb5d4aca3336bc1,data/netlib/etamacro.mps,netlib,LP,holdout,2,warm,ok,1,60.0,2469.771,2466.038374,NumericalFailure,false,unverified,-755.7143090291331,,,0,1378,12164,,,not_checked,primal and variable_names differ in length,exit_code=7; stderr=markov-cero 0.5.2 NumericalFailure [LP -> primal] NOT VERIFIED numerical_diagnostic: primal_residual=5.5644022722844966e-10 dual_residual=2.0621525320674294e-16 complementarity_gap=0.00214953078166371
bench02-2026-10-01,2026-10-01,/tmp/opencode/bench02-build/markov-cero-solve,36284e66e5584958d7cb57eb0fe7e1d080534835c9c01d1adcb5d4aca3336bc1,data/miplib/mcsched.mps,miplib,MILP,tune,2,warm,absent,1,300.0,,,,,,,,,,,,,,,,model_not_in_checkout
bench02-2026-10-01,2026-10-01,/tmp/opencode/bench02-build/markov-cero-solve,36284e66e5584958d7cb57eb0fe7e1d080534835c9c01d1adcb5d4aca3336bc1,data/miplib/mik-250-20-75-4.mps,miplib,MILP,tune,2,warm,absent,1,300.0,,,,,,,,,,,,,,,,model_not_in_checkout
bench02-2026-10-01,2026-10-01,/tmp/opencode/bench02-build/markov-cero-solve,36284e66e5584958d7cb57eb0fe7e1d080534835c9c01d1adcb5d4aca3336bc1,data/miplib/neos-1354092.mps,miplib,MILP,tune,2,warm,absent,1,300.0,,,,,,,,,,,,,,,,model_not_in_checkout
bench02-2026-10-01,2026-10-01,/tmp/opencode/bench02-build/markov-cero-solve,36284e66e5584958d7cb57eb0fe7e1d080534835c9c01d1adcb5d4aca3336bc1,data/miplib/neos-3381206-awhea.mps,miplib,MILP,tune,2,warm,absent,1,300.0,,,,,,,,,,,,,,,,model_not_in_checkout
bench02-2026-10-01,2026-10-01,/tmp/opencode/bench02-build/markov-cero-solve,36284e66e5584958d7cb57eb0fe7e1d080534835c9c01d1adcb5d4aca3336bc1,data/miplib/neos17.mps,miplib,MILP,tune,2,warm,absent,1,300.0,,,,,,,,,,,,,,,,model_not_in_checkout
bench02-2026-10-01,2026-10-01,/tmp/opencode/bench02-build/markov-cero-solve,36284e66e5584958d7cb57eb0fe7e1d080534835c9c01d1adcb5d4aca3336bc1,data/cases/refinery_scheduling_large.mps,cases,MILP,tune,2,warm,ok,1,300.0,4151.147,4147.39734,Optimal,true,tree_replayed,-65416.9,-65416.9,0,1,2616,7808,,,pass,2.842171e-14,stderr=markov-cero 0.5.2 Optimal [MILP -> milp] VERIFIED proof: tier=independent_tree status=accepted budget_exhausted=false nodes=1 witness_values=2100 build_ms=1833.6134039999999 replay_ms=1.06014199999999
bench02-2026-10-01,2026-10-01,/tmp/opencode/bench02-build/markov-cero-solve,36284e66e5584958d7cb57eb0fe7e1d080534835c9c01d1adcb5d4aca3336bc1,data/miplib/enlight_hard.mps,miplib,MILP,holdout,2,warm,ok,1,300.0,300011.73,300006.947681,ResourceLimit,false,unverified,0,19,,5616,3424609,65412,37.0,37.0,not_checked,no primal vector in result,exit_code=5; stderr=markov-cero 0.5.2 ResourceLimit [MILP -> milp] NOT VERIFIED proof: tier=unverified status=not_requested budget_exhausted=false nodes=0 witness_values=0 build_ms=0 replay_ms=0
bench02-2026-10-01,2026-10-01,/tmp/opencode/bench02-build/markov-cero-solve,36284e66e5584958d7cb57eb0fe7e1d080534835c9c01d1adcb5d4aca3336bc1,data/miplib/sp97ar.mps,miplib,MILP,tune,2,warm,absent,1,300.0,,,,,,,,,,,,,,,,model_not_in_checkout
bench02-2026-10-01,2026-10-01,/tmp/opencode/bench02-build/markov-cero-solve,36284e66e5584958d7cb57eb0fe7e1d080534835c9c01d1adcb5d4aca3336bc1,data/miplib/uct-subprob.mps,miplib,MILP,tune,2,warm,absent,1,300.0,,,,,,,,,,,,,,,,model_not_in_checkout
bench02-2026-10-01,2026-10-01,/tmp/opencode/bench02-build/markov-cero-solve,36284e66e5584958d7cb57eb0fe7e1d080534835c9c01d1adcb5d4aca3336bc1,data/mittelmann/50v-10.mps,mittelmann,MILP,tune,2,warm,absent,1,300.0,,,,,,,,,,,,,,,,model_not_in_checkout
bench02-2026-10-01,2026-10-01,/tmp/opencode/bench02-build/markov-cero-solve,36284e66e5584958d7cb57eb0fe7e1d080534835c9c01d1adcb5d4aca3336bc1,data/mittelmann/app1-1.mps,mittelmann,MILP,tune,2,warm,absent,1,300.0,,,,,,,,,,,,,,,,model_not_in_checkout
bench02-2026-10-01,2026-10-01,/tmp/opencode/bench02-build/markov-cero-solve,36284e66e5584958d7cb57eb0fe7e1d080534835c9c01d1adcb5d4aca3336bc1,data/mittelmann/fome11.mps,mittelmann,MILP,tune,2,warm,absent,1,300.0,,,,,,,,,,,,,,,,model_not_in_checkout
bench02-2026-10-01,2026-10-01,/tmp/opencode/bench02-build/markov-cero-solve,36284e66e5584958d7cb57eb0fe7e1d080534835c9c01d1adcb5d4aca3336bc1,data/miplib/mas76.mps,miplib,MILP,tune,2,warm,ok,1,300.0,300005.167,300002.417489,ResourceLimit,false,unverified,0,39302.599946413924,0.9999999606974,7051,4463339,16200,40005.05398999999,40005.05398999999,not_checked,no primal vector in result,exit_code=5; stderr=markov-cero 0.5.2 ResourceLimit [MILP -> milp] NOT VERIFIED proof: tier=unverified status=not_requested budget_exhausted=false nodes=0 witness_values=0 build_ms=0 replay_ms=0
bench02-2026-10-01,2026-10-01,/tmp/opencode/bench02-build/markov-cero-solve,36284e66e5584958d7cb57eb0fe7e1d080534835c9c01d1adcb5d4aca3336bc1,data/mittelmann/nug08-3rd.mps,mittelmann,MILP,tune,2,warm,absent,1,300.0,,,,,,,,,,,,,,,,model_not_in_checkout
bench02-2026-10-01,2026-10-01,/tmp/opencode/bench02-build/markov-cero-solve,36284e66e5584958d7cb57eb0fe7e1d080534835c9c01d1adcb5d4aca3336bc1,data/mittelmann/nug20.mps,mittelmann,MILP,tune,2,warm,absent,1,300.0,,,,,,,,,,,,,,,,model_not_in_checkout
bench02-2026-10-01,2026-10-01,/tmp/opencode/bench02-build/markov-cero-solve,36284e66e5584958d7cb57eb0fe7e1d080534835c9c01d1adcb5d4aca3336bc1,data/netlib/80bau3b.mps,netlib,LP,tune,2,warm,absent,1,60.0,,,,,,,,,,,,,,,,model_not_in_checkout
bench02-2026-10-01,2026-10-01,/tmp/opencode/bench02-build/markov-cero-solve,36284e66e5584958d7cb57eb0fe7e1d080534835c9c01d1adcb5d4aca3336bc1,data/netlib/bandm.mps,netlib,LP,tune,2,warm,ok,1,60.0,345.533,342.560883,Optimal,true,optimality_witness_checked,-158.6280184501206,-158.6280184501206,0,1,2105,6544,,,pass,1.936229e-13,stderr=markov-cero 0.5.2 Optimal [LP -> primal] VERIFIED
bench02-2026-10-01,2026-10-01,/tmp/opencode/bench02-build/markov-cero-solve,36284e66e5584958d7cb57eb0fe7e1d080534835c9c01d1adcb5d4aca3336bc1,data/netlib/beaconfd.mps,netlib,LP,tune,2,warm,ok,1,60.0,25.185,22.445136,Optimal,true,optimality_witness_checked,33592.485807200006,33592.485807200006,0,1,244,5824,33592.4858072,7.275957614183426e-12,pass,3.259615e-11,stderr=markov-cero 0.5.2 Optimal [LP -> primal] VERIFIED
bench02-2026-10-01,2026-10-01,/tmp/opencode/bench02-build/markov-cero-solve,36284e66e5584958d7cb57eb0fe7e1d080534835c9c01d1adcb5d4aca3336bc1,data/netlib/bnl2.mps,netlib,LP,tune,2,warm,absent,1,60.0,,,,,,,,,,,,,,,,model_not_in_checkout
bench02-2026-10-01,2026-10-01,/tmp/opencode/bench02-build/markov-cero-solve,36284e66e5584958d7cb57eb0fe7e1d080534835c9c01d1adcb5d4aca3336bc1,data/netlib/boeing2.mps,netlib,LP,tune,2,warm,ok,1,60.0,161.222,158.70821,Optimal,true,optimality_witness_checked,-315.0187280152029,-315.0187280152029,0,1,1254,5680,,,pass,1.421085e-14,stderr=markov-cero 0.5.2 Optimal [LP -> primal] VERIFIED
bench02-2026-10-01,2026-10-01,/tmp/opencode/bench02-build/markov-cero-solve,36284e66e5584958d7cb57eb0fe7e1d080534835c9c01d1adcb5d4aca3336bc1,data/miplib/pk1.mps,miplib,MILP,tune,2,warm,ok,1,300.0,300003.752,300001.730115,ResourceLimit,false,unverified,0,2.415876899261833,0.9796985134515812,5492,3759986,12776,11.0,11.0,not_checked,no primal vector in result,exit_code=5; stderr=markov-cero 0.5.2 ResourceLimit [MILP -> milp] NOT VERIFIED proof: tier=unverified status=not_requested budget_exhausted=false nodes=0 witness_values=0 build_ms=0 replay_ms=0
bench02-2026-10-01,2026-10-01,/tmp/opencode/bench02-build/markov-cero-solve,36284e66e5584958d7cb57eb0fe7e1d080534835c9c01d1adcb5d4aca3336bc1,data/netlib/fit2p.mps,netlib,LP,tune,2,warm,absent,1,60.0,,,,,,,,,,,,,,,,model_not_in_checkout
bench02-2026-10-01,2026-10-01,/tmp/opencode/bench02-build/markov-cero-solve,36284e66e5584958d7cb57eb0fe7e1d080534835c9c01d1adcb5d4aca3336bc1,data/netlib/forplan.mps,netlib,LP,tune,2,warm,absent,1,60.0,,,,,,,,,,,,,,,,model_not_in_checkout
bench02-2026-10-01,2026-10-01,/tmp/opencode/bench02-build/markov-cero-solve,36284e66e5584958d7cb57eb0fe7e1d080534835c9c01d1adcb5d4aca3336bc1,data/netlib/ganges.mps,netlib,LP,tune,2,warm,absent,1,60.0,,,,,,,,,,,,,,,,model_not_in_checkout
bench02-2026-10-01,2026-10-01,/tmp/opencode/bench02-build/markov-cero-solve,36284e66e5584958d7cb57eb0fe7e1d080534835c9c01d1adcb5d4aca3336bc1,data/netlib/gfrd-pnc.mps,netlib,LP,tune,2,warm,absent,1,60.0,,,,,,,,,,,,,,,,model_not_in_checkout
bench02-2026-10-01,2026-10-01,/tmp/opencode/bench02-build/markov-cero-solve,36284e66e5584958d7cb57eb0fe7e1d080534835c9c01d1adcb5d4aca3336bc1,data/netlib/capri.mps,netlib,LP,tune,2,warm,ok,1,60.0,364.57,361.738865,Optimal,true,optimality_witness_checked,2690.012913768161,2690.012913768161,0,1,1281,6536,,,pass,8.590906e-13,stderr=markov-cero 0.5.2 Optimal [LP -> primal] VERIFIED
bench02-2026-10-01,2026-10-01,/tmp/opencode/bench02-build/markov-cero-solve,36284e66e5584958d7cb57eb0fe7e1d080534835c9c01d1adcb5d4aca3336bc1,data/netlib/kb2.mps,netlib,LP,tune,2,warm,ok,1,60.0,14.331,11.79237,Optimal,true,optimality_witness_checked,-1749.9001299062056,-1749.9001299062056,0,1,176,5672,,,pass,1.364242e-12,stderr=markov-cero 0.5.2 Optimal [LP -> primal] VERIFIED
bench02-2026-10-01,2026-10-01,/tmp/opencode/bench02-build/markov-cero-solve,36284e66e5584958d7cb57eb0fe7e1d080534835c9c01d1adcb5d4aca3336bc1,data/netlib/maros.mps,netlib,LP,tune,2,warm,absent,1,60.0,,,,,,,,,,,,,,,,model_not_in_checkout
bench02-2026-10-01,2026-10-01,/tmp/opencode/bench02-build/markov-cero-solve,36284e66e5584958d7cb57eb0fe7e1d080534835c9c01d1adcb5d4aca3336bc1,data/netlib/scsd1.mps,netlib,LP,tune,2,warm,ok,1,60.0,24.229,21.862319,NumericalFailure,false,unverified,8.666680097560823,,,0,79,7464,,,pass,4.937994e-11,exit_code=7; stderr=markov-cero 0.5.2 NumericalFailure [LP -> primal] NOT VERIFIED numerical_diagnostic: primal_residual=4.93799445777654e-11 dual_residual=0 complementarity_gap=1.5090295139641614e-05 condition_estimate=
bench02-2026-10-01,2026-10-01,/tmp/opencode/bench02-build/markov-cero-solve,36284e66e5584958d7cb57eb0fe7e1d080534835c9c01d1adcb5d4aca3336bc1,data/netlib/sctap1.mps,netlib,LP,tune,2,warm,ok,1,60.0,204.256,200.71276,Optimal,true,optimality_witness_checked,1412.2500000000002,1412.2500000000002,0,1,1409,6128,,,pass,1.421085e-14,stderr=markov-cero 0.5.2 Optimal [LP -> primal] VERIFIED
bench02-2026-10-01,2026-10-01,/tmp/opencode/bench02-build/markov-cero-solve,36284e66e5584958d7cb57eb0fe7e1d080534835c9c01d1adcb5d4aca3336bc1,data/netlib/ship04s.mps,netlib,LP,tune,2,warm,absent,1,60.0,,,,,,,,,,,,,,,,model_not_in_checkout
bench02-2026-10-01,2026-10-01,/tmp/opencode/bench02-build/markov-cero-solve,36284e66e5584958d7cb57eb0fe7e1d080534835c9c01d1adcb5d4aca3336bc1,data/netlib/ship12s.mps,netlib,LP,tune,2,warm,absent,1,60.0,,,,,,,,,,,,,,,,model_not_in_checkout
bench02-2026-10-01,2026-10-01,/tmp/opencode/bench02-build/markov-cero-solve,36284e66e5584958d7cb57eb0fe7e1d080534835c9c01d1adcb5d4aca3336bc1,data/netlib/standata.mps,netlib,LP,tune,2,warm,absent,1,60.0,,,,,,,,,,,,,,,,model_not_in_checkout
bench02-2026-10-01,2026-10-01,/tmp/opencode/bench02-build/markov-cero-solve,36284e66e5584958d7cb57eb0fe7e1d080534835c9c01d1adcb5d4aca3336bc1,data/netlib/stocfor2.mps,netlib,LP,tune,2,warm,absent,1,60.0,,,,,,,,,,,,,,,,model_not_in_checkout
bench02-2026-10-01,2026-10-01,/tmp/opencode/bench02-build/markov-cero-solve,36284e66e5584958d7cb57eb0fe7e1d080534835c9c01d1adcb5d4aca3336bc1,data/netlib/truss.mps,netlib,LP,tune,2,warm,absent,1,60.0,,,,,,,,,,,,,,,,model_not_in_checkout
bench02-2026-10-01,2026-10-01,/tmp/opencode/bench02-build/markov-cero-solve,36284e66e5584958d7cb57eb0fe7e1d080534835c9c01d1adcb5d4aca3336bc1,data/netlib/vtpbase.mps,netlib,LP,tune,2,warm,ok,1,60.0,18.751,15.946685,Optimal,true,optimality_witness_checked,129831.46246136136,129831.46246136136,0,1,185,6004,,,pass,3.161915e-11,stderr=markov-cero 0.5.2 Optimal [LP -> primal] VERIFIED
bench02-2026-10-01,2026-10-01,/tmp/opencode/bench02-build/markov-cero-solve,36284e66e5584958d7cb57eb0fe7e1d080534835c9c01d1adcb5d4aca3336bc1,data/qp/QPLIB_9002.mps,qplib,QP,tune,2,warm,absent,1,60.0,,,,,,,,,,,,,,,,model_not_in_checkout
bench02-2026-10-01,2026-10-01,/tmp/opencode/bench02-build/markov-cero-solve,36284e66e5584958d7cb57eb0fe7e1d080534835c9c01d1adcb5d4aca3336bc1,data/netlib/israel.mps,netlib,LP,tune,2,warm,ok,1,60.0,581.447,578.973222,Optimal,true,optimality_witness_checked,-896644.8218630457,-896644.8218630457,0,1,987,6264,,,pass,1.855360e-11,stderr=markov-cero 0.5.2 Optimal [LP -> primal] VERIFIED
bench02-2026-10-01,2026-10-01,/tmp/opencode/bench02-build/markov-cero-solve,36284e66e5584958d7cb57eb0fe7e1d080534835c9c01d1adcb5d4aca3336bc1,data/cases/li_crude_blending.mps,cases,MILP,train,2,warm,ok,1,300.0,4.548,2.50857,Optimal,true,optimality_witness_checked,5760,5760,0,1,112,5148,,,pass,0.000000e+00,stderr=markov-cero 0.5.2 Optimal [LP -> primal] VERIFIED
bench02-2026-10-01,2026-10-01,/tmp/opencode/bench02-build/markov-cero-solve,36284e66e5584958d7cb57eb0fe7e1d080534835c9c01d1adcb5d4aca3336bc1,data/cases/neiro_refinery_scheduling.mps,cases,MILP,train,2,warm,ok,1,300.0,94.491,91.186928,Optimal,true,tree_replayed,-275030,-275030,0,3,767,6428,,,pass,0.000000e+00,stderr=markov-cero 0.5.2 Optimal [MILP -> milp] VERIFIED proof: tier=independent_tree status=accepted budget_exhausted=false nodes=17 witness_values=3694 build_ms=57.475470999999999 replay_ms=0.6650629999999
bench02-2026-10-01,2026-10-01,/tmp/opencode/bench02-build/markov-cero-solve,36284e66e5584958d7cb57eb0fe7e1d080534835c9c01d1adcb5d4aca3336bc1,data/cases/crude_blending_large.mps,cases,MILP,train,2,warm,ok,1,300.0,909.388,907.071699,IterationLimit,false,unverified,0,,,1,10000,6784,,,not_checked,no primal vector in result,exit_code=6; stderr=markov-cero 0.5.2 IterationLimit [QP -> qp] NOT VERIFIED
bench02-2026-10-01,2026-10-01,/tmp/opencode/bench02-build/markov-cero-solve,36284e66e5584958d7cb57eb0fe7e1d080534835c9c01d1adcb5d4aca3336bc1,data/cases/process_network_large.mps,cases,MILP,train,2,warm,ok,1,300.0,1408.482,1404.541341,Optimal,true,tree_replayed,6420.866666666667,6420.866666666667,0,1,1511,7324,,,pass,0.000000e+00,stderr=markov-cero 0.5.2 Optimal [MILP -> milp] VERIFIED proof: tier=independent_tree status=accepted budget_exhausted=false nodes=1 witness_values=1792 build_ms=694.175341 replay_ms=0.82628199999999996
bench02-2026-10-01,2026-10-01,/tmp/opencode/bench02-build/markov-cero-solve,36284e66e5584958d7cb57eb0fe7e1d080534835c9c01d1adcb5d4aca3336bc1,data/cases/shapiro_network_flow.mps,cases,MILP,train,2,warm,ok,1,300.0,3.214,1.26876,Optimal,true,optimality_witness_checked,1176,1176,0,1,68,5556,,,pass,0.000000e+00,stderr=markov-cero 0.5.2 Optimal [LP -> primal] VERIFIED
bench02-2026-10-01,2026-10-01,/tmp/opencode/bench02-build/markov-cero-solve,36284e66e5584958d7cb57eb0fe7e1d080534835c9c01d1adcb5d4aca3336bc1,data/miplib/sp150x300d.mps,miplib,MILP,tune,2,warm,ok,1,300.0,300007.382,300003.368149,ResourceLimit,false,unverified,0,6.920629714660545,0.9011338612191351,261,348225,21080,69.0,69.0,not_checked,no primal vector in result,exit_code=5; stderr=markov-cero 0.5.2 ResourceLimit [MILP -> milp] NOT VERIFIED proof: tier=unverified status=not_requested budget_exhausted=false nodes=0 witness_values=0 build_ms=0 replay_ms=0
bench02-2026-10-01,2026-10-01,/tmp/opencode/bench02-build/markov-cero-solve,36284e66e5584958d7cb57eb0fe7e1d080534835c9c01d1adcb5d4aca3336bc1,data/miplib/assign1-5-8.mps,miplib,MILP,train,2,warm,absent,1,300.0,,,,,,,,,,,,,,,,model_not_in_checkout
bench02-2026-10-01,2026-10-01,/tmp/opencode/bench02-build/markov-cero-solve,36284e66e5584958d7cb57eb0fe7e1d080534835c9c01d1adcb5d4aca3336bc1,data/miplib/binkar10_1.mps,miplib,MILP,train,2,warm,absent,1,300.0,,,,,,,,,,,,,,,,model_not_in_checkout
bench02-2026-10-01,2026-10-01,/tmp/opencode/bench02-build/markov-cero-solve,36284e66e5584958d7cb57eb0fe7e1d080534835c9c01d1adcb5d4aca3336bc1,data/miplib/blp-ar98.mps,miplib,MILP,train,2,warm,absent,1,300.0,,,,,,,,,,,,,,,,model_not_in_checkout
bench02-2026-10-01,2026-10-01,/tmp/opencode/bench02-build/markov-cero-solve,36284e66e5584958d7cb57eb0fe7e1d080534835c9c01d1adcb5d4aca3336bc1,data/miplib/blp-ic98.mps,miplib,MILP,train,2,warm,absent,1,300.0,,,,,,,,,,,,,,,,model_not_in_checkout
bench02-2026-10-01,2026-10-01,/tmp/opencode/bench02-build/markov-cero-solve,36284e66e5584958d7cb57eb0fe7e1d080534835c9c01d1adcb5d4aca3336bc1,data/miplib/cmflsp50-24-8-8.mps,miplib,MILP,train,2,warm,absent,1,300.0,,,,,,,,,,,,,,,,model_not_in_checkout
bench02-2026-10-01,2026-10-01,/tmp/opencode/bench02-build/markov-cero-solve,36284e66e5584958d7cb57eb0fe7e1d080534835c9c01d1adcb5d4aca3336bc1,data/miplib/cod105.mps,miplib,MILP,train,2,warm,absent,1,300.0,,,,,,,,,,,,,,,,model_not_in_checkout
bench02-2026-10-01,2026-10-01,/tmp/opencode/bench02-build/markov-cero-solve,36284e66e5584958d7cb57eb0fe7e1d080534835c9c01d1adcb5d4aca3336bc1,data/miplib/comp21-2idx.mps,miplib,MILP,train,2,warm,absent,1,300.0,,,,,,,,,,,,,,,,model_not_in_checkout
bench02-2026-10-01,2026-10-01,/tmp/opencode/bench02-build/markov-cero-solve,36284e66e5584958d7cb57eb0fe7e1d080534835c9c01d1adcb5d4aca3336bc1,data/miplib/cost266-UUE.mps,miplib,MILP,train,2,warm,absent,1,300.0,,,,,,,,,,,,,,,,model_not_in_checkout
bench02-2026-10-01,2026-10-01,/tmp/opencode/bench02-build/markov-cero-solve,36284e66e5584958d7cb57eb0fe7e1d080534835c9c01d1adcb5d4aca3336bc1,data/miplib/csched007.mps,miplib,MILP,train,2,warm,absent,1,300.0,,,,,,,,,,,,,,,,model_not_in_checkout
bench02-2026-10-01,2026-10-01,/tmp/opencode/bench02-build/markov-cero-solve,36284e66e5584958d7cb57eb0fe7e1d080534835c9c01d1adcb5d4aca3336bc1,data/miplib/csched008.mps,miplib,MILP,train,2,warm,absent,1,300.0,,,,,,,,,,,,,,,,model_not_in_checkout
bench02-2026-10-01,2026-10-01,/tmp/opencode/bench02-build/markov-cero-solve,36284e66e5584958d7cb57eb0fe7e1d080534835c9c01d1adcb5d4aca3336bc1,data/miplib/dano3_3.mps,miplib,MILP,train,2,warm,absent,1,300.0,,,,,,,,,,,,,,,,model_not_in_checkout
bench02-2026-10-01,2026-10-01,/tmp/opencode/bench02-build/markov-cero-solve,36284e66e5584958d7cb57eb0fe7e1d080534835c9c01d1adcb5d4aca3336bc1,data/miplib/decomp2.mps,miplib,MILP,train,2,warm,absent,1,300.0,,,,,,,,,,,,,,,,model_not_in_checkout
bench02-2026-10-01,2026-10-01,/tmp/opencode/bench02-build/markov-cero-solve,36284e66e5584958d7cb57eb0fe7e1d080534835c9c01d1adcb5d4aca3336bc1,data/miplib/drayage-100-23.mps,miplib,MILP,train,2,warm,absent,1,300.0,,,,,,,,,,,,,,,,model_not_in_checkout
bench02-2026-10-01,2026-10-01,/tmp/opencode/bench02-build/markov-cero-solve,36284e66e5584958d7cb57eb0fe7e1d080534835c9c01d1adcb5d4aca3336bc1,data/miplib/drayage-25-23.mps,miplib,MILP,train,2,warm,absent,1,300.0,,,,,,,,,,,,,,,,model_not_in_checkout
bench02-2026-10-01,2026-10-01,/tmp/opencode/bench02-build/markov-cero-solve,36284e66e5584958d7cb57eb0fe7e1d080534835c9c01d1adcb5d4aca3336bc1,data/miplib/dws008-01.mps,miplib,MILP,train,2,warm,absent,1,300.0,,,,,,,,,,,,,,,,model_not_in_checkout
bench02-2026-10-01,2026-10-01,/tmp/opencode/bench02-build/markov-cero-solve,36284e66e5584958d7cb57eb0fe7e1d080534835c9c01d1adcb5d4aca3336bc1,data/miplib/eil33-2.mps,miplib,MILP,train,2,warm,absent,1,300.0,,,,,,,,,,,,,,,,model_not_in_checkout
bench02-2026-10-01,2026-10-01,/tmp/opencode/bench02-build/markov-cero-solve,36284e66e5584958d7cb57eb0fe7e1d080534835c9c01d1adcb5d4aca3336bc1,data/miplib/exp-1-500-5-5.mps,miplib,MILP,train,2,warm,absent,1,300.0,,,,,,,,,,,,,,,,model_not_in_checkout
bench02-2026-10-01,2026-10-01,/tmp/opencode/bench02-build/markov-cero-solve,36284e66e5584958d7cb57eb0fe7e1d080534835c9c01d1adcb5d4aca3336bc1,data/miplib/fhnw-binpack4-48.mps,miplib,MILP,train,2,warm,absent,1,300.0,,,,,,,,,,,,,,,,model_not_in_checkout
bench02-2026-10-01,2026-10-01,/tmp/opencode/bench02-build/markov-cero-solve,36284e66e5584958d7cb57eb0fe7e1d080534835c9c01d1adcb5d4aca3336bc1,data/miplib/flugpl.mps,miplib,MILP,train,2,warm,ok,1,300.0,10362.738,10303.290044,Feasible,false,original_primal_checked,1201500,1201500,0,6703,287990,48596,1201500.0,0.0,pass,0.000000e+00,stderr=markov-cero 0.5.2 Feasible [MILP -> milp] NOT VERIFIED proof: tier=unverified status=exhausted budget_exhausted=true nodes=9999 witness_values=489937 build_ms=4983.4294819999996 replay_ms=0.0346240000
bench02-2026-10-01,2026-10-01,/tmp/opencode/bench02-build/markov-cero-solve,36284e66e5584958d7cb57eb0fe7e1d080534835c9c01d1adcb5d4aca3336bc1,data/cases/supply_chain_large.mps,cases,MILP,train,2,warm,ok,1,300.0,11889.252,11886.042318,Feasible,false,original_primal_checked,926342.1266,926342.1266,0,11,25731,10592,,,pass,9.094947e-13,stderr=markov-cero 0.5.2 Feasible [MILP -> milp] NOT VERIFIED proof: tier=unverified status=exhausted budget_exhausted=true nodes=11 witness_values=11697 build_ms=5000.9381480000002 replay_ms=0.1746560000000
bench02-2026-10-01,2026-10-01,/tmp/opencode/bench02-build/markov-cero-solve,36284e66e5584958d7cb57eb0fe7e1d080534835c9c01d1adcb5d4aca3336bc1,data/mittelmann/neos5.mps,mittelmann,MILP,tune,2,warm,ok,1,300.0,300003.99,300001.858308,ResourceLimit,false,unverified,0,13.916666666666666,0.14358974358974363,5733,4481318,12496,,,not_checked,no primal vector in result,exit_code=5; stderr=markov-cero 0.5.2 ResourceLimit [MILP -> milp] NOT VERIFIED proof: tier=unverified status=not_requested budget_exhausted=false nodes=0 witness_values=0 build_ms=0 replay_ms=0
bench02-2026-10-01,2026-10-01,/tmp/opencode/bench02-build/markov-cero-solve,36284e66e5584958d7cb57eb0fe7e1d080534835c9c01d1adcb5d4aca3336bc1,data/miplib/germanrr.mps,miplib,MILP,train,2,warm,absent,1,300.0,,,,,,,,,,,,,,,,model_not_in_checkout
bench02-2026-10-01,2026-10-01,/tmp/opencode/bench02-build/markov-cero-solve,36284e66e5584958d7cb57eb0fe7e1d080534835c9c01d1adcb5d4aca3336bc1,data/miplib/glass-sc.mps,miplib,MILP,train,2,warm,absent,1,300.0,,,,,,,,,,,,,,,,model_not_in_checkout
bench02-2026-10-01,2026-10-01,/tmp/opencode/bench02-build/markov-cero-solve,36284e66e5584958d7cb57eb0fe7e1d080534835c9c01d1adcb5d4aca3336bc1,data/miplib/gmu-35-40.mps,miplib,MILP,train,2,warm,absent,1,300.0,,,,,,,,,,,,,,,,model_not_in_checkout
bench02-2026-10-01,2026-10-01,/tmp/opencode/bench02-build/markov-cero-solve,36284e66e5584958d7cb57eb0fe7e1d080534835c9c01d1adcb5d4aca3336bc1,data/miplib/h80x6320d.mps,miplib,MILP,train,2,warm,absent,1,300.0,,,,,,,,,,,,,,,,model_not_in_checkout
bench02-2026-10-01,2026-10-01,/tmp/opencode/bench02-build/markov-cero-solve,36284e66e5584958d7cb57eb0fe7e1d080534835c9c01d1adcb5d4aca3336bc1,data/miplib/hypothyroid-k1.mps,miplib,MILP,train,2,warm,absent,1,300.0,,,,,,,,,,,,,,,,model_not_in_checkout
bench02-2026-10-01,2026-10-01,/tmp/opencode/bench02-build/markov-cero-solve,36284e66e5584958d7cb57eb0fe7e1d080534835c9c01d1adcb5d4aca3336bc1,data/miplib/ic97_potential.mps,miplib,MILP,train,2,warm,absent,1,300.0,,,,,,,,,,,,,,,,model_not_in_checkout
bench02-2026-10-01,2026-10-01,/tmp/opencode/bench02-build/markov-cero-solve,36284e66e5584958d7cb57eb0fe7e1d080534835c9c01d1adcb5d4aca3336bc1,data/miplib/icir97_tension.mps,miplib,MILP,train,2,warm,absent,1,300.0,,,,,,,,,,,,,,,,model_not_in_checkout
bench02-2026-10-01,2026-10-01,/tmp/opencode/bench02-build/markov-cero-solve,36284e66e5584958d7cb57eb0fe7e1d080534835c9c01d1adcb5d4aca3336bc1,data/miplib/irp.mps,miplib,MILP,train,2,warm,absent,1,300.0,,,,,,,,,,,,,,,,model_not_in_checkout
bench02-2026-10-01,2026-10-01,/tmp/opencode/bench02-build/markov-cero-solve,36284e66e5584958d7cb57eb0fe7e1d080534835c9c01d1adcb5d4aca3336bc1,data/miplib/leo1.mps,miplib,MILP,train,2,warm,absent,1,300.0,,,,,,,,,,,,,,,,model_not_in_checkout
bench02-2026-10-01,2026-10-01,/tmp/opencode/bench02-build/markov-cero-solve,36284e66e5584958d7cb57eb0fe7e1d080534835c9c01d1adcb5d4aca3336bc1,data/miplib/leo2.mps,miplib,MILP,train,2,warm,absent,1,300.0,,,,,,,,,,,,,,,,model_not_in_checkout
bench02-2026-10-01,2026-10-01,/tmp/opencode/bench02-build/markov-cero-solve,36284e66e5584958d7cb57eb0fe7e1d080534835c9c01d1adcb5d4aca3336bc1,data/miplib/mad.mps,miplib,MILP,train,2,warm,absent,1,300.0,,,,,,,,,,,,,,,,model_not_in_checkout
bench02-2026-10-01,2026-10-01,/tmp/opencode/bench02-build/markov-cero-solve,36284e66e5584958d7cb57eb0fe7e1d080534835c9c01d1adcb5d4aca3336bc1,data/cases/production_planning_large.mps,cases,MILP,train,2,warm,ok,1,300.0,300003.038,300000.688619,ResourceLimit,false,unverified,0,91649.94974038565,0.021757973627611216,973,1922252,10752,,,not_checked,no primal vector in result,exit_code=5; stderr=markov-cero 0.5.2 ResourceLimit [MILP -> milp] NOT VERIFIED proof: tier=unverified status=not_requested budget_exhausted=false nodes=0 witness_values=0 build_ms=0 replay_ms=0
bench02-2026-10-01,2026-10-01,/tmp/opencode/bench02-build/markov-cero-solve,36284e66e5584958d7cb57eb0fe7e1d080534835c9c01d1adcb5d4aca3336bc1,data/miplib/gen-ip002.mps,miplib,MILP,train,2,warm,ok,1,300.0,300035.562,300031.669284,ResourceLimit,false,unverified,0,-4811.648429222787,0.010808209376429147,37397,3006507,49860,-4783.733392,4783.733392,not_checked,no primal vector in result,exit_code=5; stderr=markov-cero 0.5.2 ResourceLimit [MILP -> milp] NOT VERIFIED proof: tier=unverified status=not_requested budget_exhausted=false nodes=0 witness_values=0 build_ms=0 replay_ms=0
bench02-2026-10-01,2026-10-01,/tmp/opencode/bench02-build/markov-cero-solve,36284e66e5584958d7cb57eb0fe7e1d080534835c9c01d1adcb5d4aca3336bc1,data/miplib/mc11.mps,miplib,MILP,train,2,warm,absent,1,300.0,,,,,,,,,,,,,,,,model_not_in_checkout
bench02-2026-10-01,2026-10-01,/tmp/opencode/bench02-build/markov-cero-solve,36284e66e5584958d7cb57eb0fe7e1d080534835c9c01d1adcb5d4aca3336bc1,data/miplib/milo-v12-6-r2-40-1.mps,miplib,MILP,train,2,warm,absent,1,300.0,,,,,,,,,,,,,,,,model_not_in_checkout
bench02-2026-10-01,2026-10-01,/tmp/opencode/bench02-build/markov-cero-solve,36284e66e5584958d7cb57eb0fe7e1d080534835c9c01d1adcb5d4aca3336bc1,data/miplib/mushroom-best.mps,miplib,MILP,train,2,warm,absent,1,300.0,,,,,,,,,,,,,,,,model_not_in_checkout
bench02-2026-10-01,2026-10-01,/tmp/opencode/bench02-build/markov-cero-solve,36284e66e5584958d7cb57eb0fe7e1d080534835c9c01d1adcb5d4aca3336bc1,data/miplib/mzzv11.mps,miplib,MILP,train,2,warm,absent,1,300.0,,,,,,,,,,,,,,,,model_not_in_checkout
bench02-2026-10-01,2026-10-01,/tmp/opencode/bench02-build/markov-cero-solve,36284e66e5584958d7cb57eb0fe7e1d080534835c9c01d1adcb5d4aca3336bc1,data/miplib/mzzv42z.mps,miplib,MILP,train,2,warm,absent,1,300.0,,,,,,,,,,,,,,,,model_not_in_checkout
bench02-2026-10-01,2026-10-01,/tmp/opencode/bench02-build/markov-cero-solve,36284e66e5584958d7cb57eb0fe7e1d080534835c9c01d1adcb5d4aca3336bc1,data/miplib/n2seq36q.mps,miplib,MILP,train,2,warm,absent,1,300.0,,,,,,,,,,,,,,,,model_not_in_checkout
bench02-2026-10-01,2026-10-01,/tmp/opencode/bench02-build/markov-cero-solve,36284e66e5584958d7cb57eb0fe7e1d080534835c9c01d1adcb5d4aca3336bc1,data/miplib/n5-3.mps,miplib,MILP,train,2,warm,absent,1,300.0,,,,,,,,,,,,,,,,model_not_in_checkout
bench02-2026-10-01,2026-10-01,/tmp/opencode/bench02-build/markov-cero-solve,36284e66e5584958d7cb57eb0fe7e1d080534835c9c01d1adcb5d4aca3336bc1,data/miplib/neos-1171737.mps,miplib,MILP,train,2,warm,absent,1,300.0,,,,,,,,,,,,,,,,model_not_in_checkout
bench02-2026-10-01,2026-10-01,/tmp/opencode/bench02-build/markov-cero-solve,36284e66e5584958d7cb57eb0fe7e1d080534835c9c01d1adcb5d4aca3336bc1,data/miplib/neos-1456979.mps,miplib,MILP,train,2,warm,absent,1,300.0,,,,,,,,,,,,,,,,model_not_in_checkout
bench02-2026-10-01,2026-10-01,/tmp/opencode/bench02-build/markov-cero-solve,36284e66e5584958d7cb57eb0fe7e1d080534835c9c01d1adcb5d4aca3336bc1,data/miplib/neos-1582420.mps,miplib,MILP,train,2,warm,absent,1,300.0,,,,,,,,,,,,,,,,model_not_in_checkout
bench02-2026-10-01,2026-10-01,/tmp/opencode/bench02-build/markov-cero-solve,36284e66e5584958d7cb57eb0fe7e1d080534835c9c01d1adcb5d4aca3336bc1,data/miplib/gen-ip054.mps,miplib,MILP,train,2,warm,ok,1,300.0,300024.91,300020.721653,ResourceLimit,false,unverified,0,6787.806201539603,0.015782567763858925,19908,3956460,40560,6840.96564179,6840.96564179,not_checked,no primal vector in result,exit_code=5; stderr=markov-cero 0.5.2 ResourceLimit [MILP -> milp] NOT VERIFIED proof: tier=unverified status=not_requested budget_exhausted=false nodes=0 witness_values=0 build_ms=0 replay_ms=0
bench02-2026-10-01,2026-10-01,/tmp/opencode/bench02-build/markov-cero-solve,36284e66e5584958d7cb57eb0fe7e1d080534835c9c01d1adcb5d4aca3336bc1,data/miplib/neos-2978193-inde.mps,miplib,MILP,train,2,warm,absent,1,300.0,,,,,,,,,,,,,,,,model_not_in_checkout
bench02-2026-10-01,2026-10-01,/tmp/opencode/bench02-build/markov-cero-solve,36284e66e5584958d7cb57eb0fe7e1d080534835c9c01d1adcb5d4aca3336bc1,data/miplib/neos-3004026-krka.mps,miplib,MILP,train,2,warm,absent,1,300.0,,,,,,,,,,,,,,,,model_not_in_checkout
bench02-2026-10-01,2026-10-01,/tmp/opencode/bench02-build/markov-cero-solve,36284e66e5584958d7cb57eb0fe7e1d080534835c9c01d1adcb5d4aca3336bc1,data/miplib/neos-3024952-loue.mps,miplib,MILP,train,2,warm,absent,1,300.0,,,,,,,,,,,,,,,,model_not_in_checkout
bench02-2026-10-01,2026-10-01,/tmp/opencode/bench02-build/markov-cero-solve,36284e66e5584958d7cb57eb0fe7e1d080534835c9c01d1adcb5d4aca3336bc1,data/miplib/markshare_4_0.mps,miplib,MILP,train,2,warm,ok,1,300.0,300188.294,300171.600535,ResourceLimit,false,unverified,0,0,1,28412,4572585,263604,1.0,1.0,not_checked,no primal vector in result,exit_code=5; stderr=markov-cero 0.5.2 ResourceLimit [MILP -> milp] NOT VERIFIED proof: tier=unverified status=not_requested budget_exhausted=false nodes=0 witness_values=0 build_ms=0 replay_ms=0
bench02-2026-10-01,2026-10-01,/tmp/opencode/bench02-build/markov-cero-solve,36284e66e5584958d7cb57eb0fe7e1d080534835c9c01d1adcb5d4aca3336bc1,data/miplib/neos-3083819-nubu.mps,miplib,MILP,train,2,warm,absent,1,300.0,,,,,,,,,,,,,,,,model_not_in_checkout
bench02-2026-10-01,2026-10-01,/tmp/opencode/bench02-build/markov-cero-solve,36284e66e5584958d7cb57eb0fe7e1d080534835c9c01d1adcb5d4aca3336bc1,data/miplib/neos-3216931-puriri.mps,miplib,MILP,train,2,warm,absent,1,300.0,,,,,,,,,,,,,,,,model_not_in_checkout
bench02-2026-10-01,2026-10-01,/tmp/opencode/bench02-build/markov-cero-solve,36284e66e5584958d7cb57eb0fe7e1d080534835c9c01d1adcb5d4aca3336bc1,data/miplib/neos-3627168-kasai.mps,miplib,MILP,train,2,warm,absent,1,300.0,,,,,,,,,,,,,,,,model_not_in_checkout
bench02-2026-10-01,2026-10-01,/tmp/opencode/bench02-build/markov-cero-solve,36284e66e5584958d7cb57eb0fe7e1d080534835c9c01d1adcb5d4aca3336bc1,data/miplib/neos-4338804-snowy.mps,miplib,MILP,train,2,warm,absent,1,300.0,,,,,,,,,,,,,,,,model_not_in_checkout
bench02-2026-10-01,2026-10-01,/tmp/opencode/bench02-build/markov-cero-solve,36284e66e5584958d7cb57eb0fe7e1d080534835c9c01d1adcb5d4aca3336bc1,data/miplib/neos-4387871-tavua.mps,miplib,MILP,train,2,warm,absent,1,300.0,,,,,,,,,,,,,,,,model_not_in_checkout
bench02-2026-10-01,2026-10-01,/tmp/opencode/bench02-build/markov-cero-solve,36284e66e5584958d7cb57eb0fe7e1d080534835c9c01d1adcb5d4aca3336bc1,data/miplib/neos-4738912-atrato.mps,miplib,MILP,train,2,warm,absent,1,300.0,,,,,,,,,,,,,,,,model_not_in_checkout
bench02-2026-10-01,2026-10-01,/tmp/opencode/bench02-build/markov-cero-solve,36284e66e5584958d7cb57eb0fe7e1d080534835c9c01d1adcb5d4aca3336bc1,data/miplib/neos-662469.mps,miplib,MILP,train,2,warm,absent,1,300.0,,,,,,,,,,,,,,,,model_not_in_checkout
bench02-2026-10-01,2026-10-01,/tmp/opencode/bench02-build/markov-cero-solve,36284e66e5584958d7cb57eb0fe7e1d080534835c9c01d1adcb5d4aca3336bc1,data/miplib/neos-860300.mps,miplib,MILP,train,2,warm,absent,1,300.0,,,,,,,,,,,,,,,,model_not_in_checkout
bench02-2026-10-01,2026-10-01,/tmp/opencode/bench02-build/markov-cero-solve,36284e66e5584958d7cb57eb0fe7e1d080534835c9c01d1adcb5d4aca3336bc1,data/miplib/neos-911970.mps,miplib,MILP,train,2,warm,absent,1,300.0,,,,,,,,,,,,,,,,model_not_in_checkout
bench02-2026-10-01,2026-10-01,/tmp/opencode/bench02-build/markov-cero-solve,36284e66e5584958d7cb57eb0fe7e1d080534835c9c01d1adcb5d4aca3336bc1,data/miplib/net12.mps,miplib,MILP,train,2,warm,absent,1,300.0,,,,,,,,,,,,,,,,model_not_in_checkout
bench02-2026-10-01,2026-10-01,/tmp/opencode/bench02-build/markov-cero-solve,36284e66e5584958d7cb57eb0fe7e1d080534835c9c01d1adcb5d4aca3336bc1,data/miplib/nexp-150-20-8-5.mps,miplib,MILP,train,2,warm,absent,1,300.0,,,,,,,,,,,,,,,,model_not_in_checkout
bench02-2026-10-01,2026-10-01,/tmp/opencode/bench02-build/markov-cero-solve,36284e66e5584958d7cb57eb0fe7e1d080534835c9c01d1adcb5d4aca3336bc1,data/miplib/ns1208400.mps,miplib,MILP,train,2,warm,absent,1,300.0,,,,,,,,,,,,,,,,model_not_in_checkout
bench02-2026-10-01,2026-10-01,/tmp/opencode/bench02-build/markov-cero-solve,36284e66e5584958d7cb57eb0fe7e1d080534835c9c01d1adcb5d4aca3336bc1,data/miplib/ns1830653.mps,miplib,MILP,train,2,warm,absent,1,300.0,,,,,,,,,,,,,,,,model_not_in_checkout
bench02-2026-10-01,2026-10-01,/tmp/opencode/bench02-build/markov-cero-solve,36284e66e5584958d7cb57eb0fe7e1d080534835c9c01d1adcb5d4aca3336bc1,data/miplib/ns1952667.mps,miplib,MILP,train,2,warm,absent,1,300.0,,,,,,,,,,,,,,,,model_not_in_checkout
bench02-2026-10-01,2026-10-01,/tmp/opencode/bench02-build/markov-cero-solve,36284e66e5584958d7cb57eb0fe7e1d080534835c9c01d1adcb5d4aca3336bc1,data/miplib/nu25-pr12.mps,miplib,MILP,train,2,warm,absent,1,300.0,,,,,,,,,,,,,,,,model_not_in_checkout
bench02-2026-10-01,2026-10-01,/tmp/opencode/bench02-build/markov-cero-solve,36284e66e5584958d7cb57eb0fe7e1d080534835c9c01d1adcb5d4aca3336bc1,data/miplib/p200x1188c.mps,miplib,MILP,train,2,warm,absent,1,300.0,,,,,,,,,,,,,,,,model_not_in_checkout
bench02-2026-10-01,2026-10-01,/tmp/opencode/bench02-build/markov-cero-solve,36284e66e5584958d7cb57eb0fe7e1d080534835c9c01d1adcb5d4aca3336bc1,data/miplib/peg-solitaire-a3.mps,miplib,MILP,train,2,warm,absent,1,300.0,,,,,,,,,,,,,,,,model_not_in_checkout
bench02-2026-10-01,2026-10-01,/tmp/opencode/bench02-build/markov-cero-solve,36284e66e5584958d7cb57eb0fe7e1d080534835c9c01d1adcb5d4aca3336bc1,data/miplib/pg.mps,miplib,MILP,train,2,warm,absent,1,300.0,,,,,,,,,,,,,,,,model_not_in_checkout
bench02-2026-10-01,2026-10-01,/tmp/opencode/bench02-build/markov-cero-solve,36284e66e5584958d7cb57eb0fe7e1d080534835c9c01d1adcb5d4aca3336bc1,data/miplib/pg5_34.mps,miplib,MILP,train,2,warm,absent,1,300.0,,,,,,,,,,,,,,,,model_not_in_checkout
bench02-2026-10-01,2026-10-01,/tmp/opencode/bench02-build/markov-cero-solve,36284e66e5584958d7cb57eb0fe7e1d080534835c9c01d1adcb5d4aca3336bc1,data/miplib/piperout-08.mps,miplib,MILP,train,2,warm,absent,1,300.0,,,,,,,,,,,,,,,,model_not_in_checkout
bench02-2026-10-01,2026-10-01,/tmp/opencode/bench02-build/markov-cero-solve,36284e66e5584958d7cb57eb0fe7e1d080534835c9c01d1adcb5d4aca3336bc1,data/miplib/qap10.mps,miplib,MILP,train,2,warm,absent,1,300.0,,,,,,,,,,,,,,,,model_not_in_checkout
bench02-2026-10-01,2026-10-01,/tmp/opencode/bench02-build/markov-cero-solve,36284e66e5584958d7cb57eb0fe7e1d080534835c9c01d1adcb5d4aca3336bc1,data/miplib/ran14x18-disj-8.mps,miplib,MILP,train,2,warm,absent,1,300.0,,,,,,,,,,,,,,,,model_not_in_checkout
bench02-2026-10-01,2026-10-01,/tmp/opencode/bench02-build/markov-cero-solve,36284e66e5584958d7cb57eb0fe7e1d080534835c9c01d1adcb5d4aca3336bc1,data/miplib/reblock115.mps,miplib,MILP,train,2,warm,absent,1,300.0,,,,,,,,,,,,,,,,model_not_in_checkout
bench02-2026-10-01,2026-10-01,/tmp/opencode/bench02-build/markov-cero-solve,36284e66e5584958d7cb57eb0fe7e1d080534835c9c01d1adcb5d4aca3336bc1,data/miplib/rmatr100-p10.mps,miplib,MILP,train,2,warm,absent,1,300.0,,,,,,,,,,,,,,,,model_not_in_checkout
bench02-2026-10-01,2026-10-01,/tmp/opencode/bench02-build/markov-cero-solve,36284e66e5584958d7cb57eb0fe7e1d080534835c9c01d1adcb5d4aca3336bc1,data/miplib/rocI-4-11.mps,miplib,MILP,train,2,warm,absent,1,300.0,,,,,,,,,,,,,,,,model_not_in_checkout
bench02-2026-10-01,2026-10-01,/tmp/opencode/bench02-build/markov-cero-solve,36284e66e5584958d7cb57eb0fe7e1d080534835c9c01d1adcb5d4aca3336bc1,data/miplib/rococoB10-011000.mps,miplib,MILP,train,2,warm,absent,1,300.0,,,,,,,,,,,,,,,,model_not_in_checkout
bench02-2026-10-01,2026-10-01,/tmp/opencode/bench02-build/markov-cero-solve,36284e66e5584958d7cb57eb0fe7e1d080534835c9c01d1adcb5d4aca3336bc1,data/miplib/sct2.mps,miplib,MILP,train,2,warm,absent,1,300.0,,,,,,,,,,,,,,,,model_not_in_checkout
bench02-2026-10-01,2026-10-01,/tmp/opencode/bench02-build/markov-cero-solve,36284e66e5584958d7cb57eb0fe7e1d080534835c9c01d1adcb5d4aca3336bc1,data/miplib/seymour.mps,miplib,MILP,train,2,warm,absent,1,300.0,,,,,,,,,,,,,,,,model_not_in_checkout
bench02-2026-10-01,2026-10-01,/tmp/opencode/bench02-build/markov-cero-solve,36284e66e5584958d7cb57eb0fe7e1d080534835c9c01d1adcb5d4aca3336bc1,data/miplib/seymour1.mps,miplib,MILP,train,2,warm,absent,1,300.0,,,,,,,,,,,,,,,,model_not_in_checkout
bench02-2026-10-01,2026-10-01,/tmp/opencode/bench02-build/markov-cero-solve,36284e66e5584958d7cb57eb0fe7e1d080534835c9c01d1adcb5d4aca3336bc1,data/miplib/sp98ar.mps,miplib,MILP,train,2,warm,absent,1,300.0,,,,,,,,,,,,,,,,model_not_in_checkout
bench02-2026-10-01,2026-10-01,/tmp/opencode/bench02-build/markov-cero-solve,36284e66e5584958d7cb57eb0fe7e1d080534835c9c01d1adcb5d4aca3336bc1,data/miplib/stein15.mps,miplib,MILP,train,2,warm,ok,1,300.0,2282.755,2275.983994,Optimal,true,tree_replayed,9,9,0,169,34320,8248,9.0,0.0,pass,0.000000e+00,stderr=markov-cero 0.5.2 Optimal [MILP -> milp] VERIFIED proof: tier=independent_tree status=accepted budget_exhausted=false nodes=241 witness_values=23709 build_ms=336.647425 replay_ms=2.145683
bench02-2026-10-01,2026-10-01,/tmp/opencode/bench02-build/markov-cero-solve,36284e66e5584958d7cb57eb0fe7e1d080534835c9c01d1adcb5d4aca3336bc1,data/miplib/stein9.mps,miplib,MILP,train,2,warm,ok,1,300.0,44.874,41.843192,Optimal,true,tree_replayed,5,5,0,13,976,6212,5.0,0.0,pass,0.000000e+00,stderr=markov-cero 0.5.2 Optimal [MILP -> milp] VERIFIED proof: tier=independent_tree status=accepted budget_exhausted=false nodes=33 witness_values=1413 build_ms=11.329819000000001 replay_ms=0.181814
bench02-2026-10-01,2026-10-01,/tmp/opencode/bench02-build/markov-cero-solve,36284e66e5584958d7cb57eb0fe7e1d080534835c9c01d1adcb5d4aca3336bc1,data/miplib/supportcase26.mps,miplib,MILP,train,2,warm,absent,1,300.0,,,,,,,,,,,,,,,,model_not_in_checkout
bench02-2026-10-01,2026-10-01,/tmp/opencode/bench02-build/markov-cero-solve,36284e66e5584958d7cb57eb0fe7e1d080534835c9c01d1adcb5d4aca3336bc1,data/miplib/mas74.mps,miplib,MILP,train,2,warm,ok,1,300.0,300005.916,300003.522208,ResourceLimit,false,unverified,0,10890.019421514573,0.9999999891099806,5171,3931133,13012,11801.18572,11801.18572,not_checked,no primal vector in result,exit_code=5; stderr=markov-cero 0.5.2 ResourceLimit [MILP -> milp] NOT VERIFIED proof: tier=unverified status=not_requested budget_exhausted=false nodes=0 witness_values=0 build_ms=0 replay_ms=0
bench02-2026-10-01,2026-10-01,/tmp/opencode/bench02-build/markov-cero-solve,36284e66e5584958d7cb57eb0fe7e1d080534835c9c01d1adcb5d4aca3336bc1,data/miplib/tr12-30.mps,miplib,MILP,train,2,warm,absent,1,300.0,,,,,,,,,,,,,,,,model_not_in_checkout
bench02-2026-10-01,2026-10-01,/tmp/opencode/bench02-build/markov-cero-solve,36284e66e5584958d7cb57eb0fe7e1d080534835c9c01d1adcb5d4aca3336bc1,data/miplib/traininstance6.mps,miplib,MILP,train,2,warm,absent,1,300.0,,,,,,,,,,,,,,,,model_not_in_checkout
bench02-2026-10-01,2026-10-01,/tmp/opencode/bench02-build/markov-cero-solve,36284e66e5584958d7cb57eb0fe7e1d080534835c9c01d1adcb5d4aca3336bc1,data/miplib/trento1.mps,miplib,MILP,train,2,warm,absent,1,300.0,,,,,,,,,,,,,,,,model_not_in_checkout
bench02-2026-10-01,2026-10-01,/tmp/opencode/bench02-build/markov-cero-solve,36284e66e5584958d7cb57eb0fe7e1d080534835c9c01d1adcb5d4aca3336bc1,data/miplib/wachplan.mps,miplib,MILP,train,2,warm,absent,1,300.0,,,,,,,,,,,,,,,,model_not_in_checkout
bench02-2026-10-01,2026-10-01,/tmp/opencode/bench02-build/markov-cero-solve,36284e66e5584958d7cb57eb0fe7e1d080534835c9c01d1adcb5d4aca3336bc1,data/mittelmann/30n20b8.mps,mittelmann,MILP,train,2,warm,absent,1,300.0,,,,,,,,,,,,,,,,model_not_in_checkout
bench02-2026-10-01,2026-10-01,/tmp/opencode/bench02-build/markov-cero-solve,36284e66e5584958d7cb57eb0fe7e1d080534835c9c01d1adcb5d4aca3336bc1,data/mittelmann/bienst2.mps,mittelmann,MILP,train,2,warm,absent,1,300.0,,,,,,,,,,,,,,,,model_not_in_checkout
bench02-2026-10-01,2026-10-01,/tmp/opencode/bench02-build/markov-cero-solve,36284e66e5584958d7cb57eb0fe7e1d080534835c9c01d1adcb5d4aca3336bc1,data/mittelmann/fome12.mps,mittelmann,MILP,train,2,warm,absent,1,300.0,,,,,,,,,,,,,,,,model_not_in_checkout
bench02-2026-10-01,2026-10-01,/tmp/opencode/bench02-build/markov-cero-solve,36284e66e5584958d7cb57eb0fe7e1d080534835c9c01d1adcb5d4aca3336bc1,data/mittelmann/fome13.mps,mittelmann,MILP,train,2,warm,absent,1,300.0,,,,,,,,,,,,,,,,model_not_in_checkout
bench02-2026-10-01,2026-10-01,/tmp/opencode/bench02-build/markov-cero-solve,36284e66e5584958d7cb57eb0fe7e1d080534835c9c01d1adcb5d4aca3336bc1,data/miplib/neos-2657525-crna.mps,miplib,MILP,train,2,warm,ok,1,300.0,300239.08,300236.501904,ResourceLimit,false,unverified,0,0,,235,292268,15900,1.810748,1.810748,not_checked,no primal vector in result,exit_code=5; stderr=markov-cero 0.5.2 ResourceLimit [MILP -> milp] NOT VERIFIED proof: tier=unverified status=not_requested budget_exhausted=false nodes=0 witness_values=0 build_ms=0 replay_ms=0
bench02-2026-10-01,2026-10-01,/tmp/opencode/bench02-build/markov-cero-solve,36284e66e5584958d7cb57eb0fe7e1d080534835c9c01d1adcb5d4aca3336bc1,data/mittelmann/mkc1.mps,mittelmann,MILP,train,2,warm,absent,1,300.0,,,,,,,,,,,,,,,,model_not_in_checkout
bench02-2026-10-01,2026-10-01,/tmp/opencode/bench02-build/markov-cero-solve,36284e66e5584958d7cb57eb0fe7e1d080534835c9c01d1adcb5d4aca3336bc1,data/mittelmann/pds-20.mps,mittelmann,MILP,train,2,warm,absent,1,300.0,,,,,,,,,,,,,,,,model_not_in_checkout
bench02-2026-10-01,2026-10-01,/tmp/opencode/bench02-build/markov-cero-solve,36284e66e5584958d7cb57eb0fe7e1d080534835c9c01d1adcb5d4aca3336bc1,data/mittelmann/qap15.mps,mittelmann,MILP,train,2,warm,absent,1,300.0,,,,,,,,,,,,,,,,model_not_in_checkout
bench02-2026-10-01,2026-10-01,/tmp/opencode/bench02-build/markov-cero-solve,36284e66e5584958d7cb57eb0fe7e1d080534835c9c01d1adcb5d4aca3336bc1,data/mittelmann/rail507.mps,mittelmann,MILP,train,2,warm,absent,1,300.0,,,,,,,,,,,,,,,,model_not_in_checkout
bench02-2026-10-01,2026-10-01,/tmp/opencode/bench02-build/markov-cero-solve,36284e66e5584958d7cb57eb0fe7e1d080534835c9c01d1adcb5d4aca3336bc1,data/miplib/neos-3046615-murg.mps,miplib,MILP,train,2,warm,ok,1,300.0,300004.429,300001.845331,ResourceLimit,false,unverified,0,216,,185,169415,12472,1600.0,1600.0,not_checked,no primal vector in result,exit_code=5; stderr=markov-cero 0.5.2 ResourceLimit [MILP -> milp] NOT VERIFIED proof: tier=unverified status=not_requested budget_exhausted=false nodes=0 witness_values=0 build_ms=0 replay_ms=0
bench02-2026-10-01,2026-10-01,/tmp/opencode/bench02-build/markov-cero-solve,36284e66e5584958d7cb57eb0fe7e1d080534835c9c01d1adcb5d4aca3336bc1,data/netlib/25fv47.mps,netlib,LP,train,2,warm,absent,1,60.0,,,,,,,,,,,,,,,,model_not_in_checkout
bench02-2026-10-01,2026-10-01,/tmp/opencode/bench02-build/markov-cero-solve,36284e66e5584958d7cb57eb0fe7e1d080534835c9c01d1adcb5d4aca3336bc1,data/netlib/adlittle.mps,netlib,LP,train,2,warm,ok,1,60.0,25.878,23.925659,Optimal,true,optimality_witness_checked,225494.9631623804,225494.9631623804,0,1,625,5720,225494.96316238,3.7834979593753815e-10,pass,9.094947e-13,stderr=markov-cero 0.5.2 Optimal [LP -> primal] VERIFIED
bench02-2026-10-01,2026-10-01,/tmp/opencode/bench02-build/markov-cero-solve,36284e66e5584958d7cb57eb0fe7e1d080534835c9c01d1adcb5d4aca3336bc1,data/netlib/afiro.mps,netlib,LP,train,2,warm,ok,1,60.0,4.58,1.578538,Optimal,true,optimality_witness_checked,-464.75314285714285,-464.75314285714285,0,1,55,4544,-464.753142857143,1.7053025658242404e-13,pass,4.263256e-14,stderr=markov-cero 0.5.2 Optimal [LP -> primal] VERIFIED
bench02-2026-10-01,2026-10-01,/tmp/opencode/bench02-build/markov-cero-solve,36284e66e5584958d7cb57eb0fe7e1d080534835c9c01d1adcb5d4aca3336bc1,data/netlib/agg.mps,netlib,LP,train,2,warm,absent,1,60.0,,,,,,,,,,,,,,,,model_not_in_checkout
bench02-2026-10-01,2026-10-01,/tmp/opencode/bench02-build/markov-cero-solve,36284e66e5584958d7cb57eb0fe7e1d080534835c9c01d1adcb5d4aca3336bc1,data/netlib/agg2.mps,netlib,LP,train,2,warm,absent,1,60.0,,,,,,,,,,,,,,,,model_not_in_checkout
bench02-2026-10-01,2026-10-01,/tmp/opencode/bench02-build/markov-cero-solve,36284e66e5584958d7cb57eb0fe7e1d080534835c9c01d1adcb5d4aca3336bc1,data/netlib/agg3.mps,netlib,LP,train,2,warm,absent,1,60.0,,,,,,,,,,,,,,,,model_not_in_checkout
bench02-2026-10-01,2026-10-01,/tmp/opencode/bench02-build/markov-cero-solve,36284e66e5584958d7cb57eb0fe7e1d080534835c9c01d1adcb5d4aca3336bc1,data/netlib/blend.mps,netlib,LP,train,2,warm,ok,1,60.0,50.47,47.895249,Optimal,true,optimality_witness_checked,-30.812149845828245,-30.812149845828245,0,1,547,5392,,,pass,2.842171e-14,stderr=markov-cero 0.5.2 Optimal [LP -> primal] VERIFIED
bench02-2026-10-01,2026-10-01,/tmp/opencode/bench02-build/markov-cero-solve,36284e66e5584958d7cb57eb0fe7e1d080534835c9c01d1adcb5d4aca3336bc1,data/netlib/bnl1.mps,netlib,LP,train,2,warm,absent,1,60.0,,,,,,,,,,,,,,,,model_not_in_checkout
bench02-2026-10-01,2026-10-01,/tmp/opencode/bench02-build/markov-cero-solve,36284e66e5584958d7cb57eb0fe7e1d080534835c9c01d1adcb5d4aca3336bc1,data/netlib/boeing1.mps,netlib,LP,train,2,warm,absent,1,60.0,,,,,,,,,,,,,,,,model_not_in_checkout
bench02-2026-10-01,2026-10-01,/tmp/opencode/bench02-build/markov-cero-solve,36284e66e5584958d7cb57eb0fe7e1d080534835c9c01d1adcb5d4aca3336bc1,data/netlib/cycle.mps,netlib,LP,train,2,warm,absent,1,60.0,,,,,,,,,,,,,,,,model_not_in_checkout
bench02-2026-10-01,2026-10-01,/tmp/opencode/bench02-build/markov-cero-solve,36284e66e5584958d7cb57eb0fe7e1d080534835c9c01d1adcb5d4aca3336bc1,data/netlib/czprob.mps,netlib,LP,train,2,warm,absent,1,60.0,,,,,,,,,,,,,,,,model_not_in_checkout
bench02-2026-10-01,2026-10-01,/tmp/opencode/bench02-build/markov-cero-solve,36284e66e5584958d7cb57eb0fe7e1d080534835c9c01d1adcb5d4aca3336bc1,data/netlib/d2q06c.mps,netlib,LP,train,2,warm,absent,1,60.0,,,,,,,,,,,,,,,,model_not_in_checkout
bench02-2026-10-01,2026-10-01,/tmp/opencode/bench02-build/markov-cero-solve,36284e66e5584958d7cb57eb0fe7e1d080534835c9c01d1adcb5d4aca3336bc1,data/netlib/d6cube.mps,netlib,LP,train,2,warm,absent,1,60.0,,,,,,,,,,,,,,,,model_not_in_checkout
bench02-2026-10-01,2026-10-01,/tmp/opencode/bench02-build/markov-cero-solve,36284e66e5584958d7cb57eb0fe7e1d080534835c9c01d1adcb5d4aca3336bc1,data/netlib/degen2.mps,netlib,LP,train,2,warm,absent,1,60.0,,,,,,,,,,,,,,,,model_not_in_checkout
bench02-2026-10-01,2026-10-01,/tmp/opencode/bench02-build/markov-cero-solve,36284e66e5584958d7cb57eb0fe7e1d080534835c9c01d1adcb5d4aca3336bc1,data/netlib/degen3.mps,netlib,LP,train,2,warm,absent,1,60.0,,,,,,,,,,,,,,,,model_not_in_checkout
bench02-2026-10-01,2026-10-01,/tmp/opencode/bench02-build/markov-cero-solve,36284e66e5584958d7cb57eb0fe7e1d080534835c9c01d1adcb5d4aca3336bc1,data/netlib/dfl001.mps,netlib,LP,train,2,warm,absent,1,60.0,,,,,,,,,,,,,,,,model_not_in_checkout
bench02-2026-10-01,2026-10-01,/tmp/opencode/bench02-build/markov-cero-solve,36284e66e5584958d7cb57eb0fe7e1d080534835c9c01d1adcb5d4aca3336bc1,data/netlib/fffff800.mps,netlib,LP,train,2,warm,absent,1,60.0,,,,,,,,,,,,,,,,model_not_in_checkout
bench02-2026-10-01,2026-10-01,/tmp/opencode/bench02-build/markov-cero-solve,36284e66e5584958d7cb57eb0fe7e1d080534835c9c01d1adcb5d4aca3336bc1,data/netlib/finnis.mps,netlib,LP,train,2,warm,absent,1,60.0,,,,,,,,,,,,,,,,model_not_in_checkout
bench02-2026-10-01,2026-10-01,/tmp/opencode/bench02-build/markov-cero-solve,36284e66e5584958d7cb57eb0fe7e1d080534835c9c01d1adcb5d4aca3336bc1,data/netlib/fit1d.mps,netlib,LP,train,2,warm,absent,1,60.0,,,,,,,,,,,,,,,,model_not_in_checkout
bench02-2026-10-01,2026-10-01,/tmp/opencode/bench02-build/markov-cero-solve,36284e66e5584958d7cb57eb0fe7e1d080534835c9c01d1adcb5d4aca3336bc1,data/netlib/fit1p.mps,netlib,LP,train,2,warm,absent,1,60.0,,,,,,,,,,,,,,,,model_not_in_checkout
bench02-2026-10-01,2026-10-01,/tmp/opencode/bench02-build/markov-cero-solve,36284e66e5584958d7cb57eb0fe7e1d080534835c9c01d1adcb5d4aca3336bc1,data/netlib/fit2d.mps,netlib,LP,train,2,warm,absent,1,60.0,,,,,,,,,,,,,,,,model_not_in_checkout
bench02-2026-10-01,2026-10-01,/tmp/opencode/bench02-build/markov-cero-solve,36284e66e5584958d7cb57eb0fe7e1d080534835c9c01d1adcb5d4aca3336bc1,data/netlib/greenbea.mps,netlib,LP,train,2,warm,absent,1,60.0,,,,,,,,,,,,,,,,model_not_in_checkout
bench02-2026-10-01,2026-10-01,/tmp/opencode/bench02-build/markov-cero-solve,36284e66e5584958d7cb57eb0fe7e1d080534835c9c01d1adcb5d4aca3336bc1,data/netlib/grow15.mps,netlib,LP,train,2,warm,absent,1,60.0,,,,,,,,,,,,,,,,model_not_in_checkout
bench02-2026-10-01,2026-10-01,/tmp/opencode/bench02-build/markov-cero-solve,36284e66e5584958d7cb57eb0fe7e1d080534835c9c01d1adcb5d4aca3336bc1,data/netlib/grow22.mps,netlib,LP,train,2,warm,absent,1,60.0,,,,,,,,,,,,,,,,model_not_in_checkout
bench02-2026-10-01,2026-10-01,/tmp/opencode/bench02-build/markov-cero-solve,36284e66e5584958d7cb57eb0fe7e1d080534835c9c01d1adcb5d4aca3336bc1,data/netlib/grow7.mps,netlib,LP,train,2,warm,ok,1,60.0,4768.852,4766.45647,IterationLimit,false,unverified,0,,,0,10000,7800,,,not_checked,no primal vector in result,exit_code=6; stderr=markov-cero 0.5.2 IterationLimit [LP -> primal] NOT VERIFIED
bench02-2026-10-01,2026-10-01,/tmp/opencode/bench02-build/markov-cero-solve,36284e66e5584958d7cb57eb0fe7e1d080534835c9c01d1adcb5d4aca3336bc1,data/netlib/lotfi.mps,netlib,LP,train,2,warm,ok,1,60.0,116.346,113.617111,Optimal,true,optimality_witness_checked,-25.26470606188001,-25.26470606188001,0,1,1166,6036,,,pass,9.313226e-10,stderr=markov-cero 0.5.2 Optimal [LP -> primal] VERIFIED
bench02-2026-10-01,2026-10-01,/tmp/opencode/bench02-build/markov-cero-solve,36284e66e5584958d7cb57eb0fe7e1d080534835c9c01d1adcb5d4aca3336bc1,data/netlib/maros-r7.mps,netlib,LP,train,2,warm,absent,1,60.0,,,,,,,,,,,,,,,,model_not_in_checkout
bench02-2026-10-01,2026-10-01,/tmp/opencode/bench02-build/markov-cero-solve,36284e66e5584958d7cb57eb0fe7e1d080534835c9c01d1adcb5d4aca3336bc1,data/netlib/modszk1.mps,netlib,LP,train,2,warm,absent,1,60.0,,,,,,,,,,,,,,,,model_not_in_checkout
bench02-2026-10-01,2026-10-01,/tmp/opencode/bench02-build/markov-cero-solve,36284e66e5584958d7cb57eb0fe7e1d080534835c9c01d1adcb5d4aca3336bc1,data/netlib/nesm.mps,netlib,LP,train,2,warm,absent,1,60.0,,,,,,,,,,,,,,,,model_not_in_checkout
bench02-2026-10-01,2026-10-01,/tmp/opencode/bench02-build/markov-cero-solve,36284e66e5584958d7cb57eb0fe7e1d080534835c9c01d1adcb5d4aca3336bc1,data/netlib/perold.mps,netlib,LP,train,2,warm,absent,1,60.0,,,,,,,,,,,,,,,,model_not_in_checkout
bench02-2026-10-01,2026-10-01,/tmp/opencode/bench02-build/markov-cero-solve,36284e66e5584958d7cb57eb0fe7e1d080534835c9c01d1adcb5d4aca3336bc1,data/netlib/pilot.ja.mps,netlib,LP,train,2,warm,absent,1,60.0,,,,,,,,,,,,,,,,model_not_in_checkout
bench02-2026-10-01,2026-10-01,/tmp/opencode/bench02-build/markov-cero-solve,36284e66e5584958d7cb57eb0fe7e1d080534835c9c01d1adcb5d4aca3336bc1,data/netlib/pilot.mps,netlib,LP,train,2,warm,absent,1,60.0,,,,,,,,,,,,,,,,model_not_in_checkout
bench02-2026-10-01,2026-10-01,/tmp/opencode/bench02-build/markov-cero-solve,36284e66e5584958d7cb57eb0fe7e1d080534835c9c01d1adcb5d4aca3336bc1,data/netlib/pilot4.mps,netlib,LP,train,2,warm,absent,1,60.0,,,,,,,,,,,,,,,,model_not_in_checkout
bench02-2026-10-01,2026-10-01,/tmp/opencode/bench02-build/markov-cero-solve,36284e66e5584958d7cb57eb0fe7e1d080534835c9c01d1adcb5d4aca3336bc1,data/netlib/pilot87.mps,netlib,LP,train,2,warm,absent,1,60.0,,,,,,,,,,,,,,,,model_not_in_checkout
bench02-2026-10-01,2026-10-01,/tmp/opencode/bench02-build/markov-cero-solve,36284e66e5584958d7cb57eb0fe7e1d080534835c9c01d1adcb5d4aca3336bc1,data/netlib/pilotnov.mps,netlib,LP,train,2,warm,absent,1,60.0,,,,,,,,,,,,,,,,model_not_in_checkout
bench02-2026-10-01,2026-10-01,/tmp/opencode/bench02-build/markov-cero-solve,36284e66e5584958d7cb57eb0fe7e1d080534835c9c01d1adcb5d4aca3336bc1,data/netlib/qap12.mps,netlib,LP,train,2,warm,absent,1,60.0,,,,,,,,,,,,,,,,model_not_in_checkout
bench02-2026-10-01,2026-10-01,/tmp/opencode/bench02-build/markov-cero-solve,36284e66e5584958d7cb57eb0fe7e1d080534835c9c01d1adcb5d4aca3336bc1,data/netlib/qap15.mps,netlib,LP,train,2,warm,absent,1,60.0,,,,,,,,,,,,,,,,model_not_in_checkout
bench02-2026-10-01,2026-10-01,/tmp/opencode/bench02-build/markov-cero-solve,36284e66e5584958d7cb57eb0fe7e1d080534835c9c01d1adcb5d4aca3336bc1,data/netlib/qap8.mps,netlib,LP,train,2,warm,absent,1,60.0,,,,,,,,,,,,,,,,model_not_in_checkout
bench02-2026-10-01,2026-10-01,/tmp/opencode/bench02-build/markov-cero-solve,36284e66e5584958d7cb57eb0fe7e1d080534835c9c01d1adcb5d4aca3336bc1,data/netlib/recipe.mps,netlib,LP,train,2,warm,ok,1,60.0,14.922,12.579705,Optimal,true,optimality_witness_checked,-266.616,-266.616,0,1,211,5468,-266.616,0.0,pass,0.000000e+00,stderr=markov-cero 0.5.2 Optimal [LP -> primal] VERIFIED
bench02-2026-10-01,2026-10-01,/tmp/opencode/bench02-build/markov-cero-solve,36284e66e5584958d7cb57eb0fe7e1d080534835c9c01d1adcb5d4aca3336bc1,data/netlib/sc105.mps,netlib,LP,train,2,warm,ok,1,60.0,27.973,25.855621,Optimal,true,optimality_witness_checked,-52.20206121170726,-52.20206121170726,0,1,256,5468,-52.202061211707,2.6290081223123707e-13,pass,5.684342e-14,stderr=markov-cero 0.5.2 Optimal [LP -> primal] VERIFIED
bench02-2026-10-01,2026-10-01,/tmp/opencode/bench02-build/markov-cero-solve,36284e66e5584958d7cb57eb0fe7e1d080534835c9c01d1adcb5d4aca3336bc1,data/netlib/sc205.mps,netlib,LP,train,2,warm,ok,1,60.0,1549.91,1545.863227,Optimal,true,optimality_witness_checked,-52.20206121170727,-52.20206121170727,0,1,4417,6100,-52.202061211707,2.7000623958883807e-13,pass,1.136868e-13,stderr=markov-cero 0.5.2 Optimal [LP -> primal] VERIFIED
bench02-2026-10-01,2026-10-01,/tmp/opencode/bench02-build/markov-cero-solve,36284e66e5584958d7cb57eb0fe7e1d080534835c9c01d1adcb5d4aca3336bc1,data/netlib/sc50b.mps,netlib,LP,train,2,warm,ok,1,60.0,5.453,2.231999,Optimal,true,optimality_witness_checked,-70.00000000000001,-70.00000000000001,0,1,48,5552,-70.0,1.4210854715202004e-14,pass,5.684342e-14,stderr=markov-cero 0.5.2 Optimal [LP -> primal] VERIFIED
bench02-2026-10-01,2026-10-01,/tmp/opencode/bench02-build/markov-cero-solve,36284e66e5584958d7cb57eb0fe7e1d080534835c9c01d1adcb5d4aca3336bc1,data/netlib/scagr7.mps,netlib,LP,train,2,warm,ok,1,60.0,31.71,29.35493,Optimal,true,optimality_witness_checked,-2331389.8243309837,-2331389.8243309837,0,1,411,5348,-2331389.82433098,3.725290298461914e-09,pass,2.728484e-12,stderr=markov-cero 0.5.2 Optimal [LP -> primal] VERIFIED
bench02-2026-10-01,2026-10-01,/tmp/opencode/bench02-build/markov-cero-solve,36284e66e5584958d7cb57eb0fe7e1d080534835c9c01d1adcb5d4aca3336bc1,data/netlib/scfxm1.mps,netlib,LP,train,2,warm,ok,1,60.0,810.153,807.264502,Optimal,true,optimality_witness_checked,18416.75902834893,18416.75902834893,0,1,127,8704,,,pass,1.091394e-11,stderr=markov-cero 0.5.2 Optimal [LP -> primal] VERIFIED
bench02-2026-10-01,2026-10-01,/tmp/opencode/bench02-build/markov-cero-solve,36284e66e5584958d7cb57eb0fe7e1d080534835c9c01d1adcb5d4aca3336bc1,data/netlib/scfxm2.mps,netlib,LP,train,2,warm,absent,1,60.0,,,,,,,,,,,,,,,,model_not_in_checkout
bench02-2026-10-01,2026-10-01,/tmp/opencode/bench02-build/markov-cero-solve,36284e66e5584958d7cb57eb0fe7e1d080534835c9c01d1adcb5d4aca3336bc1,data/netlib/scfxm3.mps,netlib,LP,train,2,warm,absent,1,60.0,,,,,,,,,,,,,,,,model_not_in_checkout
bench02-2026-10-01,2026-10-01,/tmp/opencode/bench02-build/markov-cero-solve,36284e66e5584958d7cb57eb0fe7e1d080534835c9c01d1adcb5d4aca3336bc1,data/netlib/scorpion.mps,netlib,LP,train,2,warm,ok,1,60.0,198.753,195.551225,Optimal,true,optimality_witness_checked,1878.1248227381068,1878.1248227381068,0,1,487,6456,1878.1248227381,6.821210263296962e-12,pass,9.992007e-16,stderr=markov-cero 0.5.2 Optimal [LP -> primal] VERIFIED
bench02-2026-10-01,2026-10-01,/tmp/opencode/bench02-build/markov-cero-solve,36284e66e5584958d7cb57eb0fe7e1d080534835c9c01d1adcb5d4aca3336bc1,data/netlib/scrs8.mps,netlib,LP,train,2,warm,absent,1,60.0,,,,,,,,,,,,,,,,model_not_in_checkout
bench02-2026-10-01,2026-10-01,/tmp/opencode/bench02-build/markov-cero-solve,36284e66e5584958d7cb57eb0fe7e1d080534835c9c01d1adcb5d4aca3336bc1,data/netlib/scsd6.mps,netlib,LP,train,2,warm,ok,1,60.0,165.584,161.955153,NumericalFailure,false,unverified,50.50013320878034,,,0,0,8256,,,pass,1.186821e-10,exit_code=7; stderr=markov-cero 0.5.2 NumericalFailure [LP -> primal] NOT VERIFIED numerical_diagnostic: primal_residual=1.18682064176312e-10 dual_residual=0 complementarity_gap=0.00014605328332558884 condition_estimate=
bench02-2026-10-01,2026-10-01,/tmp/opencode/bench02-build/markov-cero-solve,36284e66e5584958d7cb57eb0fe7e1d080534835c9c01d1adcb5d4aca3336bc1,data/netlib/scsd8.mps,netlib,LP,train,2,warm,absent,1,60.0,,,,,,,,,,,,,,,,model_not_in_checkout
bench02-2026-10-01,2026-10-01,/tmp/opencode/bench02-build/markov-cero-solve,36284e66e5584958d7cb57eb0fe7e1d080534835c9c01d1adcb5d4aca3336bc1,data/netlib/sctap3.mps,netlib,LP,train,2,warm,absent,1,60.0,,,,,,,,,,,,,,,,model_not_in_checkout
bench02-2026-10-01,2026-10-01,/tmp/opencode/bench02-build/markov-cero-solve,36284e66e5584958d7cb57eb0fe7e1d080534835c9c01d1adcb5d4aca3336bc1,data/netlib/seba.mps,netlib,LP,train,2,warm,absent,1,60.0,,,,,,,,,,,,,,,,model_not_in_checkout
bench02-2026-10-01,2026-10-01,/tmp/opencode/bench02-build/markov-cero-solve,36284e66e5584958d7cb57eb0fe7e1d080534835c9c01d1adcb5d4aca3336bc1,data/netlib/ship04l.mps,netlib,LP,train,2,warm,absent,1,60.0,,,,,,,,,,,,,,,,model_not_in_checkout
bench02-2026-10-01,2026-10-01,/tmp/opencode/bench02-build/markov-cero-solve,36284e66e5584958d7cb57eb0fe7e1d080534835c9c01d1adcb5d4aca3336bc1,data/netlib/ship08l.mps,netlib,LP,train,2,warm,absent,1,60.0,,,,,,,,,,,,,,,,model_not_in_checkout
bench02-2026-10-01,2026-10-01,/tmp/opencode/bench02-build/markov-cero-solve,36284e66e5584958d7cb57eb0fe7e1d080534835c9c01d1adcb5d4aca3336bc1,data/netlib/ship08s.mps,netlib,LP,train,2,warm,absent,1,60.0,,,,,,,,,,,,,,,,model_not_in_checkout
bench02-2026-10-01,2026-10-01,/tmp/opencode/bench02-build/markov-cero-solve,36284e66e5584958d7cb57eb0fe7e1d080534835c9c01d1adcb5d4aca3336bc1,data/netlib/ship12l.mps,netlib,LP,train,2,warm,absent,1,60.0,,,,,,,,,,,,,,,,model_not_in_checkout
bench02-2026-10-01,2026-10-01,/tmp/opencode/bench02-build/markov-cero-solve,36284e66e5584958d7cb57eb0fe7e1d080534835c9c01d1adcb5d4aca3336bc1,data/netlib/sierra.mps,netlib,LP,train,2,warm,absent,1,60.0,,,,,,,,,,,,,,,,model_not_in_checkout
bench02-2026-10-01,2026-10-01,/tmp/opencode/bench02-build/markov-cero-solve,36284e66e5584958d7cb57eb0fe7e1d080534835c9c01d1adcb5d4aca3336bc1,data/netlib/standgub.mps,netlib,LP,train,2,warm,absent,1,60.0,,,,,,,,,,,,,,,,model_not_in_checkout
bench02-2026-10-01,2026-10-01,/tmp/opencode/bench02-build/markov-cero-solve,36284e66e5584958d7cb57eb0fe7e1d080534835c9c01d1adcb5d4aca3336bc1,data/netlib/standmps.mps,netlib,LP,train,2,warm,absent,1,60.0,,,,,,,,,,,,,,,,model_not_in_checkout
bench02-2026-10-01,2026-10-01,/tmp/opencode/bench02-build/markov-cero-solve,36284e66e5584958d7cb57eb0fe7e1d080534835c9c01d1adcb5d4aca3336bc1,data/netlib/wood1p.mps,netlib,LP,train,2,warm,absent,1,60.0,,,,,,,,,,,,,,,,model_not_in_checkout
bench02-2026-10-01,2026-10-01,/tmp/opencode/bench02-build/markov-cero-solve,36284e66e5584958d7cb57eb0fe7e1d080534835c9c01d1adcb5d4aca3336bc1,data/netlib/woodw.mps,netlib,LP,train,2,warm,absent,1,60.0,,,,,,,,,,,,,,,,model_not_in_checkout
bench02-2026-10-01,2026-10-01,/tmp/opencode/bench02-build/markov-cero-solve,36284e66e5584958d7cb57eb0fe7e1d080534835c9c01d1adcb5d4aca3336bc1,data/qp/QPLIB_0001.mps,qplib,QP,train,2,warm,ok,1,60.0,3.156,0.22095,Optimal,true,optimality_witness_checked,-3.499999999991098,,,1,17,4264,,,pass,0.000000e+00,stderr=markov-cero 0.5.2 Optimal [QP -> qp] VERIFIED
bench02-2026-10-01,2026-10-01,/tmp/opencode/bench02-build/markov-cero-solve,36284e66e5584958d7cb57eb0fe7e1d080534835c9c01d1adcb5d4aca3336bc1,data/qp/QPLIB_0002.mps,qplib,QP,train,2,warm,ok,1,60.0,1.763,0.168128,Optimal,true,optimality_witness_checked,-2.10714709820743,,,1,23,400,,,pass,0.000000e+00,stderr=markov-cero 0.5.2 Optimal [QP -> qp] VERIFIED
bench02-2026-10-01,2026-10-01,/tmp/opencode/bench02-build/markov-cero-solve,36284e66e5584958d7cb57eb0fe7e1d080534835c9c01d1adcb5d4aca3336bc1,data/qp/QPLIB_0010.mps,qplib,QP,train,2,warm,ok,1,60.0,2.531,0.313223,Optimal,true,optimality_witness_checked,-0.10334179412050311,,,1,27,480,,,fail,1.280096e-06,stderr=markov-cero 0.5.2 Optimal [QP -> qp] VERIFIED; harness_feasibility_failure_solver_reported_verified
bench02-2026-10-01,2026-10-01,/tmp/opencode/bench02-build/markov-cero-solve,36284e66e5584958d7cb57eb0fe7e1d080534835c9c01d1adcb5d4aca3336bc1,data/qp/QPLIB_0025.mps,qplib,QP,train,2,warm,ok,1,60.0,3.139,0.37234,Optimal,true,optimality_witness_checked,2681.000000219597,,,1,49,5288,,,pass,3.124709e-07,stderr=markov-cero 0.5.2 Optimal [QP -> qp] VERIFIED
bench02-2026-10-01,2026-10-01,/tmp/opencode/bench02-build/markov-cero-solve,36284e66e5584958d7cb57eb0fe7e1d080534835c9c01d1adcb5d4aca3336bc1,data/qp/QPLIB_8515.mps,qplib,QP,train,2,warm,absent,1,60.0,,,,,,,,,,,,,,,,model_not_in_checkout
bench02-2026-10-01,2026-10-01,/tmp/opencode/bench02-build/markov-cero-solve,36284e66e5584958d7cb57eb0fe7e1d080534835c9c01d1adcb5d4aca3336bc1,data/qp/QPLIB_8559.mps,qplib,QP,train,2,warm,absent,1,60.0,,,,,,,,,,,,,,,,model_not_in_checkout
bench02-2026-10-01,2026-10-01,/tmp/opencode/bench02-build/markov-cero-solve,36284e66e5584958d7cb57eb0fe7e1d080534835c9c01d1adcb5d4aca3336bc1,data/qp/QPLIB_8567.mps,qplib,QP,train,2,warm,absent,1,60.0,,,,,,,,,,,,,,,,model_not_in_checkout
bench02-2026-10-01,2026-10-01,/tmp/opencode/bench02-build/markov-cero-solve,36284e66e5584958d7cb57eb0fe7e1d080534835c9c01d1adcb5d4aca3336bc1,data/qp/QPLIB_8602.mps,qplib,QP,train,2,warm,absent,1,60.0,,,,,,,,,,,,,,,,model_not_in_checkout
bench02-2026-10-01,2026-10-01,/tmp/opencode/bench02-build/markov-cero-solve,36284e66e5584958d7cb57eb0fe7e1d080534835c9c01d1adcb5d4aca3336bc1,data/qp/QPLIB_8616.mps,qplib,QP,train,2,warm,absent,1,60.0,,,,,,,,,,,,,,,,model_not_in_checkout
bench02-2026-10-01,2026-10-01,/tmp/opencode/bench02-build/markov-cero-solve,36284e66e5584958d7cb57eb0fe7e1d080534835c9c01d1adcb5d4aca3336bc1,data/qp/QPLIB_8785.mps,qplib,QP,train,2,warm,absent,1,60.0,,,,,,,,,,,,,,,,model_not_in_checkout
bench02-2026-10-01,2026-10-01,/tmp/opencode/bench02-build/markov-cero-solve,36284e66e5584958d7cb57eb0fe7e1d080534835c9c01d1adcb5d4aca3336bc1,data/qp/QPLIB_8790.mps,qplib,QP,train,2,warm,absent,1,60.0,,,,,,,,,,,,,,,,model_not_in_checkout
bench02-2026-10-01,2026-10-01,/tmp/opencode/bench02-build/markov-cero-solve,36284e66e5584958d7cb57eb0fe7e1d080534835c9c01d1adcb5d4aca3336bc1,data/qp/QPLIB_8792.mps,qplib,QP,train,2,warm,absent,1,60.0,,,,,,,,,,,,,,,,model_not_in_checkout
bench02-2026-10-01,2026-10-01,/tmp/opencode/bench02-build/markov-cero-solve,36284e66e5584958d7cb57eb0fe7e1d080534835c9c01d1adcb5d4aca3336bc1,data/qp/QPLIB_8845.mps,qplib,QP,train,2,warm,absent,1,60.0,,,,,,,,,,,,,,,,model_not_in_checkout
bench02-2026-10-01,2026-10-01,/tmp/opencode/bench02-build/markov-cero-solve,36284e66e5584958d7cb57eb0fe7e1d080534835c9c01d1adcb5d4aca3336bc1,data/qp/QPLIB_8938.mps,qplib,QP,train,2,warm,absent,1,60.0,,,,,,,,,,,,,,,,model_not_in_checkout
bench02-2026-10-01,2026-10-01,/tmp/opencode/bench02-build/markov-cero-solve,36284e66e5584958d7cb57eb0fe7e1d080534835c9c01d1adcb5d4aca3336bc1,data/qp/QPLIB_8991.mps,qplib,QP,train,2,warm,absent,1,60.0,,,,,,,,,,,,,,,,model_not_in_checkout
bench02-2026-10-01,2026-10-01,/tmp/opencode/bench02-build/markov-cero-solve,36284e66e5584958d7cb57eb0fe7e1d080534835c9c01d1adcb5d4aca3336bc1,data/miplib/timtab1.mps,miplib,MILP,train,2,warm,ok,1,300.0,300004.142,300001.752569,ResourceLimit,false,unverified,0,141945.33333333,,1281,1022424,10676,764771.99999978,764771.99999978,not_checked,no primal vector in result,exit_code=5; stderr=markov-cero 0.5.2 ResourceLimit [MILP -> milp] NOT VERIFIED proof: tier=unverified status=not_requested budget_exhausted=false nodes=0 witness_values=0 build_ms=0 replay_ms=0
bench02-2026-10-01,2026-10-01,/tmp/opencode/bench02-build/markov-cero-solve,36284e66e5584958d7cb57eb0fe7e1d080534835c9c01d1adcb5d4aca3336bc1,data/mittelmann/markshare_5_0.mps,mittelmann,MILP,train,2,warm,ok,1,300.0,300066.336,300054.736541,ResourceLimit,false,unverified,0,0,1,16505,3320521,210224,,,not_checked,no primal vector in result,exit_code=5; stderr=markov-cero 0.5.2 ResourceLimit [MILP -> milp] NOT VERIFIED proof: tier=unverified status=not_requested budget_exhausted=false nodes=0 witness_values=0 build_ms=0 replay_ms=0
bench02-2026-10-01,2026-10-01,/tmp/opencode/bench02-build/markov-cero-solve,36284e66e5584958d7cb57eb0fe7e1d080534835c9c01d1adcb5d4aca3336bc1,data/mittelmann/ran14x18_1.mps,mittelmann,MILP,train,2,warm,ok,1,300.0,300003.178,300000.855926,ResourceLimit,false,unverified,0,3146.8969730269732,0.23674582269537395,1264,1270421,11508,,,not_checked,no primal vector in result,exit_code=5; stderr=markov-cero 0.5.2 ResourceLimit [MILP -> milp] NOT VERIFIED proof: tier=unverified status=not_requested budget_exhausted=false nodes=0 witness_values=0 build_ms=0 replay_ms=0
bench02-2026-10-01,2026-10-01,/tmp/opencode/bench02-build/markov-cero-solve,36284e66e5584958d7cb57eb0fe7e1d080534835c9c01d1adcb5d4aca3336bc1,data/miplib/b1c1s1.mps,miplib,MILP,holdout,3,warm,absent,1,300.0,,,,,,,,,,,,,,,,model_not_in_checkout
bench02-2026-10-01,2026-10-01,/tmp/opencode/bench02-build/markov-cero-solve,36284e66e5584958d7cb57eb0fe7e1d080534835c9c01d1adcb5d4aca3336bc1,data/miplib/fastxgemm-n2r6s0t2.mps,miplib,MILP,holdout,3,warm,absent,1,300.0,,,,,,,,,,,,,,,,model_not_in_checkout
bench02-2026-10-01,2026-10-01,/tmp/opencode/bench02-build/markov-cero-solve,36284e66e5584958d7cb57eb0fe7e1d080534835c9c01d1adcb5d4aca3336bc1,data/miplib/gmu-35-50.mps,miplib,MILP,holdout,3,warm,absent,1,300.0,,,,,,,,,,,,,,,,model_not_in_checkout
bench02-2026-10-01,2026-10-01,/tmp/opencode/bench02-build/markov-cero-solve,36284e66e5584958d7cb57eb0fe7e1d080534835c9c01d1adcb5d4aca3336bc1,data/miplib/graphdraw-domain.mps,miplib,MILP,holdout,3,warm,absent,1,300.0,,,,,,,,,,,,,,,,model_not_in_checkout
bench02-2026-10-01,2026-10-01,/tmp/opencode/bench02-build/markov-cero-solve,36284e66e5584958d7cb57eb0fe7e1d080534835c9c01d1adcb5d4aca3336bc1,data/miplib/lotsize.mps,miplib,MILP,holdout,3,warm,absent,1,300.0,,,,,,,,,,,,,,,,model_not_in_checkout
bench02-2026-10-01,2026-10-01,/tmp/opencode/bench02-build/markov-cero-solve,36284e66e5584958d7cb57eb0fe7e1d080534835c9c01d1adcb5d4aca3336bc1,data/miplib/neos-1171448.mps,miplib,MILP,holdout,3,warm,absent,1,300.0,,,,,,,,,,,,,,,,model_not_in_checkout
bench02-2026-10-01,2026-10-01,/tmp/opencode/bench02-build/markov-cero-solve,36284e66e5584958d7cb57eb0fe7e1d080534835c9c01d1adcb5d4aca3336bc1,data/cases/capitanescu_dc_opf.mps,cases,MILP,holdout,3,warm,ok,1,300.0,2.206,0.340167,Optimal,true,optimality_witness_checked,-1.5594466918172984e-06,,,1,177,1508,,,fail,7.503556e-06,stderr=markov-cero 0.5.2 Optimal [QP -> qp] VERIFIED; harness_feasibility_failure_solver_reported_verified
bench02-2026-10-01,2026-10-01,/tmp/opencode/bench02-build/markov-cero-solve,36284e66e5584958d7cb57eb0fe7e1d080534835c9c01d1adcb5d4aca3336bc1,data/miplib/neos-4954672-berkel.mps,miplib,MILP,holdout,3,warm,absent,1,300.0,,,,,,,,,,,,,,,,model_not_in_checkout
bench02-2026-10-01,2026-10-01,/tmp/opencode/bench02-build/markov-cero-solve,36284e66e5584958d7cb57eb0fe7e1d080534835c9c01d1adcb5d4aca3336bc1,data/miplib/neos-5107597-kakapo.mps,miplib,MILP,holdout,3,warm,absent,1,300.0,,,,,,,,,,,,,,,,model_not_in_checkout
bench02-2026-10-01,2026-10-01,/tmp/opencode/bench02-build/markov-cero-solve,36284e66e5584958d7cb57eb0fe7e1d080534835c9c01d1adcb5d4aca3336bc1,data/miplib/rococoC10-001000.mps,miplib,MILP,holdout,3,warm,absent,1,300.0,,,,,,,,,,,,,,,,model_not_in_checkout
bench02-2026-10-01,2026-10-01,/tmp/opencode/bench02-build/markov-cero-solve,36284e66e5584958d7cb57eb0fe7e1d080534835c9c01d1adcb5d4aca3336bc1,data/miplib/supportcase18.mps,miplib,MILP,holdout,3,warm,absent,1,300.0,,,,,,,,,,,,,,,,model_not_in_checkout
bench02-2026-10-01,2026-10-01,/tmp/opencode/bench02-build/markov-cero-solve,36284e66e5584958d7cb57eb0fe7e1d080534835c9c01d1adcb5d4aca3336bc1,data/miplib/swath1.mps,miplib,MILP,holdout,3,warm,absent,1,300.0,,,,,,,,,,,,,,,,model_not_in_checkout
bench02-2026-10-01,2026-10-01,/tmp/opencode/bench02-build/markov-cero-solve,36284e66e5584958d7cb57eb0fe7e1d080534835c9c01d1adcb5d4aca3336bc1,data/miplib/traininstance2.mps,miplib,MILP,holdout,3,warm,absent,1,300.0,,,,,,,,,,,,,,,,model_not_in_checkout
bench02-2026-10-01,2026-10-01,/tmp/opencode/bench02-build/markov-cero-solve,36284e66e5584958d7cb57eb0fe7e1d080534835c9c01d1adcb5d4aca3336bc1,data/mittelmann/air05.mps,mittelmann,MILP,holdout,3,warm,absent,1,300.0,,,,,,,,,,,,,,,,model_not_in_checkout
bench02-2026-10-01,2026-10-01,/tmp/opencode/bench02-build/markov-cero-solve,36284e66e5584958d7cb57eb0fe7e1d080534835c9c01d1adcb5d4aca3336bc1,data/mittelmann/bienst1.mps,mittelmann,MILP,holdout,3,warm,absent,1,300.0,,,,,,,,,,,,,,,,model_not_in_checkout
bench02-2026-10-01,2026-10-01,/tmp/opencode/bench02-build/markov-cero-solve,36284e66e5584958d7cb57eb0fe7e1d080534835c9c01d1adcb5d4aca3336bc1,data/mittelmann/rail516.mps,mittelmann,MILP,holdout,3,warm,absent,1,300.0,,,,,,,,,,,,,,,,model_not_in_checkout
bench02-2026-10-01,2026-10-01,/tmp/opencode/bench02-build/markov-cero-solve,36284e66e5584958d7cb57eb0fe7e1d080534835c9c01d1adcb5d4aca3336bc1,data/mittelmann/rail582.mps,mittelmann,MILP,holdout,3,warm,absent,1,300.0,,,,,,,,,,,,,,,,model_not_in_checkout
bench02-2026-10-01,2026-10-01,/tmp/opencode/bench02-build/markov-cero-solve,36284e66e5584958d7cb57eb0fe7e1d080534835c9c01d1adcb5d4aca3336bc1,data/cases/pochet_lot_sizing.mps,cases,MILP,holdout,3,warm,ok,1,300.0,6.538,4.516655,Optimal,true,tree_replayed,1050,1050,0,1,118,5684,,,pass,0.000000e+00,stderr=markov-cero 0.5.2 Optimal [MILP -> milp] VERIFIED proof: tier=independent_tree status=accepted budget_exhausted=false nodes=1 witness_values=240 build_ms=1.8127819999999999 replay_ms=0.080882999999999
bench02-2026-10-01,2026-10-01,/tmp/opencode/bench02-build/markov-cero-solve,36284e66e5584958d7cb57eb0fe7e1d080534835c9c01d1adcb5d4aca3336bc1,data/netlib/bore3d.mps,netlib,LP,holdout,3,warm,ok,1,60.0,199.661,197.539447,NumericalFailure,false,unverified,1373.0804138468477,,,0,319,7480,,,not_checked,primal and variable_names differ in length,exit_code=7; stderr=markov-cero 0.5.2 NumericalFailure [LP -> primal] NOT VERIFIED numerical_diagnostic: primal_residual=4.3338091466345384e-09 dual_residual=4.8783501746014274e-11 complementarity_gap=0.00185362991938647
bench02-2026-10-01,2026-10-01,/tmp/opencode/bench02-build/markov-cero-solve,36284e66e5584958d7cb57eb0fe7e1d080534835c9c01d1adcb5d4aca3336bc1,data/netlib/brandy.mps,netlib,LP,holdout,3,warm,ok,1,60.0,649.452,647.135995,Optimal,true,optimality_witness_checked,1518.509896488128,1518.509896488128,0,1,612,7672,,,pass,6.821210e-13,stderr=markov-cero 0.5.2 Optimal [LP -> primal] VERIFIED
bench02-2026-10-01,2026-10-01,/tmp/opencode/bench02-build/markov-cero-solve,36284e66e5584958d7cb57eb0fe7e1d080534835c9c01d1adcb5d4aca3336bc1,data/netlib/e226.mps,netlib,LP,holdout,3,warm,ok,1,60.0,678.277,676.335566,NumericalFailure,false,unverified,0,,,0,738,8036,,,not_checked,no primal vector in result,exit_code=7; stderr=markov-cero 0.5.2 NumericalFailure [LP -> primal] NOT VERIFIED numerical_diagnostic: primal_residual=0 dual_residual=0 complementarity_gap=0 condition_estimate=15670.592325447486 failure_site=primal_s
bench02-2026-10-01,2026-10-01,/tmp/opencode/bench02-build/markov-cero-solve,36284e66e5584958d7cb57eb0fe7e1d080534835c9c01d1adcb5d4aca3336bc1,data/netlib/greenbeb.mps,netlib,LP,holdout,3,warm,absent,1,60.0,,,,,,,,,,,,,,,,model_not_in_checkout
bench02-2026-10-01,2026-10-01,/tmp/opencode/bench02-build/markov-cero-solve,36284e66e5584958d7cb57eb0fe7e1d080534835c9c01d1adcb5d4aca3336bc1,data/netlib/pilot.we.mps,netlib,LP,holdout,3,warm,absent,1,60.0,,,,,,,,,,,,,,,,model_not_in_checkout
bench02-2026-10-01,2026-10-01,/tmp/opencode/bench02-build/markov-cero-solve,36284e66e5584958d7cb57eb0fe7e1d080534835c9c01d1adcb5d4aca3336bc1,data/netlib/sc50a.mps,netlib,LP,holdout,3,warm,ok,1,60.0,4.585,2.500658,Optimal,true,optimality_witness_checked,-64.57507705856453,-64.57507705856453,0,1,54,5692,-64.575077058564,5.258016244624741e-13,pass,2.842171e-14,stderr=markov-cero 0.5.2 Optimal [LP -> primal] VERIFIED
bench02-2026-10-01,2026-10-01,/tmp/opencode/bench02-build/markov-cero-solve,36284e66e5584958d7cb57eb0fe7e1d080534835c9c01d1adcb5d4aca3336bc1,data/netlib/scagr25.mps,netlib,LP,holdout,3,warm,ok,1,60.0,957.687,953.916189,Optimal,true,optimality_witness_checked,-14753433.06076852,-14753433.06076852,0,1,3204,6764,,,pass,1.818989e-12,stderr=markov-cero 0.5.2 Optimal [LP -> primal] VERIFIED
bench02-2026-10-01,2026-10-01,/tmp/opencode/bench02-build/markov-cero-solve,36284e66e5584958d7cb57eb0fe7e1d080534835c9c01d1adcb5d4aca3336bc1,data/netlib/sctap2.mps,netlib,LP,holdout,3,warm,absent,1,60.0,,,,,,,,,,,,,,,,model_not_in_checkout
bench02-2026-10-01,2026-10-01,/tmp/opencode/bench02-build/markov-cero-solve,36284e66e5584958d7cb57eb0fe7e1d080534835c9c01d1adcb5d4aca3336bc1,data/netlib/share1b.mps,netlib,LP,holdout,3,warm,ok,1,60.0,100.485,97.46418,Optimal,true,optimality_witness_checked,-76589.31857918539,-76589.31857918539,0,1,1266,5852,-76589.3185791855,1.1641532182693481e-10,pass,5.067908e-10,stderr=markov-cero 0.5.2 Optimal [LP -> primal] VERIFIED
bench02-2026-10-01,2026-10-01,/tmp/opencode/bench02-build/markov-cero-solve,36284e66e5584958d7cb57eb0fe7e1d080534835c9c01d1adcb5d4aca3336bc1,data/netlib/share2b.mps,netlib,LP,holdout,3,warm,ok,1,60.0,30.949,28.993638,Optimal,true,optimality_witness_checked,-415.7322407414181,-415.7322407414181,0,1,473,5824,-415.732240741418,5.684341886080802e-14,pass,9.094947e-13,stderr=markov-cero 0.5.2 Optimal [LP -> primal] VERIFIED
bench02-2026-10-01,2026-10-01,/tmp/opencode/bench02-build/markov-cero-solve,36284e66e5584958d7cb57eb0fe7e1d080534835c9c01d1adcb5d4aca3336bc1,data/netlib/shell.mps,netlib,LP,holdout,3,warm,absent,1,60.0,,,,,,,,,,,,,,,,model_not_in_checkout
bench02-2026-10-01,2026-10-01,/tmp/opencode/bench02-build/markov-cero-solve,36284e66e5584958d7cb57eb0fe7e1d080534835c9c01d1adcb5d4aca3336bc1,data/netlib/stair.mps,netlib,LP,holdout,3,warm,absent,1,60.0,,,,,,,,,,,,,,,,model_not_in_checkout
bench02-2026-10-01,2026-10-01,/tmp/opencode/bench02-build/markov-cero-solve,36284e66e5584958d7cb57eb0fe7e1d080534835c9c01d1adcb5d4aca3336bc1,data/netlib/stocfor1.mps,netlib,LP,holdout,3,warm,ok,1,60.0,25.735,23.735664,Optimal,true,optimality_witness_checked,-41131.97621943642,-41131.97621943642,0,1,432,5412,,,pass,2.728484e-12,stderr=markov-cero 0.5.2 Optimal [LP -> primal] VERIFIED
bench02-2026-10-01,2026-10-01,/tmp/opencode/bench02-build/markov-cero-solve,36284e66e5584958d7cb57eb0fe7e1d080534835c9c01d1adcb5d4aca3336bc1,data/netlib/stocfor3.mps,netlib,LP,holdout,3,warm,absent,1,60.0,,,,,,,,,,,,,,,,model_not_in_checkout
bench02-2026-10-01,2026-10-01,/tmp/opencode/bench02-build/markov-cero-solve,36284e66e5584958d7cb57eb0fe7e1d080534835c9c01d1adcb5d4aca3336bc1,data/netlib/tuff.mps,netlib,LP,holdout,3,warm,absent,1,60.0,,,,,,,,,,,,,,,,model_not_in_checkout
bench02-2026-10-01,2026-10-01,/tmp/opencode/bench02-build/markov-cero-solve,36284e66e5584958d7cb57eb0fe7e1d080534835c9c01d1adcb5d4aca3336bc1,data/qp/QPLIB_8495.mps,qplib,QP,holdout,3,warm,absent,1,60.0,,,,,,,,,,,,,,,,model_not_in_checkout
bench02-2026-10-01,2026-10-01,/tmp/opencode/bench02-build/markov-cero-solve,36284e66e5584958d7cb57eb0fe7e1d080534835c9c01d1adcb5d4aca3336bc1,data/qp/QPLIB_8906.mps,qplib,QP,holdout,3,warm,absent,1,60.0,,,,,,,,,,,,,,,,model_not_in_checkout
bench02-2026-10-01,2026-10-01,/tmp/opencode/bench02-build/markov-cero-solve,36284e66e5584958d7cb57eb0fe7e1d080534835c9c01d1adcb5d4aca3336bc1,data/miplib/neos-3754480-nidda.mps,miplib,MILP,holdout,3,warm,ok,1,300.0,2151.134,2148.904904,NumericalFailure,false,unverified,0,,,1,794,7888,12939.7540104743,12939.7540104743,not_checked,no primal vector in result,exit_code=7; stderr=markov-cero 0.5.2 NumericalFailure [MILP -> milp] NOT VERIFIED proof: tier=unverified status=not_requested budget_exhausted=false nodes=0 witness_values=0 build_ms=0 replay_ms=0 numerical_diagnostic: 
bench02-2026-10-01,2026-10-01,/tmp/opencode/bench02-build/markov-cero-solve,36284e66e5584958d7cb57eb0fe7e1d080534835c9c01d1adcb5d4aca3336bc1,data/miplib/CMS750_4.mps,miplib,MILP,tune,3,warm,absent,1,300.0,,,,,,,,,,,,,,,,model_not_in_checkout
bench02-2026-10-01,2026-10-01,/tmp/opencode/bench02-build/markov-cero-solve,36284e66e5584958d7cb57eb0fe7e1d080534835c9c01d1adcb5d4aca3336bc1,data/miplib/beasleyC3.mps,miplib,MILP,tune,3,warm,absent,1,300.0,,,,,,,,,,,,,,,,model_not_in_checkout
bench02-2026-10-01,2026-10-01,/tmp/opencode/bench02-build/markov-cero-solve,36284e66e5584958d7cb57eb0fe7e1d080534835c9c01d1adcb5d4aca3336bc1,data/miplib/bnatt400.mps,miplib,MILP,tune,3,warm,absent,1,300.0,,,,,,,,,,,,,,,,model_not_in_checkout
bench02-2026-10-01,2026-10-01,/tmp/opencode/bench02-build/markov-cero-solve,36284e66e5584958d7cb57eb0fe7e1d080534835c9c01d1adcb5d4aca3336bc1,data/miplib/bppc4-08.mps,miplib,MILP,tune,3,warm,absent,1,300.0,,,,,,,,,,,,,,,,model_not_in_checkout
bench02-2026-10-01,2026-10-01,/tmp/opencode/bench02-build/markov-cero-solve,36284e66e5584958d7cb57eb0fe7e1d080534835c9c01d1adcb5d4aca3336bc1,data/miplib/cvs16r128-89.mps,miplib,MILP,tune,3,warm,absent,1,300.0,,,,,,,,,,,,,,,,model_not_in_checkout
bench02-2026-10-01,2026-10-01,/tmp/opencode/bench02-build/markov-cero-solve,36284e66e5584958d7cb57eb0fe7e1d080534835c9c01d1adcb5d4aca3336bc1,data/miplib/dano3_5.mps,miplib,MILP,tune,3,warm,absent,1,300.0,,,,,,,,,,,,,,,,model_not_in_checkout
bench02-2026-10-01,2026-10-01,/tmp/opencode/bench02-build/markov-cero-solve,36284e66e5584958d7cb57eb0fe7e1d080534835c9c01d1adcb5d4aca3336bc1,data/miplib/graph20-20-1rand.mps,miplib,MILP,tune,3,warm,absent,1,300.0,,,,,,,,,,,,,,,,model_not_in_checkout
bench02-2026-10-01,2026-10-01,/tmp/opencode/bench02-build/markov-cero-solve,36284e66e5584958d7cb57eb0fe7e1d080534835c9c01d1adcb5d4aca3336bc1,data/miplib/istanbul-no-cutoff.mps,miplib,MILP,tune,3,warm,absent,1,300.0,,,,,,,,,,,,,,,,model_not_in_checkout
bench02-2026-10-01,2026-10-01,/tmp/opencode/bench02-build/markov-cero-solve,36284e66e5584958d7cb57eb0fe7e1d080534835c9c01d1adcb5d4aca3336bc1,data/netlib/etamacro.mps,netlib,LP,holdout,3,warm,ok,1,60.0,2159.01,2156.837722,NumericalFailure,false,unverified,-755.7143090291331,,,0,1378,12128,,,not_checked,primal and variable_names differ in length,exit_code=7; stderr=markov-cero 0.5.2 NumericalFailure [LP -> primal] NOT VERIFIED numerical_diagnostic: primal_residual=5.5644022722844966e-10 dual_residual=2.0621525320674294e-16 complementarity_gap=0.00214953078166371
bench02-2026-10-01,2026-10-01,/tmp/opencode/bench02-build/markov-cero-solve,36284e66e5584958d7cb57eb0fe7e1d080534835c9c01d1adcb5d4aca3336bc1,data/miplib/mcsched.mps,miplib,MILP,tune,3,warm,absent,1,300.0,,,,,,,,,,,,,,,,model_not_in_checkout
bench02-2026-10-01,2026-10-01,/tmp/opencode/bench02-build/markov-cero-solve,36284e66e5584958d7cb57eb0fe7e1d080534835c9c01d1adcb5d4aca3336bc1,data/miplib/mik-250-20-75-4.mps,miplib,MILP,tune,3,warm,absent,1,300.0,,,,,,,,,,,,,,,,model_not_in_checkout
bench02-2026-10-01,2026-10-01,/tmp/opencode/bench02-build/markov-cero-solve,36284e66e5584958d7cb57eb0fe7e1d080534835c9c01d1adcb5d4aca3336bc1,data/miplib/neos-1354092.mps,miplib,MILP,tune,3,warm,absent,1,300.0,,,,,,,,,,,,,,,,model_not_in_checkout
bench02-2026-10-01,2026-10-01,/tmp/opencode/bench02-build/markov-cero-solve,36284e66e5584958d7cb57eb0fe7e1d080534835c9c01d1adcb5d4aca3336bc1,data/miplib/neos-3381206-awhea.mps,miplib,MILP,tune,3,warm,absent,1,300.0,,,,,,,,,,,,,,,,model_not_in_checkout
bench02-2026-10-01,2026-10-01,/tmp/opencode/bench02-build/markov-cero-solve,36284e66e5584958d7cb57eb0fe7e1d080534835c9c01d1adcb5d4aca3336bc1,data/miplib/neos17.mps,miplib,MILP,tune,3,warm,absent,1,300.0,,,,,,,,,,,,,,,,model_not_in_checkout
bench02-2026-10-01,2026-10-01,/tmp/opencode/bench02-build/markov-cero-solve,36284e66e5584958d7cb57eb0fe7e1d080534835c9c01d1adcb5d4aca3336bc1,data/cases/refinery_scheduling_large.mps,cases,MILP,tune,3,warm,ok,1,300.0,3087.044,3084.004665,Optimal,true,tree_replayed,-65416.9,-65416.9,0,1,2616,7596,,,pass,2.842171e-14,stderr=markov-cero 0.5.2 Optimal [MILP -> milp] VERIFIED proof: tier=independent_tree status=accepted budget_exhausted=false nodes=1 witness_values=2100 build_ms=1559.308939 replay_ms=0.904555
bench02-2026-10-01,2026-10-01,/tmp/opencode/bench02-build/markov-cero-solve,36284e66e5584958d7cb57eb0fe7e1d080534835c9c01d1adcb5d4aca3336bc1,data/miplib/enlight_hard.mps,miplib,MILP,holdout,3,warm,ok,1,300.0,300012.595,300007.995255,ResourceLimit,false,unverified,0,19,,6053,3680187,69020,37.0,37.0,not_checked,no primal vector in result,exit_code=5; stderr=markov-cero 0.5.2 ResourceLimit [MILP -> milp] NOT VERIFIED proof: tier=unverified status=not_requested budget_exhausted=false nodes=0 witness_values=0 build_ms=0 replay_ms=0
bench02-2026-10-01,2026-10-01,/tmp/opencode/bench02-build/markov-cero-solve,36284e66e5584958d7cb57eb0fe7e1d080534835c9c01d1adcb5d4aca3336bc1,data/miplib/sp97ar.mps,miplib,MILP,tune,3,warm,absent,1,300.0,,,,,,,,,,,,,,,,model_not_in_checkout
bench02-2026-10-01,2026-10-01,/tmp/opencode/bench02-build/markov-cero-solve,36284e66e5584958d7cb57eb0fe7e1d080534835c9c01d1adcb5d4aca3336bc1,data/miplib/uct-subprob.mps,miplib,MILP,tune,3,warm,absent,1,300.0,,,,,,,,,,,,,,,,model_not_in_checkout
bench02-2026-10-01,2026-10-01,/tmp/opencode/bench02-build/markov-cero-solve,36284e66e5584958d7cb57eb0fe7e1d080534835c9c01d1adcb5d4aca3336bc1,data/mittelmann/50v-10.mps,mittelmann,MILP,tune,3,warm,absent,1,300.0,,,,,,,,,,,,,,,,model_not_in_checkout
bench02-2026-10-01,2026-10-01,/tmp/opencode/bench02-build/markov-cero-solve,36284e66e5584958d7cb57eb0fe7e1d080534835c9c01d1adcb5d4aca3336bc1,data/mittelmann/app1-1.mps,mittelmann,MILP,tune,3,warm,absent,1,300.0,,,,,,,,,,,,,,,,model_not_in_checkout
bench02-2026-10-01,2026-10-01,/tmp/opencode/bench02-build/markov-cero-solve,36284e66e5584958d7cb57eb0fe7e1d080534835c9c01d1adcb5d4aca3336bc1,data/mittelmann/fome11.mps,mittelmann,MILP,tune,3,warm,absent,1,300.0,,,,,,,,,,,,,,,,model_not_in_checkout
bench02-2026-10-01,2026-10-01,/tmp/opencode/bench02-build/markov-cero-solve,36284e66e5584958d7cb57eb0fe7e1d080534835c9c01d1adcb5d4aca3336bc1,data/miplib/mas76.mps,miplib,MILP,tune,3,warm,ok,1,300.0,300005.886,300003.10351,ResourceLimit,false,unverified,0,39310.04098732247,0.999999960689959,7658,4840582,17180,40005.05398999999,40005.05398999999,not_checked,no primal vector in result,exit_code=5; stderr=markov-cero 0.5.2 ResourceLimit [MILP -> milp] NOT VERIFIED proof: tier=unverified status=not_requested budget_exhausted=false nodes=0 witness_values=0 build_ms=0 replay_ms=0
bench02-2026-10-01,2026-10-01,/tmp/opencode/bench02-build/markov-cero-solve,36284e66e5584958d7cb57eb0fe7e1d080534835c9c01d1adcb5d4aca3336bc1,data/mittelmann/nug08-3rd.mps,mittelmann,MILP,tune,3,warm,absent,1,300.0,,,,,,,,,,,,,,,,model_not_in_checkout
bench02-2026-10-01,2026-10-01,/tmp/opencode/bench02-build/markov-cero-solve,36284e66e5584958d7cb57eb0fe7e1d080534835c9c01d1adcb5d4aca3336bc1,data/mittelmann/nug20.mps,mittelmann,MILP,tune,3,warm,absent,1,300.0,,,,,,,,,,,,,,,,model_not_in_checkout
bench02-2026-10-01,2026-10-01,/tmp/opencode/bench02-build/markov-cero-solve,36284e66e5584958d7cb57eb0fe7e1d080534835c9c01d1adcb5d4aca3336bc1,data/netlib/80bau3b.mps,netlib,LP,tune,3,warm,absent,1,60.0,,,,,,,,,,,,,,,,model_not_in_checkout
bench02-2026-10-01,2026-10-01,/tmp/opencode/bench02-build/markov-cero-solve,36284e66e5584958d7cb57eb0fe7e1d080534835c9c01d1adcb5d4aca3336bc1,data/netlib/bandm.mps,netlib,LP,tune,3,warm,ok,1,60.0,341.532,338.693364,Optimal,true,optimality_witness_checked,-158.6280184501206,-158.6280184501206,0,1,2105,6696,,,pass,1.936229e-13,stderr=markov-cero 0.5.2 Optimal [LP -> primal] VERIFIED
bench02-2026-10-01,2026-10-01,/tmp/opencode/bench02-build/markov-cero-solve,36284e66e5584958d7cb57eb0fe7e1d080534835c9c01d1adcb5d4aca3336bc1,data/netlib/beaconfd.mps,netlib,LP,tune,3,warm,ok,1,60.0,20.859,18.372208,Optimal,true,optimality_witness_checked,33592.485807200006,33592.485807200006,0,1,244,6300,33592.4858072,7.275957614183426e-12,pass,3.259615e-11,stderr=markov-cero 0.5.2 Optimal [LP -> primal] VERIFIED
bench02-2026-10-01,2026-10-01,/tmp/opencode/bench02-build/markov-cero-solve,36284e66e5584958d7cb57eb0fe7e1d080534835c9c01d1adcb5d4aca3336bc1,data/netlib/bnl2.mps,netlib,LP,tune,3,warm,absent,1,60.0,,,,,,,,,,,,,,,,model_not_in_checkout
bench02-2026-10-01,2026-10-01,/tmp/opencode/bench02-build/markov-cero-solve,36284e66e5584958d7cb57eb0fe7e1d080534835c9c01d1adcb5d4aca3336bc1,data/netlib/boeing2.mps,netlib,LP,tune,3,warm,ok,1,60.0,152.646,150.278763,Optimal,true,optimality_witness_checked,-315.0187280152029,-315.0187280152029,0,1,1254,5856,,,pass,1.421085e-14,stderr=markov-cero 0.5.2 Optimal [LP -> primal] VERIFIED
bench02-2026-10-01,2026-10-01,/tmp/opencode/bench02-build/markov-cero-solve,36284e66e5584958d7cb57eb0fe7e1d080534835c9c01d1adcb5d4aca3336bc1,data/miplib/pk1.mps,miplib,MILP,tune,3,warm,ok,1,300.0,300005.494,300002.367903,ResourceLimit,false,unverified,0,2.5634896820741813,0.9784580698985363,5953,4068350,13080,11.0,11.0,not_checked,no primal vector in result,exit_code=5; stderr=markov-cero 0.5.2 ResourceLimit [MILP -> milp] NOT VERIFIED proof: tier=unverified status=not_requested budget_exhausted=false nodes=0 witness_values=0 build_ms=0 replay_ms=0
bench02-2026-10-01,2026-10-01,/tmp/opencode/bench02-build/markov-cero-solve,36284e66e5584958d7cb57eb0fe7e1d080534835c9c01d1adcb5d4aca3336bc1,data/netlib/fit2p.mps,netlib,LP,tune,3,warm,absent,1,60.0,,,,,,,,,,,,,,,,model_not_in_checkout
bench02-2026-10-01,2026-10-01,/tmp/opencode/bench02-build/markov-cero-solve,36284e66e5584958d7cb57eb0fe7e1d080534835c9c01d1adcb5d4aca3336bc1,data/netlib/forplan.mps,netlib,LP,tune,3,warm,absent,1,60.0,,,,,,,,,,,,,,,,model_not_in_checkout
bench02-2026-10-01,2026-10-01,/tmp/opencode/bench02-build/markov-cero-solve,36284e66e5584958d7cb57eb0fe7e1d080534835c9c01d1adcb5d4aca3336bc1,data/netlib/ganges.mps,netlib,LP,tune,3,warm,absent,1,60.0,,,,,,,,,,,,,,,,model_not_in_checkout
bench02-2026-10-01,2026-10-01,/tmp/opencode/bench02-build/markov-cero-solve,36284e66e5584958d7cb57eb0fe7e1d080534835c9c01d1adcb5d4aca3336bc1,data/netlib/gfrd-pnc.mps,netlib,LP,tune,3,warm,absent,1,60.0,,,,,,,,,,,,,,,,model_not_in_checkout
bench02-2026-10-01,2026-10-01,/tmp/opencode/bench02-build/markov-cero-solve,36284e66e5584958d7cb57eb0fe7e1d080534835c9c01d1adcb5d4aca3336bc1,data/netlib/capri.mps,netlib,LP,tune,3,warm,ok,1,60.0,372.15,369.256557,Optimal,true,optimality_witness_checked,2690.012913768161,2690.012913768161,0,1,1281,6548,,,pass,8.590906e-13,stderr=markov-cero 0.5.2 Optimal [LP -> primal] VERIFIED
bench02-2026-10-01,2026-10-01,/tmp/opencode/bench02-build/markov-cero-solve,36284e66e5584958d7cb57eb0fe7e1d080534835c9c01d1adcb5d4aca3336bc1,data/netlib/kb2.mps,netlib,LP,tune,3,warm,ok,1,60.0,9.735,8.110772,Optimal,true,optimality_witness_checked,-1749.9001299062056,-1749.9001299062056,0,1,176,5292,,,pass,1.364242e-12,stderr=markov-cero 0.5.2 Optimal [LP -> primal] VERIFIED
bench02-2026-10-01,2026-10-01,/tmp/opencode/bench02-build/markov-cero-solve,36284e66e5584958d7cb57eb0fe7e1d080534835c9c01d1adcb5d4aca3336bc1,data/netlib/maros.mps,netlib,LP,tune,3,warm,absent,1,60.0,,,,,,,,,,,,,,,,model_not_in_checkout
bench02-2026-10-01,2026-10-01,/tmp/opencode/bench02-build/markov-cero-solve,36284e66e5584958d7cb57eb0fe7e1d080534835c9c01d1adcb5d4aca3336bc1,data/netlib/scsd1.mps,netlib,LP,tune,3,warm,ok,1,60.0,21.638,19.733557,NumericalFailure,false,unverified,8.666680097560823,,,0,79,7116,,,pass,4.937994e-11,exit_code=7; stderr=markov-cero 0.5.2 NumericalFailure [LP -> primal] NOT VERIFIED numerical_diagnostic: primal_residual=4.93799445777654e-11 dual_residual=0 complementarity_gap=1.5090295139641614e-05 condition_estimate=
bench02-2026-10-01,2026-10-01,/tmp/opencode/bench02-build/markov-cero-solve,36284e66e5584958d7cb57eb0fe7e1d080534835c9c01d1adcb5d4aca3336bc1,data/netlib/sctap1.mps,netlib,LP,tune,3,warm,ok,1,60.0,195.878,193.395113,Optimal,true,optimality_witness_checked,1412.2500000000002,1412.2500000000002,0,1,1409,6140,,,pass,1.421085e-14,stderr=markov-cero 0.5.2 Optimal [LP -> primal] VERIFIED
bench02-2026-10-01,2026-10-01,/tmp/opencode/bench02-build/markov-cero-solve,36284e66e5584958d7cb57eb0fe7e1d080534835c9c01d1adcb5d4aca3336bc1,data/netlib/ship04s.mps,netlib,LP,tune,3,warm,absent,1,60.0,,,,,,,,,,,,,,,,model_not_in_checkout
bench02-2026-10-01,2026-10-01,/tmp/opencode/bench02-build/markov-cero-solve,36284e66e5584958d7cb57eb0fe7e1d080534835c9c01d1adcb5d4aca3336bc1,data/netlib/ship12s.mps,netlib,LP,tune,3,warm,absent,1,60.0,,,,,,,,,,,,,,,,model_not_in_checkout
bench02-2026-10-01,2026-10-01,/tmp/opencode/bench02-build/markov-cero-solve,36284e66e5584958d7cb57eb0fe7e1d080534835c9c01d1adcb5d4aca3336bc1,data/netlib/standata.mps,netlib,LP,tune,3,warm,absent,1,60.0,,,,,,,,,,,,,,,,model_not_in_checkout
bench02-2026-10-01,2026-10-01,/tmp/opencode/bench02-build/markov-cero-solve,36284e66e5584958d7cb57eb0fe7e1d080534835c9c01d1adcb5d4aca3336bc1,data/netlib/stocfor2.mps,netlib,LP,tune,3,warm,absent,1,60.0,,,,,,,,,,,,,,,,model_not_in_checkout
bench02-2026-10-01,2026-10-01,/tmp/opencode/bench02-build/markov-cero-solve,36284e66e5584958d7cb57eb0fe7e1d080534835c9c01d1adcb5d4aca3336bc1,data/netlib/truss.mps,netlib,LP,tune,3,warm,absent,1,60.0,,,,,,,,,,,,,,,,model_not_in_checkout
bench02-2026-10-01,2026-10-01,/tmp/opencode/bench02-build/markov-cero-solve,36284e66e5584958d7cb57eb0fe7e1d080534835c9c01d1adcb5d4aca3336bc1,data/netlib/vtpbase.mps,netlib,LP,tune,3,warm,ok,1,60.0,21.068,18.389395,Optimal,true,optimality_witness_checked,129831.46246136136,129831.46246136136,0,1,185,5748,,,pass,3.161915e-11,stderr=markov-cero 0.5.2 Optimal [LP -> primal] VERIFIED
bench02-2026-10-01,2026-10-01,/tmp/opencode/bench02-build/markov-cero-solve,36284e66e5584958d7cb57eb0fe7e1d080534835c9c01d1adcb5d4aca3336bc1,data/qp/QPLIB_9002.mps,qplib,QP,tune,3,warm,absent,1,60.0,,,,,,,,,,,,,,,,model_not_in_checkout
bench02-2026-10-01,2026-10-01,/tmp/opencode/bench02-build/markov-cero-solve,36284e66e5584958d7cb57eb0fe7e1d080534835c9c01d1adcb5d4aca3336bc1,data/netlib/israel.mps,netlib,LP,tune,3,warm,ok,1,60.0,543.027,540.495445,Optimal,true,optimality_witness_checked,-896644.8218630457,-896644.8218630457,0,1,987,6488,,,pass,1.855360e-11,stderr=markov-cero 0.5.2 Optimal [LP -> primal] VERIFIED
bench02-2026-10-01,2026-10-01,/tmp/opencode/bench02-build/markov-cero-solve,36284e66e5584958d7cb57eb0fe7e1d080534835c9c01d1adcb5d4aca3336bc1,data/cases/li_crude_blending.mps,cases,MILP,train,3,warm,ok,1,300.0,5.045,2.915419,Optimal,true,optimality_witness_checked,5760,5760,0,1,112,5408,,,pass,0.000000e+00,stderr=markov-cero 0.5.2 Optimal [LP -> primal] VERIFIED
bench02-2026-10-01,2026-10-01,/tmp/opencode/bench02-build/markov-cero-solve,36284e66e5584958d7cb57eb0fe7e1d080534835c9c01d1adcb5d4aca3336bc1,data/cases/neiro_refinery_scheduling.mps,cases,MILP,train,3,warm,ok,1,300.0,92.638,90.113702,Optimal,true,tree_replayed,-275030,-275030,0,3,767,6760,,,pass,0.000000e+00,stderr=markov-cero 0.5.2 Optimal [MILP -> milp] VERIFIED proof: tier=independent_tree status=accepted budget_exhausted=false nodes=17 witness_values=3694 build_ms=54.458561000000003 replay_ms=0.4958029999999
bench02-2026-10-01,2026-10-01,/tmp/opencode/bench02-build/markov-cero-solve,36284e66e5584958d7cb57eb0fe7e1d080534835c9c01d1adcb5d4aca3336bc1,data/cases/crude_blending_large.mps,cases,MILP,train,3,warm,ok,1,300.0,886.297,884.243867,IterationLimit,false,unverified,0,,,1,10000,6904,,,not_checked,no primal vector in result,exit_code=6; stderr=markov-cero 0.5.2 IterationLimit [QP -> qp] NOT VERIFIED
bench02-2026-10-01,2026-10-01,/tmp/opencode/bench02-build/markov-cero-solve,36284e66e5584958d7cb57eb0fe7e1d080534835c9c01d1adcb5d4aca3336bc1,data/cases/process_network_large.mps,cases,MILP,train,3,warm,ok,1,300.0,1398.178,1395.254204,Optimal,true,tree_replayed,6420.866666666667,6420.866666666667,0,1,1511,7496,,,pass,0.000000e+00,stderr=markov-cero 0.5.2 Optimal [MILP -> milp] VERIFIED proof: tier=independent_tree status=accepted budget_exhausted=false nodes=1 witness_values=1792 build_ms=675.43944499999998 replay_ms=0.69820599999999
bench02-2026-10-01,2026-10-01,/tmp/opencode/bench02-build/markov-cero-solve,36284e66e5584958d7cb57eb0fe7e1d080534835c9c01d1adcb5d4aca3336bc1,data/cases/shapiro_network_flow.mps,cases,MILP,train,3,warm,ok,1,300.0,2.896,0.979709,Optimal,true,optimality_witness_checked,1176,1176,0,1,68,5380,,,pass,0.000000e+00,stderr=markov-cero 0.5.2 Optimal [LP -> primal] VERIFIED
bench02-2026-10-01,2026-10-01,/tmp/opencode/bench02-build/markov-cero-solve,36284e66e5584958d7cb57eb0fe7e1d080534835c9c01d1adcb5d4aca3336bc1,data/miplib/sp150x300d.mps,miplib,MILP,tune,3,warm,ok,1,300.0,300006.579,300003.028342,ResourceLimit,false,unverified,0,6.972777959986881,0.9003888862859017,289,386152,21036,69.0,69.0,not_checked,no primal vector in result,exit_code=5; stderr=markov-cero 0.5.2 ResourceLimit [MILP -> milp] NOT VERIFIED proof: tier=unverified status=not_requested budget_exhausted=false nodes=0 witness_values=0 build_ms=0 replay_ms=0
bench02-2026-10-01,2026-10-01,/tmp/opencode/bench02-build/markov-cero-solve,36284e66e5584958d7cb57eb0fe7e1d080534835c9c01d1adcb5d4aca3336bc1,data/miplib/assign1-5-8.mps,miplib,MILP,train,3,warm,absent,1,300.0,,,,,,,,,,,,,,,,model_not_in_checkout
bench02-2026-10-01,2026-10-01,/tmp/opencode/bench02-build/markov-cero-solve,36284e66e5584958d7cb57eb0fe7e1d080534835c9c01d1adcb5d4aca3336bc1,data/miplib/binkar10_1.mps,miplib,MILP,train,3,warm,absent,1,300.0,,,,,,,,,,,,,,,,model_not_in_checkout
bench02-2026-10-01,2026-10-01,/tmp/opencode/bench02-build/markov-cero-solve,36284e66e5584958d7cb57eb0fe7e1d080534835c9c01d1adcb5d4aca3336bc1,data/miplib/blp-ar98.mps,miplib,MILP,train,3,warm,absent,1,300.0,,,,,,,,,,,,,,,,model_not_in_checkout
bench02-2026-10-01,2026-10-01,/tmp/opencode/bench02-build/markov-cero-solve,36284e66e5584958d7cb57eb0fe7e1d080534835c9c01d1adcb5d4aca3336bc1,data/miplib/blp-ic98.mps,miplib,MILP,train,3,warm,absent,1,300.0,,,,,,,,,,,,,,,,model_not_in_checkout
bench02-2026-10-01,2026-10-01,/tmp/opencode/bench02-build/markov-cero-solve,36284e66e5584958d7cb57eb0fe7e1d080534835c9c01d1adcb5d4aca3336bc1,data/miplib/cmflsp50-24-8-8.mps,miplib,MILP,train,3,warm,absent,1,300.0,,,,,,,,,,,,,,,,model_not_in_checkout
bench02-2026-10-01,2026-10-01,/tmp/opencode/bench02-build/markov-cero-solve,36284e66e5584958d7cb57eb0fe7e1d080534835c9c01d1adcb5d4aca3336bc1,data/miplib/cod105.mps,miplib,MILP,train,3,warm,absent,1,300.0,,,,,,,,,,,,,,,,model_not_in_checkout
bench02-2026-10-01,2026-10-01,/tmp/opencode/bench02-build/markov-cero-solve,36284e66e5584958d7cb57eb0fe7e1d080534835c9c01d1adcb5d4aca3336bc1,data/miplib/comp21-2idx.mps,miplib,MILP,train,3,warm,absent,1,300.0,,,,,,,,,,,,,,,,model_not_in_checkout
bench02-2026-10-01,2026-10-01,/tmp/opencode/bench02-build/markov-cero-solve,36284e66e5584958d7cb57eb0fe7e1d080534835c9c01d1adcb5d4aca3336bc1,data/miplib/cost266-UUE.mps,miplib,MILP,train,3,warm,absent,1,300.0,,,,,,,,,,,,,,,,model_not_in_checkout
bench02-2026-10-01,2026-10-01,/tmp/opencode/bench02-build/markov-cero-solve,36284e66e5584958d7cb57eb0fe7e1d080534835c9c01d1adcb5d4aca3336bc1,data/miplib/csched007.mps,miplib,MILP,train,3,warm,absent,1,300.0,,,,,,,,,,,,,,,,model_not_in_checkout
bench02-2026-10-01,2026-10-01,/tmp/opencode/bench02-build/markov-cero-solve,36284e66e5584958d7cb57eb0fe7e1d080534835c9c01d1adcb5d4aca3336bc1,data/miplib/csched008.mps,miplib,MILP,train,3,warm,absent,1,300.0,,,,,,,,,,,,,,,,model_not_in_checkout
bench02-2026-10-01,2026-10-01,/tmp/opencode/bench02-build/markov-cero-solve,36284e66e5584958d7cb57eb0fe7e1d080534835c9c01d1adcb5d4aca3336bc1,data/miplib/dano3_3.mps,miplib,MILP,train,3,warm,absent,1,300.0,,,,,,,,,,,,,,,,model_not_in_checkout
bench02-2026-10-01,2026-10-01,/tmp/opencode/bench02-build/markov-cero-solve,36284e66e5584958d7cb57eb0fe7e1d080534835c9c01d1adcb5d4aca3336bc1,data/miplib/decomp2.mps,miplib,MILP,train,3,warm,absent,1,300.0,,,,,,,,,,,,,,,,model_not_in_checkout
bench02-2026-10-01,2026-10-01,/tmp/opencode/bench02-build/markov-cero-solve,36284e66e5584958d7cb57eb0fe7e1d080534835c9c01d1adcb5d4aca3336bc1,data/miplib/drayage-100-23.mps,miplib,MILP,train,3,warm,absent,1,300.0,,,,,,,,,,,,,,,,model_not_in_checkout
bench02-2026-10-01,2026-10-01,/tmp/opencode/bench02-build/markov-cero-solve,36284e66e5584958d7cb57eb0fe7e1d080534835c9c01d1adcb5d4aca3336bc1,data/miplib/drayage-25-23.mps,miplib,MILP,train,3,warm,absent,1,300.0,,,,,,,,,,,,,,,,model_not_in_checkout
bench02-2026-10-01,2026-10-01,/tmp/opencode/bench02-build/markov-cero-solve,36284e66e5584958d7cb57eb0fe7e1d080534835c9c01d1adcb5d4aca3336bc1,data/miplib/dws008-01.mps,miplib,MILP,train,3,warm,absent,1,300.0,,,,,,,,,,,,,,,,model_not_in_checkout
bench02-2026-10-01,2026-10-01,/tmp/opencode/bench02-build/markov-cero-solve,36284e66e5584958d7cb57eb0fe7e1d080534835c9c01d1adcb5d4aca3336bc1,data/miplib/eil33-2.mps,miplib,MILP,train,3,warm,absent,1,300.0,,,,,,,,,,,,,,,,model_not_in_checkout
bench02-2026-10-01,2026-10-01,/tmp/opencode/bench02-build/markov-cero-solve,36284e66e5584958d7cb57eb0fe7e1d080534835c9c01d1adcb5d4aca3336bc1,data/miplib/exp-1-500-5-5.mps,miplib,MILP,train,3,warm,absent,1,300.0,,,,,,,,,,,,,,,,model_not_in_checkout
bench02-2026-10-01,2026-10-01,/tmp/opencode/bench02-build/markov-cero-solve,36284e66e5584958d7cb57eb0fe7e1d080534835c9c01d1adcb5d4aca3336bc1,data/miplib/fhnw-binpack4-48.mps,miplib,MILP,train,3,warm,absent,1,300.0,,,,,,,,,,,,,,,,model_not_in_checkout
bench02-2026-10-01,2026-10-01,/tmp/opencode/bench02-build/markov-cero-solve,36284e66e5584958d7cb57eb0fe7e1d080534835c9c01d1adcb5d4aca3336bc1,data/miplib/flugpl.mps,miplib,MILP,train,3,warm,ok,1,300.0,9782.453,9723.233363,Feasible,false,original_primal_checked,1201500,1201500,0,6703,287990,48532,1201500.0,0.0,pass,0.000000e+00,stderr=markov-cero 0.5.2 Feasible [MILP -> milp] NOT VERIFIED proof: tier=unverified status=exhausted budget_exhausted=true nodes=9999 witness_values=489937 build_ms=4780.9521109999996 replay_ms=0.034539
bench02-2026-10-01,2026-10-01,/tmp/opencode/bench02-build/markov-cero-solve,36284e66e5584958d7cb57eb0fe7e1d080534835c9c01d1adcb5d4aca3336bc1,data/cases/supply_chain_large.mps,cases,MILP,train,3,warm,ok,1,300.0,11468.689,11464.92348,Feasible,false,original_primal_checked,926342.1266,926342.1266,0,11,25731,10440,,,pass,9.094947e-13,stderr=markov-cero 0.5.2 Feasible [MILP -> milp] NOT VERIFIED proof: tier=unverified status=exhausted budget_exhausted=true nodes=11 witness_values=13155 build_ms=5000.85142 replay_ms=0.182564
bench02-2026-10-01,2026-10-01,/tmp/opencode/bench02-build/markov-cero-solve,36284e66e5584958d7cb57eb0fe7e1d080534835c9c01d1adcb5d4aca3336bc1,data/mittelmann/neos5.mps,mittelmann,MILP,tune,3,warm,ok,1,300.0,300004.259,300001.993956,ResourceLimit,false,unverified,0,13.9,0.1446153846153846,5579,4373891,12284,,,not_checked,no primal vector in result,exit_code=5; stderr=markov-cero 0.5.2 ResourceLimit [MILP -> milp] NOT VERIFIED proof: tier=unverified status=not_requested budget_exhausted=false nodes=0 witness_values=0 build_ms=0 replay_ms=0
bench02-2026-10-01,2026-10-01,/tmp/opencode/bench02-build/markov-cero-solve,36284e66e5584958d7cb57eb0fe7e1d080534835c9c01d1adcb5d4aca3336bc1,data/miplib/germanrr.mps,miplib,MILP,train,3,warm,absent,1,300.0,,,,,,,,,,,,,,,,model_not_in_checkout
bench02-2026-10-01,2026-10-01,/tmp/opencode/bench02-build/markov-cero-solve,36284e66e5584958d7cb57eb0fe7e1d080534835c9c01d1adcb5d4aca3336bc1,data/miplib/glass-sc.mps,miplib,MILP,train,3,warm,absent,1,300.0,,,,,,,,,,,,,,,,model_not_in_checkout
bench02-2026-10-01,2026-10-01,/tmp/opencode/bench02-build/markov-cero-solve,36284e66e5584958d7cb57eb0fe7e1d080534835c9c01d1adcb5d4aca3336bc1,data/miplib/gmu-35-40.mps,miplib,MILP,train,3,warm,absent,1,300.0,,,,,,,,,,,,,,,,model_not_in_checkout
bench02-2026-10-01,2026-10-01,/tmp/opencode/bench02-build/markov-cero-solve,36284e66e5584958d7cb57eb0fe7e1d080534835c9c01d1adcb5d4aca3336bc1,data/miplib/h80x6320d.mps,miplib,MILP,train,3,warm,absent,1,300.0,,,,,,,,,,,,,,,,model_not_in_checkout
bench02-2026-10-01,2026-10-01,/tmp/opencode/bench02-build/markov-cero-solve,36284e66e5584958d7cb57eb0fe7e1d080534835c9c01d1adcb5d4aca3336bc1,data/miplib/hypothyroid-k1.mps,miplib,MILP,train,3,warm,absent,1,300.0,,,,,,,,,,,,,,,,model_not_in_checkout
bench02-2026-10-01,2026-10-01,/tmp/opencode/bench02-build/markov-cero-solve,36284e66e5584958d7cb57eb0fe7e1d080534835c9c01d1adcb5d4aca3336bc1,data/miplib/ic97_potential.mps,miplib,MILP,train,3,warm,absent,1,300.0,,,,,,,,,,,,,,,,model_not_in_checkout
bench02-2026-10-01,2026-10-01,/tmp/opencode/bench02-build/markov-cero-solve,36284e66e5584958d7cb57eb0fe7e1d080534835c9c01d1adcb5d4aca3336bc1,data/miplib/icir97_tension.mps,miplib,MILP,train,3,warm,absent,1,300.0,,,,,,,,,,,,,,,,model_not_in_checkout
bench02-2026-10-01,2026-10-01,/tmp/opencode/bench02-build/markov-cero-solve,36284e66e5584958d7cb57eb0fe7e1d080534835c9c01d1adcb5d4aca3336bc1,data/miplib/irp.mps,miplib,MILP,train,3,warm,absent,1,300.0,,,,,,,,,,,,,,,,model_not_in_checkout
bench02-2026-10-01,2026-10-01,/tmp/opencode/bench02-build/markov-cero-solve,36284e66e5584958d7cb57eb0fe7e1d080534835c9c01d1adcb5d4aca3336bc1,data/miplib/leo1.mps,miplib,MILP,train,3,warm,absent,1,300.0,,,,,,,,,,,,,,,,model_not_in_checkout
bench02-2026-10-01,2026-10-01,/tmp/opencode/bench02-build/markov-cero-solve,36284e66e5584958d7cb57eb0fe7e1d080534835c9c01d1adcb5d4aca3336bc1,data/miplib/leo2.mps,miplib,MILP,train,3,warm,absent,1,300.0,,,,,,,,,,,,,,,,model_not_in_checkout
bench02-2026-10-01,2026-10-01,/tmp/opencode/bench02-build/markov-cero-solve,36284e66e5584958d7cb57eb0fe7e1d080534835c9c01d1adcb5d4aca3336bc1,data/miplib/mad.mps,miplib,MILP,train,3,warm,absent,1,300.0,,,,,,,,,,,,,,,,model_not_in_checkout
bench02-2026-10-01,2026-10-01,/tmp/opencode/bench02-build/markov-cero-solve,36284e66e5584958d7cb57eb0fe7e1d080534835c9c01d1adcb5d4aca3336bc1,data/cases/production_planning_large.mps,cases,MILP,train,3,warm,ok,1,300.0,300003.688,300000.974415,ResourceLimit,false,unverified,0,91643.96728617618,0.021821828415804028,962,1902344,10308,,,not_checked,no primal vector in result,exit_code=5; stderr=markov-cero 0.5.2 ResourceLimit [MILP -> milp] NOT VERIFIED proof: tier=unverified status=not_requested budget_exhausted=false nodes=0 witness_values=0 build_ms=0 replay_ms=0
bench02-2026-10-01,2026-10-01,/tmp/opencode/bench02-build/markov-cero-solve,36284e66e5584958d7cb57eb0fe7e1d080534835c9c01d1adcb5d4aca3336bc1,data/miplib/gen-ip002.mps,miplib,MILP,train,3,warm,ok,1,300.0,300046.388,300042.188427,ResourceLimit,false,unverified,0,-4811.851709540962,0.01085091353851373,35697,2868792,47760,-4783.733392,4783.733392,not_checked,no primal vector in result,exit_code=5; stderr=markov-cero 0.5.2 ResourceLimit [MILP -> milp] NOT VERIFIED proof: tier=unverified status=not_requested budget_exhausted=false nodes=0 witness_values=0 build_ms=0 replay_ms=0
bench02-2026-10-01,2026-10-01,/tmp/opencode/bench02-build/markov-cero-solve,36284e66e5584958d7cb57eb0fe7e1d080534835c9c01d1adcb5d4aca3336bc1,data/miplib/mc11.mps,miplib,MILP,train,3,warm,absent,1,300.0,,,,,,,,,,,,,,,,model_not_in_checkout
bench02-2026-10-01,2026-10-01,/tmp/opencode/bench02-build/markov-cero-solve,36284e66e5584958d7cb57eb0fe7e1d080534835c9c01d1adcb5d4aca3336bc1,data/miplib/milo-v12-6-r2-40-1.mps,miplib,MILP,train,3,warm,absent,1,300.0,,,,,,,,,,,,,,,,model_not_in_checkout
bench02-2026-10-01,2026-10-01,/tmp/opencode/bench02-build/markov-cero-solve,36284e66e5584958d7cb57eb0fe7e1d080534835c9c01d1adcb5d4aca3336bc1,data/miplib/mushroom-best.mps,miplib,MILP,train,3,warm,absent,1,300.0,,,,,,,,,,,,,,,,model_not_in_checkout
bench02-2026-10-01,2026-10-01,/tmp/opencode/bench02-build/markov-cero-solve,36284e66e5584958d7cb57eb0fe7e1d080534835c9c01d1adcb5d4aca3336bc1,data/miplib/mzzv11.mps,miplib,MILP,train,3,warm,absent,1,300.0,,,,,,,,,,,,,,,,model_not_in_checkout
bench02-2026-10-01,2026-10-01,/tmp/opencode/bench02-build/markov-cero-solve,36284e66e5584958d7cb57eb0fe7e1d080534835c9c01d1adcb5d4aca3336bc1,data/miplib/mzzv42z.mps,miplib,MILP,train,3,warm,absent,1,300.0,,,,,,,,,,,,,,,,model_not_in_checkout
bench02-2026-10-01,2026-10-01,/tmp/opencode/bench02-build/markov-cero-solve,36284e66e5584958d7cb57eb0fe7e1d080534835c9c01d1adcb5d4aca3336bc1,data/miplib/n2seq36q.mps,miplib,MILP,train,3,warm,absent,1,300.0,,,,,,,,,,,,,,,,model_not_in_checkout
bench02-2026-10-01,2026-10-01,/tmp/opencode/bench02-build/markov-cero-solve,36284e66e5584958d7cb57eb0fe7e1d080534835c9c01d1adcb5d4aca3336bc1,data/miplib/n5-3.mps,miplib,MILP,train,3,warm,absent,1,300.0,,,,,,,,,,,,,,,,model_not_in_checkout
bench02-2026-10-01,2026-10-01,/tmp/opencode/bench02-build/markov-cero-solve,36284e66e5584958d7cb57eb0fe7e1d080534835c9c01d1adcb5d4aca3336bc1,data/miplib/neos-1171737.mps,miplib,MILP,train,3,warm,absent,1,300.0,,,,,,,,,,,,,,,,model_not_in_checkout
bench02-2026-10-01,2026-10-01,/tmp/opencode/bench02-build/markov-cero-solve,36284e66e5584958d7cb57eb0fe7e1d080534835c9c01d1adcb5d4aca3336bc1,data/miplib/neos-1456979.mps,miplib,MILP,train,3,warm,absent,1,300.0,,,,,,,,,,,,,,,,model_not_in_checkout
bench02-2026-10-01,2026-10-01,/tmp/opencode/bench02-build/markov-cero-solve,36284e66e5584958d7cb57eb0fe7e1d080534835c9c01d1adcb5d4aca3336bc1,data/miplib/neos-1582420.mps,miplib,MILP,train,3,warm,absent,1,300.0,,,,,,,,,,,,,,,,model_not_in_checkout
bench02-2026-10-01,2026-10-01,/tmp/opencode/bench02-build/markov-cero-solve,36284e66e5584958d7cb57eb0fe7e1d080534835c9c01d1adcb5d4aca3336bc1,data/miplib/gen-ip054.mps,miplib,MILP,train,3,warm,ok,1,300.0,300040.153,300036.920668,ResourceLimit,false,unverified,0,6787.681271495964,0.015800682353920594,19268,3824094,39216,6840.96564179,6840.96564179,not_checked,no primal vector in result,exit_code=5; stderr=markov-cero 0.5.2 ResourceLimit [MILP -> milp] NOT VERIFIED proof: tier=unverified status=not_requested budget_exhausted=false nodes=0 witness_values=0 build_ms=0 replay_ms=0
bench02-2026-10-01,2026-10-01,/tmp/opencode/bench02-build/markov-cero-solve,36284e66e5584958d7cb57eb0fe7e1d080534835c9c01d1adcb5d4aca3336bc1,data/miplib/neos-2978193-inde.mps,miplib,MILP,train,3,warm,absent,1,300.0,,,,,,,,,,,,,,,,model_not_in_checkout
bench02-2026-10-01,2026-10-01,/tmp/opencode/bench02-build/markov-cero-solve,36284e66e5584958d7cb57eb0fe7e1d080534835c9c01d1adcb5d4aca3336bc1,data/miplib/neos-3004026-krka.mps,miplib,MILP,train,3,warm,absent,1,300.0,,,,,,,,,,,,,,,,model_not_in_checkout
bench02-2026-10-01,2026-10-01,/tmp/opencode/bench02-build/markov-cero-solve,36284e66e5584958d7cb57eb0fe7e1d080534835c9c01d1adcb5d4aca3336bc1,data/miplib/neos-3024952-loue.mps,miplib,MILP,train,3,warm,absent,1,300.0,,,,,,,,,,,,,,,,model_not_in_checkout
bench02-2026-10-01,2026-10-01,/tmp/opencode/bench02-build/markov-cero-solve,36284e66e5584958d7cb57eb0fe7e1d080534835c9c01d1adcb5d4aca3336bc1,data/miplib/markshare_4_0.mps,miplib,MILP,train,3,warm,ok,1,300.0,300130.974,300116.98862,ResourceLimit,false,unverified,0,0,1,26690,4261187,246556,1.0,1.0,not_checked,no primal vector in result,exit_code=5; stderr=markov-cero 0.5.2 ResourceLimit [MILP -> milp] NOT VERIFIED proof: tier=unverified status=not_requested budget_exhausted=false nodes=0 witness_values=0 build_ms=0 replay_ms=0
bench02-2026-10-01,2026-10-01,/tmp/opencode/bench02-build/markov-cero-solve,36284e66e5584958d7cb57eb0fe7e1d080534835c9c01d1adcb5d4aca3336bc1,data/miplib/neos-3083819-nubu.mps,miplib,MILP,train,3,warm,absent,1,300.0,,,,,,,,,,,,,,,,model_not_in_checkout
bench02-2026-10-01,2026-10-01,/tmp/opencode/bench02-build/markov-cero-solve,36284e66e5584958d7cb57eb0fe7e1d080534835c9c01d1adcb5d4aca3336bc1,data/miplib/neos-3216931-puriri.mps,miplib,MILP,train,3,warm,absent,1,300.0,,,,,,,,,,,,,,,,model_not_in_checkout
bench02-2026-10-01,2026-10-01,/tmp/opencode/bench02-build/markov-cero-solve,36284e66e5584958d7cb57eb0fe7e1d080534835c9c01d1adcb5d4aca3336bc1,data/miplib/neos-3627168-kasai.mps,miplib,MILP,train,3,warm,absent,1,300.0,,,,,,,,,,,,,,,,model_not_in_checkout
bench02-2026-10-01,2026-10-01,/tmp/opencode/bench02-build/markov-cero-solve,36284e66e5584958d7cb57eb0fe7e1d080534835c9c01d1adcb5d4aca3336bc1,data/miplib/neos-4338804-snowy.mps,miplib,MILP,train,3,warm,absent,1,300.0,,,,,,,,,,,,,,,,model_not_in_checkout
bench02-2026-10-01,2026-10-01,/tmp/opencode/bench02-build/markov-cero-solve,36284e66e5584958d7cb57eb0fe7e1d080534835c9c01d1adcb5d4aca3336bc1,data/miplib/neos-4387871-tavua.mps,miplib,MILP,train,3,warm,absent,1,300.0,,,,,,,,,,,,,,,,model_not_in_checkout
bench02-2026-10-01,2026-10-01,/tmp/opencode/bench02-build/markov-cero-solve,36284e66e5584958d7cb57eb0fe7e1d080534835c9c01d1adcb5d4aca3336bc1,data/miplib/neos-4738912-atrato.mps,miplib,MILP,train,3,warm,absent,1,300.0,,,,,,,,,,,,,,,,model_not_in_checkout
bench02-2026-10-01,2026-10-01,/tmp/opencode/bench02-build/markov-cero-solve,36284e66e5584958d7cb57eb0fe7e1d080534835c9c01d1adcb5d4aca3336bc1,data/miplib/neos-662469.mps,miplib,MILP,train,3,warm,absent,1,300.0,,,,,,,,,,,,,,,,model_not_in_checkout
bench02-2026-10-01,2026-10-01,/tmp/opencode/bench02-build/markov-cero-solve,36284e66e5584958d7cb57eb0fe7e1d080534835c9c01d1adcb5d4aca3336bc1,data/miplib/neos-860300.mps,miplib,MILP,train,3,warm,absent,1,300.0,,,,,,,,,,,,,,,,model_not_in_checkout
bench02-2026-10-01,2026-10-01,/tmp/opencode/bench02-build/markov-cero-solve,36284e66e5584958d7cb57eb0fe7e1d080534835c9c01d1adcb5d4aca3336bc1,data/miplib/neos-911970.mps,miplib,MILP,train,3,warm,absent,1,300.0,,,,,,,,,,,,,,,,model_not_in_checkout
bench02-2026-10-01,2026-10-01,/tmp/opencode/bench02-build/markov-cero-solve,36284e66e5584958d7cb57eb0fe7e1d080534835c9c01d1adcb5d4aca3336bc1,data/miplib/net12.mps,miplib,MILP,train,3,warm,absent,1,300.0,,,,,,,,,,,,,,,,model_not_in_checkout
bench02-2026-10-01,2026-10-01,/tmp/opencode/bench02-build/markov-cero-solve,36284e66e5584958d7cb57eb0fe7e1d080534835c9c01d1adcb5d4aca3336bc1,data/miplib/nexp-150-20-8-5.mps,miplib,MILP,train,3,warm,absent,1,300.0,,,,,,,,,,,,,,,,model_not_in_checkout
bench02-2026-10-01,2026-10-01,/tmp/opencode/bench02-build/markov-cero-solve,36284e66e5584958d7cb57eb0fe7e1d080534835c9c01d1adcb5d4aca3336bc1,data/miplib/ns1208400.mps,miplib,MILP,train,3,warm,absent,1,300.0,,,,,,,,,,,,,,,,model_not_in_checkout
bench02-2026-10-01,2026-10-01,/tmp/opencode/bench02-build/markov-cero-solve,36284e66e5584958d7cb57eb0fe7e1d080534835c9c01d1adcb5d4aca3336bc1,data/miplib/ns1830653.mps,miplib,MILP,train,3,warm,absent,1,300.0,,,,,,,,,,,,,,,,model_not_in_checkout
bench02-2026-10-01,2026-10-01,/tmp/opencode/bench02-build/markov-cero-solve,36284e66e5584958d7cb57eb0fe7e1d080534835c9c01d1adcb5d4aca3336bc1,data/miplib/ns1952667.mps,miplib,MILP,train,3,warm,absent,1,300.0,,,,,,,,,,,,,,,,model_not_in_checkout
bench02-2026-10-01,2026-10-01,/tmp/opencode/bench02-build/markov-cero-solve,36284e66e5584958d7cb57eb0fe7e1d080534835c9c01d1adcb5d4aca3336bc1,data/miplib/nu25-pr12.mps,miplib,MILP,train,3,warm,absent,1,300.0,,,,,,,,,,,,,,,,model_not_in_checkout
bench02-2026-10-01,2026-10-01,/tmp/opencode/bench02-build/markov-cero-solve,36284e66e5584958d7cb57eb0fe7e1d080534835c9c01d1adcb5d4aca3336bc1,data/miplib/p200x1188c.mps,miplib,MILP,train,3,warm,absent,1,300.0,,,,,,,,,,,,,,,,model_not_in_checkout
bench02-2026-10-01,2026-10-01,/tmp/opencode/bench02-build/markov-cero-solve,36284e66e5584958d7cb57eb0fe7e1d080534835c9c01d1adcb5d4aca3336bc1,data/miplib/peg-solitaire-a3.mps,miplib,MILP,train,3,warm,absent,1,300.0,,,,,,,,,,,,,,,,model_not_in_checkout
bench02-2026-10-01,2026-10-01,/tmp/opencode/bench02-build/markov-cero-solve,36284e66e5584958d7cb57eb0fe7e1d080534835c9c01d1adcb5d4aca3336bc1,data/miplib/pg.mps,miplib,MILP,train,3,warm,absent,1,300.0,,,,,,,,,,,,,,,,model_not_in_checkout
bench02-2026-10-01,2026-10-01,/tmp/opencode/bench02-build/markov-cero-solve,36284e66e5584958d7cb57eb0fe7e1d080534835c9c01d1adcb5d4aca3336bc1,data/miplib/pg5_34.mps,miplib,MILP,train,3,warm,absent,1,300.0,,,,,,,,,,,,,,,,model_not_in_checkout
bench02-2026-10-01,2026-10-01,/tmp/opencode/bench02-build/markov-cero-solve,36284e66e5584958d7cb57eb0fe7e1d080534835c9c01d1adcb5d4aca3336bc1,data/miplib/piperout-08.mps,miplib,MILP,train,3,warm,absent,1,300.0,,,,,,,,,,,,,,,,model_not_in_checkout
bench02-2026-10-01,2026-10-01,/tmp/opencode/bench02-build/markov-cero-solve,36284e66e5584958d7cb57eb0fe7e1d080534835c9c01d1adcb5d4aca3336bc1,data/miplib/qap10.mps,miplib,MILP,train,3,warm,absent,1,300.0,,,,,,,,,,,,,,,,model_not_in_checkout
bench02-2026-10-01,2026-10-01,/tmp/opencode/bench02-build/markov-cero-solve,36284e66e5584958d7cb57eb0fe7e1d080534835c9c01d1adcb5d4aca3336bc1,data/miplib/ran14x18-disj-8.mps,miplib,MILP,train,3,warm,absent,1,300.0,,,,,,,,,,,,,,,,model_not_in_checkout
bench02-2026-10-01,2026-10-01,/tmp/opencode/bench02-build/markov-cero-solve,36284e66e5584958d7cb57eb0fe7e1d080534835c9c01d1adcb5d4aca3336bc1,data/miplib/reblock115.mps,miplib,MILP,train,3,warm,absent,1,300.0,,,,,,,,,,,,,,,,model_not_in_checkout
bench02-2026-10-01,2026-10-01,/tmp/opencode/bench02-build/markov-cero-solve,36284e66e5584958d7cb57eb0fe7e1d080534835c9c01d1adcb5d4aca3336bc1,data/miplib/rmatr100-p10.mps,miplib,MILP,train,3,warm,absent,1,300.0,,,,,,,,,,,,,,,,model_not_in_checkout
bench02-2026-10-01,2026-10-01,/tmp/opencode/bench02-build/markov-cero-solve,36284e66e5584958d7cb57eb0fe7e1d080534835c9c01d1adcb5d4aca3336bc1,data/miplib/rocI-4-11.mps,miplib,MILP,train,3,warm,absent,1,300.0,,,,,,,,,,,,,,,,model_not_in_checkout
bench02-2026-10-01,2026-10-01,/tmp/opencode/bench02-build/markov-cero-solve,36284e66e5584958d7cb57eb0fe7e1d080534835c9c01d1adcb5d4aca3336bc1,data/miplib/rococoB10-011000.mps,miplib,MILP,train,3,warm,absent,1,300.0,,,,,,,,,,,,,,,,model_not_in_checkout
bench02-2026-10-01,2026-10-01,/tmp/opencode/bench02-build/markov-cero-solve,36284e66e5584958d7cb57eb0fe7e1d080534835c9c01d1adcb5d4aca3336bc1,data/miplib/sct2.mps,miplib,MILP,train,3,warm,absent,1,300.0,,,,,,,,,,,,,,,,model_not_in_checkout
bench02-2026-10-01,2026-10-01,/tmp/opencode/bench02-build/markov-cero-solve,36284e66e5584958d7cb57eb0fe7e1d080534835c9c01d1adcb5d4aca3336bc1,data/miplib/seymour.mps,miplib,MILP,train,3,warm,absent,1,300.0,,,,,,,,,,,,,,,,model_not_in_checkout
bench02-2026-10-01,2026-10-01,/tmp/opencode/bench02-build/markov-cero-solve,36284e66e5584958d7cb57eb0fe7e1d080534835c9c01d1adcb5d4aca3336bc1,data/miplib/seymour1.mps,miplib,MILP,train,3,warm,absent,1,300.0,,,,,,,,,,,,,,,,model_not_in_checkout
bench02-2026-10-01,2026-10-01,/tmp/opencode/bench02-build/markov-cero-solve,36284e66e5584958d7cb57eb0fe7e1d080534835c9c01d1adcb5d4aca3336bc1,data/miplib/sp98ar.mps,miplib,MILP,train,3,warm,absent,1,300.0,,,,,,,,,,,,,,,,model_not_in_checkout
bench02-2026-10-01,2026-10-01,/tmp/opencode/bench02-build/markov-cero-solve,36284e66e5584958d7cb57eb0fe7e1d080534835c9c01d1adcb5d4aca3336bc1,data/miplib/stein15.mps,miplib,MILP,train,3,warm,ok,1,300.0,2364.535,2356.114125,Optimal,true,tree_replayed,9,9,0,169,34320,8248,9.0,0.0,pass,0.000000e+00,stderr=markov-cero 0.5.2 Optimal [MILP -> milp] VERIFIED proof: tier=independent_tree status=accepted budget_exhausted=false nodes=241 witness_values=23709 build_ms=412.73695300000003 replay_ms=2.96761799999
bench02-2026-10-01,2026-10-01,/tmp/opencode/bench02-build/markov-cero-solve,36284e66e5584958d7cb57eb0fe7e1d080534835c9c01d1adcb5d4aca3336bc1,data/miplib/stein9.mps,miplib,MILP,train,3,warm,ok,1,300.0,45.749,42.610625,Optimal,true,tree_replayed,5,5,0,13,976,6412,5.0,0.0,pass,0.000000e+00,stderr=markov-cero 0.5.2 Optimal [MILP -> milp] VERIFIED proof: tier=independent_tree status=accepted budget_exhausted=false nodes=33 witness_values=1413 build_ms=12.140848 replay_ms=0.18466199999999999
bench02-2026-10-01,2026-10-01,/tmp/opencode/bench02-build/markov-cero-solve,36284e66e5584958d7cb57eb0fe7e1d080534835c9c01d1adcb5d4aca3336bc1,data/miplib/supportcase26.mps,miplib,MILP,train,3,warm,absent,1,300.0,,,,,,,,,,,,,,,,model_not_in_checkout
bench02-2026-10-01,2026-10-01,/tmp/opencode/bench02-build/markov-cero-solve,36284e66e5584958d7cb57eb0fe7e1d080534835c9c01d1adcb5d4aca3336bc1,data/miplib/mas74.mps,miplib,MILP,train,3,warm,ok,1,300.0,300007.934,300003.000047,ResourceLimit,false,unverified,0,10887.980208666411,0.9999999891120198,5036,3831409,13076,11801.18572,11801.18572,not_checked,no primal vector in result,exit_code=5; stderr=markov-cero 0.5.2 ResourceLimit [MILP -> milp] NOT VERIFIED proof: tier=unverified status=not_requested budget_exhausted=false nodes=0 witness_values=0 build_ms=0 replay_ms=0
bench02-2026-10-01,2026-10-01,/tmp/opencode/bench02-build/markov-cero-solve,36284e66e5584958d7cb57eb0fe7e1d080534835c9c01d1adcb5d4aca3336bc1,data/miplib/tr12-30.mps,miplib,MILP,train,3,warm,absent,1,300.0,,,,,,,,,,,,,,,,model_not_in_checkout
bench02-2026-10-01,2026-10-01,/tmp/opencode/bench02-build/markov-cero-solve,36284e66e5584958d7cb57eb0fe7e1d080534835c9c01d1adcb5d4aca3336bc1,data/miplib/traininstance6.mps,miplib,MILP,train,3,warm,absent,1,300.0,,,,,,,,,,,,,,,,model_not_in_checkout
bench02-2026-10-01,2026-10-01,/tmp/opencode/bench02-build/markov-cero-solve,36284e66e5584958d7cb57eb0fe7e1d080534835c9c01d1adcb5d4aca3336bc1,data/miplib/trento1.mps,miplib,MILP,train,3,warm,absent,1,300.0,,,,,,,,,,,,,,,,model_not_in_checkout
bench02-2026-10-01,2026-10-01,/tmp/opencode/bench02-build/markov-cero-solve,36284e66e5584958d7cb57eb0fe7e1d080534835c9c01d1adcb5d4aca3336bc1,data/miplib/wachplan.mps,miplib,MILP,train,3,warm,absent,1,300.0,,,,,,,,,,,,,,,,model_not_in_checkout
bench02-2026-10-01,2026-10-01,/tmp/opencode/bench02-build/markov-cero-solve,36284e66e5584958d7cb57eb0fe7e1d080534835c9c01d1adcb5d4aca3336bc1,data/mittelmann/30n20b8.mps,mittelmann,MILP,train,3,warm,absent,1,300.0,,,,,,,,,,,,,,,,model_not_in_checkout
bench02-2026-10-01,2026-10-01,/tmp/opencode/bench02-build/markov-cero-solve,36284e66e5584958d7cb57eb0fe7e1d080534835c9c01d1adcb5d4aca3336bc1,data/mittelmann/bienst2.mps,mittelmann,MILP,train,3,warm,absent,1,300.0,,,,,,,,,,,,,,,,model_not_in_checkout
bench02-2026-10-01,2026-10-01,/tmp/opencode/bench02-build/markov-cero-solve,36284e66e5584958d7cb57eb0fe7e1d080534835c9c01d1adcb5d4aca3336bc1,data/mittelmann/fome12.mps,mittelmann,MILP,train,3,warm,absent,1,300.0,,,,,,,,,,,,,,,,model_not_in_checkout
bench02-2026-10-01,2026-10-01,/tmp/opencode/bench02-build/markov-cero-solve,36284e66e5584958d7cb57eb0fe7e1d080534835c9c01d1adcb5d4aca3336bc1,data/mittelmann/fome13.mps,mittelmann,MILP,train,3,warm,absent,1,300.0,,,,,,,,,,,,,,,,model_not_in_checkout
bench02-2026-10-01,2026-10-01,/tmp/opencode/bench02-build/markov-cero-solve,36284e66e5584958d7cb57eb0fe7e1d080534835c9c01d1adcb5d4aca3336bc1,data/miplib/neos-2657525-crna.mps,miplib,MILP,train,3,warm,ok,1,300.0,300004.586,300002.068694,ResourceLimit,false,unverified,0,0,,232,287619,15892,1.810748,1.810748,not_checked,no primal vector in result,exit_code=5; stderr=markov-cero 0.5.2 ResourceLimit [MILP -> milp] NOT VERIFIED proof: tier=unverified status=not_requested budget_exhausted=false nodes=0 witness_values=0 build_ms=0 replay_ms=0
bench02-2026-10-01,2026-10-01,/tmp/opencode/bench02-build/markov-cero-solve,36284e66e5584958d7cb57eb0fe7e1d080534835c9c01d1adcb5d4aca3336bc1,data/mittelmann/mkc1.mps,mittelmann,MILP,train,3,warm,absent,1,300.0,,,,,,,,,,,,,,,,model_not_in_checkout
bench02-2026-10-01,2026-10-01,/tmp/opencode/bench02-build/markov-cero-solve,36284e66e5584958d7cb57eb0fe7e1d080534835c9c01d1adcb5d4aca3336bc1,data/mittelmann/pds-20.mps,mittelmann,MILP,train,3,warm,absent,1,300.0,,,,,,,,,,,,,,,,model_not_in_checkout
bench02-2026-10-01,2026-10-01,/tmp/opencode/bench02-build/markov-cero-solve,36284e66e5584958d7cb57eb0fe7e1d080534835c9c01d1adcb5d4aca3336bc1,data/mittelmann/qap15.mps,mittelmann,MILP,train,3,warm,absent,1,300.0,,,,,,,,,,,,,,,,model_not_in_checkout
bench02-2026-10-01,2026-10-01,/tmp/opencode/bench02-build/markov-cero-solve,36284e66e5584958d7cb57eb0fe7e1d080534835c9c01d1adcb5d4aca3336bc1,data/mittelmann/rail507.mps,mittelmann,MILP,train,3,warm,absent,1,300.0,,,,,,,,,,,,,,,,model_not_in_checkout
bench02-2026-10-01,2026-10-01,/tmp/opencode/bench02-build/markov-cero-solve,36284e66e5584958d7cb57eb0fe7e1d080534835c9c01d1adcb5d4aca3336bc1,data/miplib/neos-3046615-murg.mps,miplib,MILP,train,3,warm,ok,1,300.0,300500.204,300497.930981,ResourceLimit,false,unverified,0,216,,180,164134,12464,1600.0,1600.0,not_checked,no primal vector in result,exit_code=5; stderr=markov-cero 0.5.2 ResourceLimit [MILP -> milp] NOT VERIFIED proof: tier=unverified status=not_requested budget_exhausted=false nodes=0 witness_values=0 build_ms=0 replay_ms=0
bench02-2026-10-01,2026-10-01,/tmp/opencode/bench02-build/markov-cero-solve,36284e66e5584958d7cb57eb0fe7e1d080534835c9c01d1adcb5d4aca3336bc1,data/netlib/25fv47.mps,netlib,LP,train,3,warm,absent,1,60.0,,,,,,,,,,,,,,,,model_not_in_checkout
bench02-2026-10-01,2026-10-01,/tmp/opencode/bench02-build/markov-cero-solve,36284e66e5584958d7cb57eb0fe7e1d080534835c9c01d1adcb5d4aca3336bc1,data/netlib/adlittle.mps,netlib,LP,train,3,warm,ok,1,60.0,25.185,23.030136,Optimal,true,optimality_witness_checked,225494.9631623804,225494.9631623804,0,1,625,5416,225494.96316238,3.7834979593753815e-10,pass,9.094947e-13,stderr=markov-cero 0.5.2 Optimal [LP -> primal] VERIFIED
bench02-2026-10-01,2026-10-01,/tmp/opencode/bench02-build/markov-cero-solve,36284e66e5584958d7cb57eb0fe7e1d080534835c9c01d1adcb5d4aca3336bc1,data/netlib/afiro.mps,netlib,LP,train,3,warm,ok,1,60.0,3.515,1.375572,Optimal,true,optimality_witness_checked,-464.75314285714285,-464.75314285714285,0,1,55,5532,-464.753142857143,1.7053025658242404e-13,pass,4.263256e-14,stderr=markov-cero 0.5.2 Optimal [LP -> primal] VERIFIED
bench02-2026-10-01,2026-10-01,/tmp/opencode/bench02-build/markov-cero-solve,36284e66e5584958d7cb57eb0fe7e1d080534835c9c01d1adcb5d4aca3336bc1,data/netlib/agg.mps,netlib,LP,train,3,warm,absent,1,60.0,,,,,,,,,,,,,,,,model_not_in_checkout
bench02-2026-10-01,2026-10-01,/tmp/opencode/bench02-build/markov-cero-solve,36284e66e5584958d7cb57eb0fe7e1d080534835c9c01d1adcb5d4aca3336bc1,data/netlib/agg2.mps,netlib,LP,train,3,warm,absent,1,60.0,,,,,,,,,,,,,,,,model_not_in_checkout
bench02-2026-10-01,2026-10-01,/tmp/opencode/bench02-build/markov-cero-solve,36284e66e5584958d7cb57eb0fe7e1d080534835c9c01d1adcb5d4aca3336bc1,data/netlib/agg3.mps,netlib,LP,train,3,warm,absent,1,60.0,,,,,,,,,,,,,,,,model_not_in_checkout
bench02-2026-10-01,2026-10-01,/tmp/opencode/bench02-build/markov-cero-solve,36284e66e5584958d7cb57eb0fe7e1d080534835c9c01d1adcb5d4aca3336bc1,data/netlib/blend.mps,netlib,LP,train,3,warm,ok,1,60.0,50.282,47.658195,Optimal,true,optimality_witness_checked,-30.812149845828245,-30.812149845828245,0,1,547,5968,,,pass,2.842171e-14,stderr=markov-cero 0.5.2 Optimal [LP -> primal] VERIFIED
bench02-2026-10-01,2026-10-01,/tmp/opencode/bench02-build/markov-cero-solve,36284e66e5584958d7cb57eb0fe7e1d080534835c9c01d1adcb5d4aca3336bc1,data/netlib/bnl1.mps,netlib,LP,train,3,warm,absent,1,60.0,,,,,,,,,,,,,,,,model_not_in_checkout
bench02-2026-10-01,2026-10-01,/tmp/opencode/bench02-build/markov-cero-solve,36284e66e5584958d7cb57eb0fe7e1d080534835c9c01d1adcb5d4aca3336bc1,data/netlib/boeing1.mps,netlib,LP,train,3,warm,absent,1,60.0,,,,,,,,,,,,,,,,model_not_in_checkout
bench02-2026-10-01,2026-10-01,/tmp/opencode/bench02-build/markov-cero-solve,36284e66e5584958d7cb57eb0fe7e1d080534835c9c01d1adcb5d4aca3336bc1,data/netlib/cycle.mps,netlib,LP,train,3,warm,absent,1,60.0,,,,,,,,,,,,,,,,model_not_in_checkout
bench02-2026-10-01,2026-10-01,/tmp/opencode/bench02-build/markov-cero-solve,36284e66e5584958d7cb57eb0fe7e1d080534835c9c01d1adcb5d4aca3336bc1,data/netlib/czprob.mps,netlib,LP,train,3,warm,absent,1,60.0,,,,,,,,,,,,,,,,model_not_in_checkout
bench02-2026-10-01,2026-10-01,/tmp/opencode/bench02-build/markov-cero-solve,36284e66e5584958d7cb57eb0fe7e1d080534835c9c01d1adcb5d4aca3336bc1,data/netlib/d2q06c.mps,netlib,LP,train,3,warm,absent,1,60.0,,,,,,,,,,,,,,,,model_not_in_checkout
bench02-2026-10-01,2026-10-01,/tmp/opencode/bench02-build/markov-cero-solve,36284e66e5584958d7cb57eb0fe7e1d080534835c9c01d1adcb5d4aca3336bc1,data/netlib/d6cube.mps,netlib,LP,train,3,warm,absent,1,60.0,,,,,,,,,,,,,,,,model_not_in_checkout
bench02-2026-10-01,2026-10-01,/tmp/opencode/bench02-build/markov-cero-solve,36284e66e5584958d7cb57eb0fe7e1d080534835c9c01d1adcb5d4aca3336bc1,data/netlib/degen2.mps,netlib,LP,train,3,warm,absent,1,60.0,,,,,,,,,,,,,,,,model_not_in_checkout
bench02-2026-10-01,2026-10-01,/tmp/opencode/bench02-build/markov-cero-solve,36284e66e5584958d7cb57eb0fe7e1d080534835c9c01d1adcb5d4aca3336bc1,data/netlib/degen3.mps,netlib,LP,train,3,warm,absent,1,60.0,,,,,,,,,,,,,,,,model_not_in_checkout
bench02-2026-10-01,2026-10-01,/tmp/opencode/bench02-build/markov-cero-solve,36284e66e5584958d7cb57eb0fe7e1d080534835c9c01d1adcb5d4aca3336bc1,data/netlib/dfl001.mps,netlib,LP,train,3,warm,absent,1,60.0,,,,,,,,,,,,,,,,model_not_in_checkout
bench02-2026-10-01,2026-10-01,/tmp/opencode/bench02-build/markov-cero-solve,36284e66e5584958d7cb57eb0fe7e1d080534835c9c01d1adcb5d4aca3336bc1,data/netlib/fffff800.mps,netlib,LP,train,3,warm,absent,1,60.0,,,,,,,,,,,,,,,,model_not_in_checkout
bench02-2026-10-01,2026-10-01,/tmp/opencode/bench02-build/markov-cero-solve,36284e66e5584958d7cb57eb0fe7e1d080534835c9c01d1adcb5d4aca3336bc1,data/netlib/finnis.mps,netlib,LP,train,3,warm,absent,1,60.0,,,,,,,,,,,,,,,,model_not_in_checkout
bench02-2026-10-01,2026-10-01,/tmp/opencode/bench02-build/markov-cero-solve,36284e66e5584958d7cb57eb0fe7e1d080534835c9c01d1adcb5d4aca3336bc1,data/netlib/fit1d.mps,netlib,LP,train,3,warm,absent,1,60.0,,,,,,,,,,,,,,,,model_not_in_checkout
bench02-2026-10-01,2026-10-01,/tmp/opencode/bench02-build/markov-cero-solve,36284e66e5584958d7cb57eb0fe7e1d080534835c9c01d1adcb5d4aca3336bc1,data/netlib/fit1p.mps,netlib,LP,train,3,warm,absent,1,60.0,,,,,,,,,,,,,,,,model_not_in_checkout
bench02-2026-10-01,2026-10-01,/tmp/opencode/bench02-build/markov-cero-solve,36284e66e5584958d7cb57eb0fe7e1d080534835c9c01d1adcb5d4aca3336bc1,data/netlib/fit2d.mps,netlib,LP,train,3,warm,absent,1,60.0,,,,,,,,,,,,,,,,model_not_in_checkout
bench02-2026-10-01,2026-10-01,/tmp/opencode/bench02-build/markov-cero-solve,36284e66e5584958d7cb57eb0fe7e1d080534835c9c01d1adcb5d4aca3336bc1,data/netlib/greenbea.mps,netlib,LP,train,3,warm,absent,1,60.0,,,,,,,,,,,,,,,,model_not_in_checkout
bench02-2026-10-01,2026-10-01,/tmp/opencode/bench02-build/markov-cero-solve,36284e66e5584958d7cb57eb0fe7e1d080534835c9c01d1adcb5d4aca3336bc1,data/netlib/grow15.mps,netlib,LP,train,3,warm,absent,1,60.0,,,,,,,,,,,,,,,,model_not_in_checkout
bench02-2026-10-01,2026-10-01,/tmp/opencode/bench02-build/markov-cero-solve,36284e66e5584958d7cb57eb0fe7e1d080534835c9c01d1adcb5d4aca3336bc1,data/netlib/grow22.mps,netlib,LP,train,3,warm,absent,1,60.0,,,,,,,,,,,,,,,,model_not_in_checkout
bench02-2026-10-01,2026-10-01,/tmp/opencode/bench02-build/markov-cero-solve,36284e66e5584958d7cb57eb0fe7e1d080534835c9c01d1adcb5d4aca3336bc1,data/netlib/grow7.mps,netlib,LP,train,3,warm,ok,1,60.0,4638.014,4635.643008,IterationLimit,false,unverified,0,,,0,10000,7744,,,not_checked,no primal vector in result,exit_code=6; stderr=markov-cero 0.5.2 IterationLimit [LP -> primal] NOT VERIFIED
bench02-2026-10-01,2026-10-01,/tmp/opencode/bench02-build/markov-cero-solve,36284e66e5584958d7cb57eb0fe7e1d080534835c9c01d1adcb5d4aca3336bc1,data/netlib/lotfi.mps,netlib,LP,train,3,warm,ok,1,60.0,114.368,111.322555,Optimal,true,optimality_witness_checked,-25.26470606188001,-25.26470606188001,0,1,1166,6428,,,pass,9.313226e-10,stderr=markov-cero 0.5.2 Optimal [LP -> primal] VERIFIED
bench02-2026-10-01,2026-10-01,/tmp/opencode/bench02-build/markov-cero-solve,36284e66e5584958d7cb57eb0fe7e1d080534835c9c01d1adcb5d4aca3336bc1,data/netlib/maros-r7.mps,netlib,LP,train,3,warm,absent,1,60.0,,,,,,,,,,,,,,,,model_not_in_checkout
bench02-2026-10-01,2026-10-01,/tmp/opencode/bench02-build/markov-cero-solve,36284e66e5584958d7cb57eb0fe7e1d080534835c9c01d1adcb5d4aca3336bc1,data/netlib/modszk1.mps,netlib,LP,train,3,warm,absent,1,60.0,,,,,,,,,,,,,,,,model_not_in_checkout
bench02-2026-10-01,2026-10-01,/tmp/opencode/bench02-build/markov-cero-solve,36284e66e5584958d7cb57eb0fe7e1d080534835c9c01d1adcb5d4aca3336bc1,data/netlib/nesm.mps,netlib,LP,train,3,warm,absent,1,60.0,,,,,,,,,,,,,,,,model_not_in_checkout
bench02-2026-10-01,2026-10-01,/tmp/opencode/bench02-build/markov-cero-solve,36284e66e5584958d7cb57eb0fe7e1d080534835c9c01d1adcb5d4aca3336bc1,data/netlib/perold.mps,netlib,LP,train,3,warm,absent,1,60.0,,,,,,,,,,,,,,,,model_not_in_checkout
bench02-2026-10-01,2026-10-01,/tmp/opencode/bench02-build/markov-cero-solve,36284e66e5584958d7cb57eb0fe7e1d080534835c9c01d1adcb5d4aca3336bc1,data/netlib/pilot.ja.mps,netlib,LP,train,3,warm,absent,1,60.0,,,,,,,,,,,,,,,,model_not_in_checkout
bench02-2026-10-01,2026-10-01,/tmp/opencode/bench02-build/markov-cero-solve,36284e66e5584958d7cb57eb0fe7e1d080534835c9c01d1adcb5d4aca3336bc1,data/netlib/pilot.mps,netlib,LP,train,3,warm,absent,1,60.0,,,,,,,,,,,,,,,,model_not_in_checkout
bench02-2026-10-01,2026-10-01,/tmp/opencode/bench02-build/markov-cero-solve,36284e66e5584958d7cb57eb0fe7e1d080534835c9c01d1adcb5d4aca3336bc1,data/netlib/pilot4.mps,netlib,LP,train,3,warm,absent,1,60.0,,,,,,,,,,,,,,,,model_not_in_checkout
bench02-2026-10-01,2026-10-01,/tmp/opencode/bench02-build/markov-cero-solve,36284e66e5584958d7cb57eb0fe7e1d080534835c9c01d1adcb5d4aca3336bc1,data/netlib/pilot87.mps,netlib,LP,train,3,warm,absent,1,60.0,,,,,,,,,,,,,,,,model_not_in_checkout
bench02-2026-10-01,2026-10-01,/tmp/opencode/bench02-build/markov-cero-solve,36284e66e5584958d7cb57eb0fe7e1d080534835c9c01d1adcb5d4aca3336bc1,data/netlib/pilotnov.mps,netlib,LP,train,3,warm,absent,1,60.0,,,,,,,,,,,,,,,,model_not_in_checkout
bench02-2026-10-01,2026-10-01,/tmp/opencode/bench02-build/markov-cero-solve,36284e66e5584958d7cb57eb0fe7e1d080534835c9c01d1adcb5d4aca3336bc1,data/netlib/qap12.mps,netlib,LP,train,3,warm,absent,1,60.0,,,,,,,,,,,,,,,,model_not_in_checkout
bench02-2026-10-01,2026-10-01,/tmp/opencode/bench02-build/markov-cero-solve,36284e66e5584958d7cb57eb0fe7e1d080534835c9c01d1adcb5d4aca3336bc1,data/netlib/qap15.mps,netlib,LP,train,3,warm,absent,1,60.0,,,,,,,,,,,,,,,,model_not_in_checkout
bench02-2026-10-01,2026-10-01,/tmp/opencode/bench02-build/markov-cero-solve,36284e66e5584958d7cb57eb0fe7e1d080534835c9c01d1adcb5d4aca3336bc1,data/netlib/qap8.mps,netlib,LP,train,3,warm,absent,1,60.0,,,,,,,,,,,,,,,,model_not_in_checkout
bench02-2026-10-01,2026-10-01,/tmp/opencode/bench02-build/markov-cero-solve,36284e66e5584958d7cb57eb0fe7e1d080534835c9c01d1adcb5d4aca3336bc1,data/netlib/recipe.mps,netlib,LP,train,3,warm,ok,1,60.0,13.883,11.456157,Optimal,true,optimality_witness_checked,-266.616,-266.616,0,1,211,5688,-266.616,0.0,pass,0.000000e+00,stderr=markov-cero 0.5.2 Optimal [LP -> primal] VERIFIED
bench02-2026-10-01,2026-10-01,/tmp/opencode/bench02-build/markov-cero-solve,36284e66e5584958d7cb57eb0fe7e1d080534835c9c01d1adcb5d4aca3336bc1,data/netlib/sc105.mps,netlib,LP,train,3,warm,ok,1,60.0,23.184,20.653942,Optimal,true,optimality_witness_checked,-52.20206121170726,-52.20206121170726,0,1,256,5376,-52.202061211707,2.6290081223123707e-13,pass,5.684342e-14,stderr=markov-cero 0.5.2 Optimal [LP -> primal] VERIFIED
bench02-2026-10-01,2026-10-01,/tmp/opencode/bench02-build/markov-cero-solve,36284e66e5584958d7cb57eb0fe7e1d080534835c9c01d1adcb5d4aca3336bc1,data/netlib/sc205.mps,netlib,LP,train,3,warm,ok,1,60.0,1510.332,1507.196852,Optimal,true,optimality_witness_checked,-52.20206121170727,-52.20206121170727,0,1,4417,6020,-52.202061211707,2.7000623958883807e-13,pass,1.136868e-13,stderr=markov-cero 0.5.2 Optimal [LP -> primal] VERIFIED
bench02-2026-10-01,2026-10-01,/tmp/opencode/bench02-build/markov-cero-solve,36284e66e5584958d7cb57eb0fe7e1d080534835c9c01d1adcb5d4aca3336bc1,data/netlib/sc50b.mps,netlib,LP,train,3,warm,ok,1,60.0,4.119,2.002641,Optimal,true,optimality_witness_checked,-70.00000000000001,-70.00000000000001,0,1,48,5676,-70.0,1.4210854715202004e-14,pass,5.684342e-14,stderr=markov-cero 0.5.2 Optimal [LP -> primal] VERIFIED
bench02-2026-10-01,2026-10-01,/tmp/opencode/bench02-build/markov-cero-solve,36284e66e5584958d7cb57eb0fe7e1d080534835c9c01d1adcb5d4aca3336bc1,data/netlib/scagr7.mps,netlib,LP,train,3,warm,ok,1,60.0,28.432,26.139112,Optimal,true,optimality_witness_checked,-2331389.8243309837,-2331389.8243309837,0,1,411,5544,-2331389.82433098,3.725290298461914e-09,pass,2.728484e-12,stderr=markov-cero 0.5.2 Optimal [LP -> primal] VERIFIED
bench02-2026-10-01,2026-10-01,/tmp/opencode/bench02-build/markov-cero-solve,36284e66e5584958d7cb57eb0fe7e1d080534835c9c01d1adcb5d4aca3336bc1,data/netlib/scfxm1.mps,netlib,LP,train,3,warm,ok,1,60.0,748.207,744.95102,Optimal,true,optimality_witness_checked,18416.75902834893,18416.75902834893,0,1,127,8732,,,pass,1.091394e-11,stderr=markov-cero 0.5.2 Optimal [LP -> primal] VERIFIED
bench02-2026-10-01,2026-10-01,/tmp/opencode/bench02-build/markov-cero-solve,36284e66e5584958d7cb57eb0fe7e1d080534835c9c01d1adcb5d4aca3336bc1,data/netlib/scfxm2.mps,netlib,LP,train,3,warm,absent,1,60.0,,,,,,,,,,,,,,,,model_not_in_checkout
bench02-2026-10-01,2026-10-01,/tmp/opencode/bench02-build/markov-cero-solve,36284e66e5584958d7cb57eb0fe7e1d080534835c9c01d1adcb5d4aca3336bc1,data/netlib/scfxm3.mps,netlib,LP,train,3,warm,absent,1,60.0,,,,,,,,,,,,,,,,model_not_in_checkout
bench02-2026-10-01,2026-10-01,/tmp/opencode/bench02-build/markov-cero-solve,36284e66e5584958d7cb57eb0fe7e1d080534835c9c01d1adcb5d4aca3336bc1,data/netlib/scorpion.mps,netlib,LP,train,3,warm,ok,1,60.0,182.064,178.959013,Optimal,true,optimality_witness_checked,1878.1248227381068,1878.1248227381068,0,1,487,6688,1878.1248227381,6.821210263296962e-12,pass,9.992007e-16,stderr=markov-cero 0.5.2 Optimal [LP -> primal] VERIFIED
bench02-2026-10-01,2026-10-01,/tmp/opencode/bench02-build/markov-cero-solve,36284e66e5584958d7cb57eb0fe7e1d080534835c9c01d1adcb5d4aca3336bc1,data/netlib/scrs8.mps,netlib,LP,train,3,warm,absent,1,60.0,,,,,,,,,,,,,,,,model_not_in_checkout
bench02-2026-10-01,2026-10-01,/tmp/opencode/bench02-build/markov-cero-solve,36284e66e5584958d7cb57eb0fe7e1d080534835c9c01d1adcb5d4aca3336bc1,data/netlib/scsd6.mps,netlib,LP,train,3,warm,ok,1,60.0,175.784,172.541563,NumericalFailure,false,unverified,50.50013320878034,,,0,0,8208,,,pass,1.186821e-10,exit_code=7; stderr=markov-cero 0.5.2 NumericalFailure [LP -> primal] NOT VERIFIED numerical_diagnostic: primal_residual=1.18682064176312e-10 dual_residual=0 complementarity_gap=0.00014605328332558884 condition_estimate=
bench02-2026-10-01,2026-10-01,/tmp/opencode/bench02-build/markov-cero-solve,36284e66e5584958d7cb57eb0fe7e1d080534835c9c01d1adcb5d4aca3336bc1,data/netlib/scsd8.mps,netlib,LP,train,3,warm,absent,1,60.0,,,,,,,,,,,,,,,,model_not_in_checkout
bench02-2026-10-01,2026-10-01,/tmp/opencode/bench02-build/markov-cero-solve,36284e66e5584958d7cb57eb0fe7e1d080534835c9c01d1adcb5d4aca3336bc1,data/netlib/sctap3.mps,netlib,LP,train,3,warm,absent,1,60.0,,,,,,,,,,,,,,,,model_not_in_checkout
bench02-2026-10-01,2026-10-01,/tmp/opencode/bench02-build/markov-cero-solve,36284e66e5584958d7cb57eb0fe7e1d080534835c9c01d1adcb5d4aca3336bc1,data/netlib/seba.mps,netlib,LP,train,3,warm,absent,1,60.0,,,,,,,,,,,,,,,,model_not_in_checkout
bench02-2026-10-01,2026-10-01,/tmp/opencode/bench02-build/markov-cero-solve,36284e66e5584958d7cb57eb0fe7e1d080534835c9c01d1adcb5d4aca3336bc1,data/netlib/ship04l.mps,netlib,LP,train,3,warm,absent,1,60.0,,,,,,,,,,,,,,,,model_not_in_checkout
bench02-2026-10-01,2026-10-01,/tmp/opencode/bench02-build/markov-cero-solve,36284e66e5584958d7cb57eb0fe7e1d080534835c9c01d1adcb5d4aca3336bc1,data/netlib/ship08l.mps,netlib,LP,train,3,warm,absent,1,60.0,,,,,,,,,,,,,,,,model_not_in_checkout
bench02-2026-10-01,2026-10-01,/tmp/opencode/bench02-build/markov-cero-solve,36284e66e5584958d7cb57eb0fe7e1d080534835c9c01d1adcb5d4aca3336bc1,data/netlib/ship08s.mps,netlib,LP,train,3,warm,absent,1,60.0,,,,,,,,,,,,,,,,model_not_in_checkout
bench02-2026-10-01,2026-10-01,/tmp/opencode/bench02-build/markov-cero-solve,36284e66e5584958d7cb57eb0fe7e1d080534835c9c01d1adcb5d4aca3336bc1,data/netlib/ship12l.mps,netlib,LP,train,3,warm,absent,1,60.0,,,,,,,,,,,,,,,,model_not_in_checkout
bench02-2026-10-01,2026-10-01,/tmp/opencode/bench02-build/markov-cero-solve,36284e66e5584958d7cb57eb0fe7e1d080534835c9c01d1adcb5d4aca3336bc1,data/netlib/sierra.mps,netlib,LP,train,3,warm,absent,1,60.0,,,,,,,,,,,,,,,,model_not_in_checkout
bench02-2026-10-01,2026-10-01,/tmp/opencode/bench02-build/markov-cero-solve,36284e66e5584958d7cb57eb0fe7e1d080534835c9c01d1adcb5d4aca3336bc1,data/netlib/standgub.mps,netlib,LP,train,3,warm,absent,1,60.0,,,,,,,,,,,,,,,,model_not_in_checkout
bench02-2026-10-01,2026-10-01,/tmp/opencode/bench02-build/markov-cero-solve,36284e66e5584958d7cb57eb0fe7e1d080534835c9c01d1adcb5d4aca3336bc1,data/netlib/standmps.mps,netlib,LP,train,3,warm,absent,1,60.0,,,,,,,,,,,,,,,,model_not_in_checkout
bench02-2026-10-01,2026-10-01,/tmp/opencode/bench02-build/markov-cero-solve,36284e66e5584958d7cb57eb0fe7e1d080534835c9c01d1adcb5d4aca3336bc1,data/netlib/wood1p.mps,netlib,LP,train,3,warm,absent,1,60.0,,,,,,,,,,,,,,,,model_not_in_checkout
bench02-2026-10-01,2026-10-01,/tmp/opencode/bench02-build/markov-cero-solve,36284e66e5584958d7cb57eb0fe7e1d080534835c9c01d1adcb5d4aca3336bc1,data/netlib/woodw.mps,netlib,LP,train,3,warm,absent,1,60.0,,,,,,,,,,,,,,,,model_not_in_checkout
bench02-2026-10-01,2026-10-01,/tmp/opencode/bench02-build/markov-cero-solve,36284e66e5584958d7cb57eb0fe7e1d080534835c9c01d1adcb5d4aca3336bc1,data/qp/QPLIB_0001.mps,qplib,QP,train,3,warm,ok,1,60.0,2.526,0.188863,Optimal,true,optimality_witness_checked,-3.499999999991098,,,1,17,472,,,pass,0.000000e+00,stderr=markov-cero 0.5.2 Optimal [QP -> qp] VERIFIED
bench02-2026-10-01,2026-10-01,/tmp/opencode/bench02-build/markov-cero-solve,36284e66e5584958d7cb57eb0fe7e1d080534835c9c01d1adcb5d4aca3336bc1,data/qp/QPLIB_0002.mps,qplib,QP,train,3,warm,ok,1,60.0,2.39,0.227708,Optimal,true,optimality_witness_checked,-2.10714709820743,,,1,23,100,,,pass,0.000000e+00,stderr=markov-cero 0.5.2 Optimal [QP -> qp] VERIFIED
bench02-2026-10-01,2026-10-01,/tmp/opencode/bench02-build/markov-cero-solve,36284e66e5584958d7cb57eb0fe7e1d080534835c9c01d1adcb5d4aca3336bc1,data/qp/QPLIB_0010.mps,qplib,QP,train,3,warm,ok,1,60.0,2.836,0.379051,Optimal,true,optimality_witness_checked,-0.10334179412050311,,,1,27,172,,,fail,1.280096e-06,stderr=markov-cero 0.5.2 Optimal [QP -> qp] VERIFIED; harness_feasibility_failure_solver_reported_verified
bench02-2026-10-01,2026-10-01,/tmp/opencode/bench02-build/markov-cero-solve,36284e66e5584958d7cb57eb0fe7e1d080534835c9c01d1adcb5d4aca3336bc1,data/qp/QPLIB_0025.mps,qplib,QP,train,3,warm,ok,1,60.0,2.98,0.319529,Optimal,true,optimality_witness_checked,2681.000000219597,,,1,49,24,,,pass,3.124709e-07,stderr=markov-cero 0.5.2 Optimal [QP -> qp] VERIFIED
bench02-2026-10-01,2026-10-01,/tmp/opencode/bench02-build/markov-cero-solve,36284e66e5584958d7cb57eb0fe7e1d080534835c9c01d1adcb5d4aca3336bc1,data/qp/QPLIB_8515.mps,qplib,QP,train,3,warm,absent,1,60.0,,,,,,,,,,,,,,,,model_not_in_checkout
bench02-2026-10-01,2026-10-01,/tmp/opencode/bench02-build/markov-cero-solve,36284e66e5584958d7cb57eb0fe7e1d080534835c9c01d1adcb5d4aca3336bc1,data/qp/QPLIB_8559.mps,qplib,QP,train,3,warm,absent,1,60.0,,,,,,,,,,,,,,,,model_not_in_checkout
bench02-2026-10-01,2026-10-01,/tmp/opencode/bench02-build/markov-cero-solve,36284e66e5584958d7cb57eb0fe7e1d080534835c9c01d1adcb5d4aca3336bc1,data/qp/QPLIB_8567.mps,qplib,QP,train,3,warm,absent,1,60.0,,,,,,,,,,,,,,,,model_not_in_checkout
bench02-2026-10-01,2026-10-01,/tmp/opencode/bench02-build/markov-cero-solve,36284e66e5584958d7cb57eb0fe7e1d080534835c9c01d1adcb5d4aca3336bc1,data/qp/QPLIB_8602.mps,qplib,QP,train,3,warm,absent,1,60.0,,,,,,,,,,,,,,,,model_not_in_checkout
bench02-2026-10-01,2026-10-01,/tmp/opencode/bench02-build/markov-cero-solve,36284e66e5584958d7cb57eb0fe7e1d080534835c9c01d1adcb5d4aca3336bc1,data/qp/QPLIB_8616.mps,qplib,QP,train,3,warm,absent,1,60.0,,,,,,,,,,,,,,,,model_not_in_checkout
bench02-2026-10-01,2026-10-01,/tmp/opencode/bench02-build/markov-cero-solve,36284e66e5584958d7cb57eb0fe7e1d080534835c9c01d1adcb5d4aca3336bc1,data/qp/QPLIB_8785.mps,qplib,QP,train,3,warm,absent,1,60.0,,,,,,,,,,,,,,,,model_not_in_checkout
bench02-2026-10-01,2026-10-01,/tmp/opencode/bench02-build/markov-cero-solve,36284e66e5584958d7cb57eb0fe7e1d080534835c9c01d1adcb5d4aca3336bc1,data/qp/QPLIB_8790.mps,qplib,QP,train,3,warm,absent,1,60.0,,,,,,,,,,,,,,,,model_not_in_checkout
bench02-2026-10-01,2026-10-01,/tmp/opencode/bench02-build/markov-cero-solve,36284e66e5584958d7cb57eb0fe7e1d080534835c9c01d1adcb5d4aca3336bc1,data/qp/QPLIB_8792.mps,qplib,QP,train,3,warm,absent,1,60.0,,,,,,,,,,,,,,,,model_not_in_checkout
bench02-2026-10-01,2026-10-01,/tmp/opencode/bench02-build/markov-cero-solve,36284e66e5584958d7cb57eb0fe7e1d080534835c9c01d1adcb5d4aca3336bc1,data/qp/QPLIB_8845.mps,qplib,QP,train,3,warm,absent,1,60.0,,,,,,,,,,,,,,,,model_not_in_checkout
bench02-2026-10-01,2026-10-01,/tmp/opencode/bench02-build/markov-cero-solve,36284e66e5584958d7cb57eb0fe7e1d080534835c9c01d1adcb5d4aca3336bc1,data/qp/QPLIB_8938.mps,qplib,QP,train,3,warm,absent,1,60.0,,,,,,,,,,,,,,,,model_not_in_checkout
bench02-2026-10-01,2026-10-01,/tmp/opencode/bench02-build/markov-cero-solve,36284e66e5584958d7cb57eb0fe7e1d080534835c9c01d1adcb5d4aca3336bc1,data/qp/QPLIB_8991.mps,qplib,QP,train,3,warm,absent,1,60.0,,,,,,,,,,,,,,,,model_not_in_checkout
bench02-2026-10-01,2026-10-01,/tmp/opencode/bench02-build/markov-cero-solve,36284e66e5584958d7cb57eb0fe7e1d080534835c9c01d1adcb5d4aca3336bc1,data/miplib/timtab1.mps,miplib,MILP,train,3,warm,ok,1,300.0,300003.497,300001.323471,ResourceLimit,false,unverified,0,142533.33333343998,,1290,1029761,10680,764771.99999978,764771.99999978,not_checked,no primal vector in result,exit_code=5; stderr=markov-cero 0.5.2 ResourceLimit [MILP -> milp] NOT VERIFIED proof: tier=unverified status=not_requested budget_exhausted=false nodes=0 witness_values=0 build_ms=0 replay_ms=0
bench02-2026-10-01,2026-10-01,/tmp/opencode/bench02-build/markov-cero-solve,36284e66e5584958d7cb57eb0fe7e1d080534835c9c01d1adcb5d4aca3336bc1,data/mittelmann/markshare_5_0.mps,mittelmann,MILP,train,3,warm,ok,1,300.0,300092.246,300077.312155,ResourceLimit,false,unverified,0,0,1,16437,3306226,209468,,,not_checked,no primal vector in result,exit_code=5; stderr=markov-cero 0.5.2 ResourceLimit [MILP -> milp] NOT VERIFIED proof: tier=unverified status=not_requested budget_exhausted=false nodes=0 witness_values=0 build_ms=0 replay_ms=0
bench02-2026-10-01,2026-10-01,/tmp/opencode/bench02-build/markov-cero-solve,36284e66e5584958d7cb57eb0fe7e1d080534835c9c01d1adcb5d4aca3336bc1,data/mittelmann/ran14x18_1.mps,mittelmann,MILP,train,3,warm,ok,1,300.0,300003.284,300000.830636,ResourceLimit,false,unverified,0,3146.5426675663516,0.23683175659317204,1248,1254878,12120,,,not_checked,no primal vector in result,exit_code=5; stderr=markov-cero 0.5.2 ResourceLimit [MILP -> milp] NOT VERIFIED proof: tier=unverified status=not_requested budget_exhausted=false nodes=0 witness_values=0 build_ms=0 replay_ms=0
bench02-2026-10-01,2026-10-01,/tmp/opencode/bench02-build/markov-cero-solve,36284e66e5584958d7cb57eb0fe7e1d080534835c9c01d1adcb5d4aca3336bc1,data/miplib/b1c1s1.mps,miplib,MILP,holdout,4,warm,absent,1,300.0,,,,,,,,,,,,,,,,model_not_in_checkout
bench02-2026-10-01,2026-10-01,/tmp/opencode/bench02-build/markov-cero-solve,36284e66e5584958d7cb57eb0fe7e1d080534835c9c01d1adcb5d4aca3336bc1,data/miplib/fastxgemm-n2r6s0t2.mps,miplib,MILP,holdout,4,warm,absent,1,300.0,,,,,,,,,,,,,,,,model_not_in_checkout
bench02-2026-10-01,2026-10-01,/tmp/opencode/bench02-build/markov-cero-solve,36284e66e5584958d7cb57eb0fe7e1d080534835c9c01d1adcb5d4aca3336bc1,data/miplib/gmu-35-50.mps,miplib,MILP,holdout,4,warm,absent,1,300.0,,,,,,,,,,,,,,,,model_not_in_checkout
bench02-2026-10-01,2026-10-01,/tmp/opencode/bench02-build/markov-cero-solve,36284e66e5584958d7cb57eb0fe7e1d080534835c9c01d1adcb5d4aca3336bc1,data/miplib/graphdraw-domain.mps,miplib,MILP,holdout,4,warm,absent,1,300.0,,,,,,,,,,,,,,,,model_not_in_checkout
bench02-2026-10-01,2026-10-01,/tmp/opencode/bench02-build/markov-cero-solve,36284e66e5584958d7cb57eb0fe7e1d080534835c9c01d1adcb5d4aca3336bc1,data/miplib/lotsize.mps,miplib,MILP,holdout,4,warm,absent,1,300.0,,,,,,,,,,,,,,,,model_not_in_checkout
bench02-2026-10-01,2026-10-01,/tmp/opencode/bench02-build/markov-cero-solve,36284e66e5584958d7cb57eb0fe7e1d080534835c9c01d1adcb5d4aca3336bc1,data/miplib/neos-1171448.mps,miplib,MILP,holdout,4,warm,absent,1,300.0,,,,,,,,,,,,,,,,model_not_in_checkout
bench02-2026-10-01,2026-10-01,/tmp/opencode/bench02-build/markov-cero-solve,36284e66e5584958d7cb57eb0fe7e1d080534835c9c01d1adcb5d4aca3336bc1,data/cases/capitanescu_dc_opf.mps,cases,MILP,holdout,4,warm,ok,1,300.0,2.018,0.358016,Optimal,true,optimality_witness_checked,-1.5594466918172984e-06,,,1,177,1696,,,fail,7.503556e-06,stderr=markov-cero 0.5.2 Optimal [QP -> qp] VERIFIED; harness_feasibility_failure_solver_reported_verified
bench02-2026-10-01,2026-10-01,/tmp/opencode/bench02-build/markov-cero-solve,36284e66e5584958d7cb57eb0fe7e1d080534835c9c01d1adcb5d4aca3336bc1,data/miplib/neos-4954672-berkel.mps,miplib,MILP,holdout,4,warm,absent,1,300.0,,,,,,,,,,,,,,,,model_not_in_checkout
bench02-2026-10-01,2026-10-01,/tmp/opencode/bench02-build/markov-cero-solve,36284e66e5584958d7cb57eb0fe7e1d080534835c9c01d1adcb5d4aca3336bc1,data/miplib/neos-5107597-kakapo.mps,miplib,MILP,holdout,4,warm,absent,1,300.0,,,,,,,,,,,,,,,,model_not_in_checkout
bench02-2026-10-01,2026-10-01,/tmp/opencode/bench02-build/markov-cero-solve,36284e66e5584958d7cb57eb0fe7e1d080534835c9c01d1adcb5d4aca3336bc1,data/miplib/rococoC10-001000.mps,miplib,MILP,holdout,4,warm,absent,1,300.0,,,,,,,,,,,,,,,,model_not_in_checkout
bench02-2026-10-01,2026-10-01,/tmp/opencode/bench02-build/markov-cero-solve,36284e66e5584958d7cb57eb0fe7e1d080534835c9c01d1adcb5d4aca3336bc1,data/miplib/supportcase18.mps,miplib,MILP,holdout,4,warm,absent,1,300.0,,,,,,,,,,,,,,,,model_not_in_checkout
bench02-2026-10-01,2026-10-01,/tmp/opencode/bench02-build/markov-cero-solve,36284e66e5584958d7cb57eb0fe7e1d080534835c9c01d1adcb5d4aca3336bc1,data/miplib/swath1.mps,miplib,MILP,holdout,4,warm,absent,1,300.0,,,,,,,,,,,,,,,,model_not_in_checkout
bench02-2026-10-01,2026-10-01,/tmp/opencode/bench02-build/markov-cero-solve,36284e66e5584958d7cb57eb0fe7e1d080534835c9c01d1adcb5d4aca3336bc1,data/miplib/traininstance2.mps,miplib,MILP,holdout,4,warm,absent,1,300.0,,,,,,,,,,,,,,,,model_not_in_checkout
bench02-2026-10-01,2026-10-01,/tmp/opencode/bench02-build/markov-cero-solve,36284e66e5584958d7cb57eb0fe7e1d080534835c9c01d1adcb5d4aca3336bc1,data/mittelmann/air05.mps,mittelmann,MILP,holdout,4,warm,absent,1,300.0,,,,,,,,,,,,,,,,model_not_in_checkout
bench02-2026-10-01,2026-10-01,/tmp/opencode/bench02-build/markov-cero-solve,36284e66e5584958d7cb57eb0fe7e1d080534835c9c01d1adcb5d4aca3336bc1,data/mittelmann/bienst1.mps,mittelmann,MILP,holdout,4,warm,absent,1,300.0,,,,,,,,,,,,,,,,model_not_in_checkout
bench02-2026-10-01,2026-10-01,/tmp/opencode/bench02-build/markov-cero-solve,36284e66e5584958d7cb57eb0fe7e1d080534835c9c01d1adcb5d4aca3336bc1,data/mittelmann/rail516.mps,mittelmann,MILP,holdout,4,warm,absent,1,300.0,,,,,,,,,,,,,,,,model_not_in_checkout
bench02-2026-10-01,2026-10-01,/tmp/opencode/bench02-build/markov-cero-solve,36284e66e5584958d7cb57eb0fe7e1d080534835c9c01d1adcb5d4aca3336bc1,data/mittelmann/rail582.mps,mittelmann,MILP,holdout,4,warm,absent,1,300.0,,,,,,,,,,,,,,,,model_not_in_checkout
bench02-2026-10-01,2026-10-01,/tmp/opencode/bench02-build/markov-cero-solve,36284e66e5584958d7cb57eb0fe7e1d080534835c9c01d1adcb5d4aca3336bc1,data/cases/pochet_lot_sizing.mps,cases,MILP,holdout,4,warm,ok,1,300.0,6.283,4.466875,Optimal,true,tree_replayed,1050,1050,0,1,118,6008,,,pass,0.000000e+00,stderr=markov-cero 0.5.2 Optimal [MILP -> milp] VERIFIED proof: tier=independent_tree status=accepted budget_exhausted=false nodes=1 witness_values=240 build_ms=1.8358939999999999 replay_ms=0.083895999999999
bench02-2026-10-01,2026-10-01,/tmp/opencode/bench02-build/markov-cero-solve,36284e66e5584958d7cb57eb0fe7e1d080534835c9c01d1adcb5d4aca3336bc1,data/netlib/bore3d.mps,netlib,LP,holdout,4,warm,ok,1,60.0,223.294,221.728469,NumericalFailure,false,unverified,1373.0804138468477,,,0,319,7240,,,not_checked,primal and variable_names differ in length,exit_code=7; stderr=markov-cero 0.5.2 NumericalFailure [LP -> primal] NOT VERIFIED numerical_diagnostic: primal_residual=4.3338091466345384e-09 dual_residual=4.8783501746014274e-11 complementarity_gap=0.00185362991938647
bench02-2026-10-01,2026-10-01,/tmp/opencode/bench02-build/markov-cero-solve,36284e66e5584958d7cb57eb0fe7e1d080534835c9c01d1adcb5d4aca3336bc1,data/netlib/brandy.mps,netlib,LP,holdout,4,warm,ok,1,60.0,843.543,840.820007,Optimal,true,optimality_witness_checked,1518.509896488128,1518.509896488128,0,1,612,7792,,,pass,6.821210e-13,stderr=markov-cero 0.5.2 Optimal [LP -> primal] VERIFIED
bench02-2026-10-01,2026-10-01,/tmp/opencode/bench02-build/markov-cero-solve,36284e66e5584958d7cb57eb0fe7e1d080534835c9c01d1adcb5d4aca3336bc1,data/netlib/e226.mps,netlib,LP,holdout,4,warm,ok,1,60.0,758.631,756.741077,NumericalFailure,false,unverified,0,,,0,738,8044,,,not_checked,no primal vector in result,exit_code=7; stderr=markov-cero 0.5.2 NumericalFailure [LP -> primal] NOT VERIFIED numerical_diagnostic: primal_residual=0 dual_residual=0 complementarity_gap=0 condition_estimate=15670.592325447486 failure_site=primal_s
bench02-2026-10-01,2026-10-01,/tmp/opencode/bench02-build/markov-cero-solve,36284e66e5584958d7cb57eb0fe7e1d080534835c9c01d1adcb5d4aca3336bc1,data/netlib/greenbeb.mps,netlib,LP,holdout,4,warm,absent,1,60.0,,,,,,,,,,,,,,,,model_not_in_checkout
bench02-2026-10-01,2026-10-01,/tmp/opencode/bench02-build/markov-cero-solve,36284e66e5584958d7cb57eb0fe7e1d080534835c9c01d1adcb5d4aca3336bc1,data/netlib/pilot.we.mps,netlib,LP,holdout,4,warm,absent,1,60.0,,,,,,,,,,,,,,,,model_not_in_checkout
bench02-2026-10-01,2026-10-01,/tmp/opencode/bench02-build/markov-cero-solve,36284e66e5584958d7cb57eb0fe7e1d080534835c9c01d1adcb5d4aca3336bc1,data/netlib/sc50a.mps,netlib,LP,holdout,4,warm,ok,1,60.0,3.754,2.068783,Optimal,true,optimality_witness_checked,-64.57507705856453,-64.57507705856453,0,1,54,5132,-64.575077058564,5.258016244624741e-13,pass,2.842171e-14,stderr=markov-cero 0.5.2 Optimal [LP -> primal] VERIFIED
bench02-2026-10-01,2026-10-01,/tmp/opencode/bench02-build/markov-cero-solve,36284e66e5584958d7cb57eb0fe7e1d080534835c9c01d1adcb5d4aca3336bc1,data/netlib/scagr25.mps,netlib,LP,holdout,4,warm,ok,1,60.0,1174.127,1171.295308,Optimal,true,optimality_witness_checked,-14753433.06076852,-14753433.06076852,0,1,3204,6932,,,pass,1.818989e-12,stderr=markov-cero 0.5.2 Optimal [LP -> primal] VERIFIED
bench02-2026-10-01,2026-10-01,/tmp/opencode/bench02-build/markov-cero-solve,36284e66e5584958d7cb57eb0fe7e1d080534835c9c01d1adcb5d4aca3336bc1,data/netlib/sctap2.mps,netlib,LP,holdout,4,warm,absent,1,60.0,,,,,,,,,,,,,,,,model_not_in_checkout
bench02-2026-10-01,2026-10-01,/tmp/opencode/bench02-build/markov-cero-solve,36284e66e5584958d7cb57eb0fe7e1d080534835c9c01d1adcb5d4aca3336bc1,data/netlib/share1b.mps,netlib,LP,holdout,4,warm,ok,1,60.0,109.091,106.151317,Optimal,true,optimality_witness_checked,-76589.31857918539,-76589.31857918539,0,1,1266,5756,-76589.3185791855,1.1641532182693481e-10,pass,5.067908e-10,stderr=markov-cero 0.5.2 Optimal [LP -> primal] VERIFIED
bench02-2026-10-01,2026-10-01,/tmp/opencode/bench02-build/markov-cero-solve,36284e66e5584958d7cb57eb0fe7e1d080534835c9c01d1adcb5d4aca3336bc1,data/netlib/share2b.mps,netlib,LP,holdout,4,warm,ok,1,60.0,30.465,28.057934,Optimal,true,optimality_witness_checked,-415.7322407414181,-415.7322407414181,0,1,473,5832,-415.732240741418,5.684341886080802e-14,pass,9.094947e-13,stderr=markov-cero 0.5.2 Optimal [LP -> primal] VERIFIED
bench02-2026-10-01,2026-10-01,/tmp/opencode/bench02-build/markov-cero-solve,36284e66e5584958d7cb57eb0fe7e1d080534835c9c01d1adcb5d4aca3336bc1,data/netlib/shell.mps,netlib,LP,holdout,4,warm,absent,1,60.0,,,,,,,,,,,,,,,,model_not_in_checkout
bench02-2026-10-01,2026-10-01,/tmp/opencode/bench02-build/markov-cero-solve,36284e66e5584958d7cb57eb0fe7e1d080534835c9c01d1adcb5d4aca3336bc1,data/netlib/stair.mps,netlib,LP,holdout,4,warm,absent,1,60.0,,,,,,,,,,,,,,,,model_not_in_checkout
bench02-2026-10-01,2026-10-01,/tmp/opencode/bench02-build/markov-cero-solve,36284e66e5584958d7cb57eb0fe7e1d080534835c9c01d1adcb5d4aca3336bc1,data/netlib/stocfor1.mps,netlib,LP,holdout,4,warm,ok,1,60.0,33.324,30.901555,Optimal,true,optimality_witness_checked,-41131.97621943642,-41131.97621943642,0,1,432,5420,,,pass,2.728484e-12,stderr=markov-cero 0.5.2 Optimal [LP -> primal] VERIFIED
bench02-2026-10-01,2026-10-01,/tmp/opencode/bench02-build/markov-cero-solve,36284e66e5584958d7cb57eb0fe7e1d080534835c9c01d1adcb5d4aca3336bc1,data/netlib/stocfor3.mps,netlib,LP,holdout,4,warm,absent,1,60.0,,,,,,,,,,,,,,,,model_not_in_checkout
bench02-2026-10-01,2026-10-01,/tmp/opencode/bench02-build/markov-cero-solve,36284e66e5584958d7cb57eb0fe7e1d080534835c9c01d1adcb5d4aca3336bc1,data/netlib/tuff.mps,netlib,LP,holdout,4,warm,absent,1,60.0,,,,,,,,,,,,,,,,model_not_in_checkout
bench02-2026-10-01,2026-10-01,/tmp/opencode/bench02-build/markov-cero-solve,36284e66e5584958d7cb57eb0fe7e1d080534835c9c01d1adcb5d4aca3336bc1,data/qp/QPLIB_8495.mps,qplib,QP,holdout,4,warm,absent,1,60.0,,,,,,,,,,,,,,,,model_not_in_checkout
bench02-2026-10-01,2026-10-01,/tmp/opencode/bench02-build/markov-cero-solve,36284e66e5584958d7cb57eb0fe7e1d080534835c9c01d1adcb5d4aca3336bc1,data/qp/QPLIB_8906.mps,qplib,QP,holdout,4,warm,absent,1,60.0,,,,,,,,,,,,,,,,model_not_in_checkout
bench02-2026-10-01,2026-10-01,/tmp/opencode/bench02-build/markov-cero-solve,36284e66e5584958d7cb57eb0fe7e1d080534835c9c01d1adcb5d4aca3336bc1,data/miplib/neos-3754480-nidda.mps,miplib,MILP,holdout,4,warm,ok,1,300.0,2459.195,2457.254839,NumericalFailure,false,unverified,0,,,1,794,8084,12939.7540104743,12939.7540104743,not_checked,no primal vector in result,exit_code=7; stderr=markov-cero 0.5.2 NumericalFailure [MILP -> milp] NOT VERIFIED proof: tier=unverified status=not_requested budget_exhausted=false nodes=0 witness_values=0 build_ms=0 replay_ms=0 numerical_diagnostic: 
bench02-2026-10-01,2026-10-01,/tmp/opencode/bench02-build/markov-cero-solve,36284e66e5584958d7cb57eb0fe7e1d080534835c9c01d1adcb5d4aca3336bc1,data/miplib/CMS750_4.mps,miplib,MILP,tune,4,warm,absent,1,300.0,,,,,,,,,,,,,,,,model_not_in_checkout
bench02-2026-10-01,2026-10-01,/tmp/opencode/bench02-build/markov-cero-solve,36284e66e5584958d7cb57eb0fe7e1d080534835c9c01d1adcb5d4aca3336bc1,data/miplib/beasleyC3.mps,miplib,MILP,tune,4,warm,absent,1,300.0,,,,,,,,,,,,,,,,model_not_in_checkout
bench02-2026-10-01,2026-10-01,/tmp/opencode/bench02-build/markov-cero-solve,36284e66e5584958d7cb57eb0fe7e1d080534835c9c01d1adcb5d4aca3336bc1,data/miplib/bnatt400.mps,miplib,MILP,tune,4,warm,absent,1,300.0,,,,,,,,,,,,,,,,model_not_in_checkout
bench02-2026-10-01,2026-10-01,/tmp/opencode/bench02-build/markov-cero-solve,36284e66e5584958d7cb57eb0fe7e1d080534835c9c01d1adcb5d4aca3336bc1,data/miplib/bppc4-08.mps,miplib,MILP,tune,4,warm,absent,1,300.0,,,,,,,,,,,,,,,,model_not_in_checkout
bench02-2026-10-01,2026-10-01,/tmp/opencode/bench02-build/markov-cero-solve,36284e66e5584958d7cb57eb0fe7e1d080534835c9c01d1adcb5d4aca3336bc1,data/miplib/cvs16r128-89.mps,miplib,MILP,tune,4,warm,absent,1,300.0,,,,,,,,,,,,,,,,model_not_in_checkout
bench02-2026-10-01,2026-10-01,/tmp/opencode/bench02-build/markov-cero-solve,36284e66e5584958d7cb57eb0fe7e1d080534835c9c01d1adcb5d4aca3336bc1,data/miplib/dano3_5.mps,miplib,MILP,tune,4,warm,absent,1,300.0,,,,,,,,,,,,,,,,model_not_in_checkout
bench02-2026-10-01,2026-10-01,/tmp/opencode/bench02-build/markov-cero-solve,36284e66e5584958d7cb57eb0fe7e1d080534835c9c01d1adcb5d4aca3336bc1,data/miplib/graph20-20-1rand.mps,miplib,MILP,tune,4,warm,absent,1,300.0,,,,,,,,,,,,,,,,model_not_in_checkout
bench02-2026-10-01,2026-10-01,/tmp/opencode/bench02-build/markov-cero-solve,36284e66e5584958d7cb57eb0fe7e1d080534835c9c01d1adcb5d4aca3336bc1,data/miplib/istanbul-no-cutoff.mps,miplib,MILP,tune,4,warm,absent,1,300.0,,,,,,,,,,,,,,,,model_not_in_checkout
bench02-2026-10-01,2026-10-01,/tmp/opencode/bench02-build/markov-cero-solve,36284e66e5584958d7cb57eb0fe7e1d080534835c9c01d1adcb5d4aca3336bc1,data/netlib/etamacro.mps,netlib,LP,holdout,4,warm,ok,1,60.0,2763.344,2760.547196,NumericalFailure,false,unverified,-755.7143090291331,,,0,1378,12212,,,not_checked,primal and variable_names differ in length,exit_code=7; stderr=markov-cero 0.5.2 NumericalFailure [LP -> primal] NOT VERIFIED numerical_diagnostic: primal_residual=5.5644022722844966e-10 dual_residual=2.0621525320674294e-16 complementarity_gap=0.00214953078166371
bench02-2026-10-01,2026-10-01,/tmp/opencode/bench02-build/markov-cero-solve,36284e66e5584958d7cb57eb0fe7e1d080534835c9c01d1adcb5d4aca3336bc1,data/miplib/mcsched.mps,miplib,MILP,tune,4,warm,absent,1,300.0,,,,,,,,,,,,,,,,model_not_in_checkout
bench02-2026-10-01,2026-10-01,/tmp/opencode/bench02-build/markov-cero-solve,36284e66e5584958d7cb57eb0fe7e1d080534835c9c01d1adcb5d4aca3336bc1,data/miplib/mik-250-20-75-4.mps,miplib,MILP,tune,4,warm,absent,1,300.0,,,,,,,,,,,,,,,,model_not_in_checkout
bench02-2026-10-01,2026-10-01,/tmp/opencode/bench02-build/markov-cero-solve,36284e66e5584958d7cb57eb0fe7e1d080534835c9c01d1adcb5d4aca3336bc1,data/miplib/neos-1354092.mps,miplib,MILP,tune,4,warm,absent,1,300.0,,,,,,,,,,,,,,,,model_not_in_checkout
bench02-2026-10-01,2026-10-01,/tmp/opencode/bench02-build/markov-cero-solve,36284e66e5584958d7cb57eb0fe7e1d080534835c9c01d1adcb5d4aca3336bc1,data/miplib/neos-3381206-awhea.mps,miplib,MILP,tune,4,warm,absent,1,300.0,,,,,,,,,,,,,,,,model_not_in_checkout
bench02-2026-10-01,2026-10-01,/tmp/opencode/bench02-build/markov-cero-solve,36284e66e5584958d7cb57eb0fe7e1d080534835c9c01d1adcb5d4aca3336bc1,data/miplib/neos17.mps,miplib,MILP,tune,4,warm,absent,1,300.0,,,,,,,,,,,,,,,,model_not_in_checkout
bench02-2026-10-01,2026-10-01,/tmp/opencode/bench02-build/markov-cero-solve,36284e66e5584958d7cb57eb0fe7e1d080534835c9c01d1adcb5d4aca3336bc1,data/cases/refinery_scheduling_large.mps,cases,MILP,tune,4,warm,ok,1,300.0,3388.118,3383.702993,Optimal,true,tree_replayed,-65416.9,-65416.9,0,1,2616,7868,,,pass,2.842171e-14,stderr=markov-cero 0.5.2 Optimal [MILP -> milp] VERIFIED proof: tier=independent_tree status=accepted budget_exhausted=false nodes=1 witness_values=2100 build_ms=1674.0233370000001 replay_ms=0.97713099999999
bench02-2026-10-01,2026-10-01,/tmp/opencode/bench02-build/markov-cero-solve,36284e66e5584958d7cb57eb0fe7e1d080534835c9c01d1adcb5d4aca3336bc1,data/miplib/enlight_hard.mps,miplib,MILP,holdout,4,warm,ok,1,300.0,300011.37,300006.537895,ResourceLimit,false,unverified,0,19,,5345,3270363,63800,37.0,37.0,not_checked,no primal vector in result,exit_code=5; stderr=markov-cero 0.5.2 ResourceLimit [MILP -> milp] NOT VERIFIED proof: tier=unverified status=not_requested budget_exhausted=false nodes=0 witness_values=0 build_ms=0 replay_ms=0
bench02-2026-10-01,2026-10-01,/tmp/opencode/bench02-build/markov-cero-solve,36284e66e5584958d7cb57eb0fe7e1d080534835c9c01d1adcb5d4aca3336bc1,data/miplib/sp97ar.mps,miplib,MILP,tune,4,warm,absent,1,300.0,,,,,,,,,,,,,,,,model_not_in_checkout
bench02-2026-10-01,2026-10-01,/tmp/opencode/bench02-build/markov-cero-solve,36284e66e5584958d7cb57eb0fe7e1d080534835c9c01d1adcb5d4aca3336bc1,data/miplib/uct-subprob.mps,miplib,MILP,tune,4,warm,absent,1,300.0,,,,,,,,,,,,,,,,model_not_in_checkout
bench02-2026-10-01,2026-10-01,/tmp/opencode/bench02-build/markov-cero-solve,36284e66e5584958d7cb57eb0fe7e1d080534835c9c01d1adcb5d4aca3336bc1,data/mittelmann/50v-10.mps,mittelmann,MILP,tune,4,warm,absent,1,300.0,,,,,,,,,,,,,,,,model_not_in_checkout
bench02-2026-10-01,2026-10-01,/tmp/opencode/bench02-build/markov-cero-solve,36284e66e5584958d7cb57eb0fe7e1d080534835c9c01d1adcb5d4aca3336bc1,data/mittelmann/app1-1.mps,mittelmann,MILP,tune,4,warm,absent,1,300.0,,,,,,,,,,,,,,,,model_not_in_checkout
bench02-2026-10-01,2026-10-01,/tmp/opencode/bench02-build/markov-cero-solve,36284e66e5584958d7cb57eb0fe7e1d080534835c9c01d1adcb5d4aca3336bc1,data/mittelmann/fome11.mps,mittelmann,MILP,tune,4,warm,absent,1,300.0,,,,,,,,,,,,,,,,model_not_in_checkout
bench02-2026-10-01,2026-10-01,/tmp/opencode/bench02-build/markov-cero-solve,36284e66e5584958d7cb57eb0fe7e1d080534835c9c01d1adcb5d4aca3336bc1,data/miplib/mas76.mps,miplib,MILP,tune,4,warm,ok,1,300.0,300006.685,300002.795606,ResourceLimit,false,unverified,0,39300.63946604564,0.9999999606993605,6888,4363066,16156,40005.05398999999,40005.05398999999,not_checked,no primal vector in result,exit_code=5; stderr=markov-cero 0.5.2 ResourceLimit [MILP -> milp] NOT VERIFIED proof: tier=unverified status=not_requested budget_exhausted=false nodes=0 witness_values=0 build_ms=0 replay_ms=0
bench02-2026-10-01,2026-10-01,/tmp/opencode/bench02-build/markov-cero-solve,36284e66e5584958d7cb57eb0fe7e1d080534835c9c01d1adcb5d4aca3336bc1,data/mittelmann/nug08-3rd.mps,mittelmann,MILP,tune,4,warm,absent,1,300.0,,,,,,,,,,,,,,,,model_not_in_checkout
bench02-2026-10-01,2026-10-01,/tmp/opencode/bench02-build/markov-cero-solve,36284e66e5584958d7cb57eb0fe7e1d080534835c9c01d1adcb5d4aca3336bc1,data/mittelmann/nug20.mps,mittelmann,MILP,tune,4,warm,absent,1,300.0,,,,,,,,,,,,,,,,model_not_in_checkout
bench02-2026-10-01,2026-10-01,/tmp/opencode/bench02-build/markov-cero-solve,36284e66e5584958d7cb57eb0fe7e1d080534835c9c01d1adcb5d4aca3336bc1,data/netlib/80bau3b.mps,netlib,LP,tune,4,warm,absent,1,60.0,,,,,,,,,,,,,,,,model_not_in_checkout
bench02-2026-10-01,2026-10-01,/tmp/opencode/bench02-build/markov-cero-solve,36284e66e5584958d7cb57eb0fe7e1d080534835c9c01d1adcb5d4aca3336bc1,data/netlib/bandm.mps,netlib,LP,tune,4,warm,ok,1,60.0,346.083,343.123258,Optimal,true,optimality_witness_checked,-158.6280184501206,-158.6280184501206,0,1,2105,6512,,,pass,1.936229e-13,stderr=markov-cero 0.5.2 Optimal [LP -> primal] VERIFIED
bench02-2026-10-01,2026-10-01,/tmp/opencode/bench02-build/markov-cero-solve,36284e66e5584958d7cb57eb0fe7e1d080534835c9c01d1adcb5d4aca3336bc1,data/netlib/beaconfd.mps,netlib,LP,tune,4,warm,ok,1,60.0,20.28,17.731733,Optimal,true,optimality_witness_checked,33592.485807200006,33592.485807200006,0,1,244,6304,33592.4858072,7.275957614183426e-12,pass,3.259615e-11,stderr=markov-cero 0.5.2 Optimal [LP -> primal] VERIFIED
bench02-2026-10-01,2026-10-01,/tmp/opencode/bench02-build/markov-cero-solve,36284e66e5584958d7cb57eb0fe7e1d080534835c9c01d1adcb5d4aca3336bc1,data/netlib/bnl2.mps,netlib,LP,tune,4,warm,absent,1,60.0,,,,,,,,,,,,,,,,model_not_in_checkout
bench02-2026-10-01,2026-10-01,/tmp/opencode/bench02-build/markov-cero-solve,36284e66e5584958d7cb57eb0fe7e1d080534835c9c01d1adcb5d4aca3336bc1,data/netlib/boeing2.mps,netlib,LP,tune,4,warm,ok,1,60.0,165.612,163.166238,Optimal,true,optimality_witness_checked,-315.0187280152029,-315.0187280152029,0,1,1254,5844,,,pass,1.421085e-14,stderr=markov-cero 0.5.2 Optimal [LP -> primal] VERIFIED
bench02-2026-10-01,2026-10-01,/tmp/opencode/bench02-build/markov-cero-solve,36284e66e5584958d7cb57eb0fe7e1d080534835c9c01d1adcb5d4aca3336bc1,data/netlib/capri.mps,netlib,LP,tune,4,warm,ok,1,60.0,390.68,387.590015,Optimal,true,optimality_witness_checked,2690.012913768161,2690.012913768161,0,1,1281,6892,,,pass,8.590906e-13,stderr=markov-cero 0.5.2 Optimal [LP -> primal] VERIFIED
bench02-2026-10-01,2026-10-01,/tmp/opencode/bench02-build/markov-cero-solve,36284e66e5584958d7cb57eb0fe7e1d080534835c9c01d1adcb5d4aca3336bc1,data/netlib/fit2p.mps,netlib,LP,tune,4,warm,absent,1,60.0,,,,,,,,,,,,,,,,model_not_in_checkout
bench02-2026-10-01,2026-10-01,/tmp/opencode/bench02-build/markov-cero-solve,36284e66e5584958d7cb57eb0fe7e1d080534835c9c01d1adcb5d4aca3336bc1,data/netlib/forplan.mps,netlib,LP,tune,4,warm,absent,1,60.0,,,,,,,,,,,,,,,,model_not_in_checkout
bench02-2026-10-01,2026-10-01,/tmp/opencode/bench02-build/markov-cero-solve,36284e66e5584958d7cb57eb0fe7e1d080534835c9c01d1adcb5d4aca3336bc1,data/netlib/ganges.mps,netlib,LP,tune,4,warm,absent,1,60.0,,,,,,,,,,,,,,,,model_not_in_checkout
bench02-2026-10-01,2026-10-01,/tmp/opencode/bench02-build/markov-cero-solve,36284e66e5584958d7cb57eb0fe7e1d080534835c9c01d1adcb5d4aca3336bc1,data/netlib/gfrd-pnc.mps,netlib,LP,tune,4,warm,absent,1,60.0,,,,,,,,,,,,,,,,model_not_in_checkout
bench02-2026-10-01,2026-10-01,/tmp/opencode/bench02-build/markov-cero-solve,36284e66e5584958d7cb57eb0fe7e1d080534835c9c01d1adcb5d4aca3336bc1,data/miplib/pk1.mps,miplib,MILP,tune,4,warm,ok,1,300.0,300004.502,300002.152739,ResourceLimit,false,unverified,0,2.4067894398369583,0.9797748786568323,5467,3742365,12728,11.0,11.0,not_checked,no primal vector in result,exit_code=5; stderr=markov-cero 0.5.2 ResourceLimit [MILP -> milp] NOT VERIFIED proof: tier=unverified status=not_requested budget_exhausted=false nodes=0 witness_values=0 build_ms=0 replay_ms=0
bench02-2026-10-01,2026-10-01,/tmp/opencode/bench02-build/markov-cero-solve,36284e66e5584958d7cb57eb0fe7e1d080534835c9c01d1adcb5d4aca3336bc1,data/netlib/kb2.mps,netlib,LP,tune,4,warm,ok,1,60.0,10.349,8.361067,Optimal,true,optimality_witness_checked,-1749.9001299062056,-1749.9001299062056,0,1,176,5208,,,pass,1.364242e-12,stderr=markov-cero 0.5.2 Optimal [LP -> primal] VERIFIED
bench02-2026-10-01,2026-10-01,/tmp/opencode/bench02-build/markov-cero-solve,36284e66e5584958d7cb57eb0fe7e1d080534835c9c01d1adcb5d4aca3336bc1,data/netlib/maros.mps,netlib,LP,tune,4,warm,absent,1,60.0,,,,,,,,,,,,,,,,model_not_in_checkout
bench02-2026-10-01,2026-10-01,/tmp/opencode/bench02-build/markov-cero-solve,36284e66e5584958d7cb57eb0fe7e1d080534835c9c01d1adcb5d4aca3336bc1,data/netlib/scsd1.mps,netlib,LP,tune,4,warm,ok,1,60.0,22.262,19.878534,NumericalFailure,false,unverified,8.666680097560823,,,0,79,7328,,,pass,4.937994e-11,exit_code=7; stderr=markov-cero 0.5.2 NumericalFailure [LP -> primal] NOT VERIFIED numerical_diagnostic: primal_residual=4.93799445777654e-11 dual_residual=0 complementarity_gap=1.5090295139641614e-05 condition_estimate=
bench02-2026-10-01,2026-10-01,/tmp/opencode/bench02-build/markov-cero-solve,36284e66e5584958d7cb57eb0fe7e1d080534835c9c01d1adcb5d4aca3336bc1,data/netlib/sctap1.mps,netlib,LP,tune,4,warm,ok,1,60.0,176.434,173.459289,Optimal,true,optimality_witness_checked,1412.2500000000002,1412.2500000000002,0,1,1409,6528,,,pass,1.421085e-14,stderr=markov-cero 0.5.2 Optimal [LP -> primal] VERIFIED
bench02-2026-10-01,2026-10-01,/tmp/opencode/bench02-build/markov-cero-solve,36284e66e5584958d7cb57eb0fe7e1d080534835c9c01d1adcb5d4aca3336bc1,data/netlib/ship04s.mps,netlib,LP,tune,4,warm,absent,1,60.0,,,,,,,,,,,,,,,,model_not_in_checkout
bench02-2026-10-01,2026-10-01,/tmp/opencode/bench02-build/markov-cero-solve,36284e66e5584958d7cb57eb0fe7e1d080534835c9c01d1adcb5d4aca3336bc1,data/netlib/ship12s.mps,netlib,LP,tune,4,warm,absent,1,60.0,,,,,,,,,,,,,,,,model_not_in_checkout
bench02-2026-10-01,2026-10-01,/tmp/opencode/bench02-build/markov-cero-solve,36284e66e5584958d7cb57eb0fe7e1d080534835c9c01d1adcb5d4aca3336bc1,data/netlib/standata.mps,netlib,LP,tune,4,warm,absent,1,60.0,,,,,,,,,,,,,,,,model_not_in_checkout
bench02-2026-10-01,2026-10-01,/tmp/opencode/bench02-build/markov-cero-solve,36284e66e5584958d7cb57eb0fe7e1d080534835c9c01d1adcb5d4aca3336bc1,data/netlib/stocfor2.mps,netlib,LP,tune,4,warm,absent,1,60.0,,,,,,,,,,,,,,,,model_not_in_checkout
bench02-2026-10-01,2026-10-01,/tmp/opencode/bench02-build/markov-cero-solve,36284e66e5584958d7cb57eb0fe7e1d080534835c9c01d1adcb5d4aca3336bc1,data/netlib/truss.mps,netlib,LP,tune,4,warm,absent,1,60.0,,,,,,,,,,,,,,,,model_not_in_checkout
bench02-2026-10-01,2026-10-01,/tmp/opencode/bench02-build/markov-cero-solve,36284e66e5584958d7cb57eb0fe7e1d080534835c9c01d1adcb5d4aca3336bc1,data/netlib/vtpbase.mps,netlib,LP,tune,4,warm,ok,1,60.0,16.909,14.61257,Optimal,true,optimality_witness_checked,129831.46246136136,129831.46246136136,0,1,185,5688,,,pass,3.161915e-11,stderr=markov-cero 0.5.2 Optimal [LP -> primal] VERIFIED
bench02-2026-10-01,2026-10-01,/tmp/opencode/bench02-build/markov-cero-solve,36284e66e5584958d7cb57eb0fe7e1d080534835c9c01d1adcb5d4aca3336bc1,data/qp/QPLIB_9002.mps,qplib,QP,tune,4,warm,absent,1,60.0,,,,,,,,,,,,,,,,model_not_in_checkout
bench02-2026-10-01,2026-10-01,/tmp/opencode/bench02-build/markov-cero-solve,36284e66e5584958d7cb57eb0fe7e1d080534835c9c01d1adcb5d4aca3336bc1,data/netlib/israel.mps,netlib,LP,tune,4,warm,ok,1,60.0,533.389,531.066216,Optimal,true,optimality_witness_checked,-896644.8218630457,-896644.8218630457,0,1,987,6312,,,pass,1.855360e-11,stderr=markov-cero 0.5.2 Optimal [LP -> primal] VERIFIED
bench02-2026-10-01,2026-10-01,/tmp/opencode/bench02-build/markov-cero-solve,36284e66e5584958d7cb57eb0fe7e1d080534835c9c01d1adcb5d4aca3336bc1,data/cases/li_crude_blending.mps,cases,MILP,train,4,warm,ok,1,300.0,5.032,2.676557,Optimal,true,optimality_witness_checked,5760,5760,0,1,112,5452,,,pass,0.000000e+00,stderr=markov-cero 0.5.2 Optimal [LP -> primal] VERIFIED
bench02-2026-10-01,2026-10-01,/tmp/opencode/bench02-build/markov-cero-solve,36284e66e5584958d7cb57eb0fe7e1d080534835c9c01d1adcb5d4aca3336bc1,data/cases/neiro_refinery_scheduling.mps,cases,MILP,train,4,warm,ok,1,300.0,90.27,87.447346,Optimal,true,tree_replayed,-275030,-275030,0,3,767,6792,,,pass,0.000000e+00,stderr=markov-cero 0.5.2 Optimal [MILP -> milp] VERIFIED proof: tier=independent_tree status=accepted budget_exhausted=false nodes=17 witness_values=3694 build_ms=56.100453000000002 replay_ms=0.6823939999999
bench02-2026-10-01,2026-10-01,/tmp/opencode/bench02-build/markov-cero-solve,36284e66e5584958d7cb57eb0fe7e1d080534835c9c01d1adcb5d4aca3336bc1,data/cases/crude_blending_large.mps,cases,MILP,train,4,warm,ok,1,300.0,959.48,957.496032,IterationLimit,false,unverified,0,,,1,10000,6796,,,not_checked,no primal vector in result,exit_code=6; stderr=markov-cero 0.5.2 IterationLimit [QP -> qp] NOT VERIFIED
bench02-2026-10-01,2026-10-01,/tmp/opencode/bench02-build/markov-cero-solve,36284e66e5584958d7cb57eb0fe7e1d080534835c9c01d1adcb5d4aca3336bc1,data/cases/process_network_large.mps,cases,MILP,train,4,warm,ok,1,300.0,1355.435,1352.132358,Optimal,true,tree_replayed,6420.866666666667,6420.866666666667,0,1,1511,7536,,,pass,0.000000e+00,stderr=markov-cero 0.5.2 Optimal [MILP -> milp] VERIFIED proof: tier=independent_tree status=accepted budget_exhausted=false nodes=1 witness_values=1792 build_ms=691.754457 replay_ms=0.84460199999999996
bench02-2026-10-01,2026-10-01,/tmp/opencode/bench02-build/markov-cero-solve,36284e66e5584958d7cb57eb0fe7e1d080534835c9c01d1adcb5d4aca3336bc1,data/cases/shapiro_network_flow.mps,cases,MILP,train,4,warm,ok,1,300.0,3.459,1.362027,Optimal,true,optimality_witness_checked,1176,1176,0,1,68,5228,,,pass,0.000000e+00,stderr=markov-cero 0.5.2 Optimal [LP -> primal] VERIFIED
bench02-2026-10-01,2026-10-01,/tmp/opencode/bench02-build/markov-cero-solve,36284e66e5584958d7cb57eb0fe7e1d080534835c9c01d1adcb5d4aca3336bc1,data/miplib/sp150x300d.mps,miplib,MILP,tune,4,warm,ok,1,300.0,300003.427,300000.815483,ResourceLimit,false,unverified,0,6.920629714660545,0.9011338612191351,261,349587,21080,69.0,69.0,not_checked,no primal vector in result,exit_code=5; stderr=markov-cero 0.5.2 ResourceLimit [MILP -> milp] NOT VERIFIED proof: tier=unverified status=not_requested budget_exhausted=false nodes=0 witness_values=0 build_ms=0 replay_ms=0
bench02-2026-10-01,2026-10-01,/tmp/opencode/bench02-build/markov-cero-solve,36284e66e5584958d7cb57eb0fe7e1d080534835c9c01d1adcb5d4aca3336bc1,data/miplib/assign1-5-8.mps,miplib,MILP,train,4,warm,absent,1,300.0,,,,,,,,,,,,,,,,model_not_in_checkout
bench02-2026-10-01,2026-10-01,/tmp/opencode/bench02-build/markov-cero-solve,36284e66e5584958d7cb57eb0fe7e1d080534835c9c01d1adcb5d4aca3336bc1,data/miplib/binkar10_1.mps,miplib,MILP,train,4,warm,absent,1,300.0,,,,,,,,,,,,,,,,model_not_in_checkout
bench02-2026-10-01,2026-10-01,/tmp/opencode/bench02-build/markov-cero-solve,36284e66e5584958d7cb57eb0fe7e1d080534835c9c01d1adcb5d4aca3336bc1,data/miplib/blp-ar98.mps,miplib,MILP,train,4,warm,absent,1,300.0,,,,,,,,,,,,,,,,model_not_in_checkout
bench02-2026-10-01,2026-10-01,/tmp/opencode/bench02-build/markov-cero-solve,36284e66e5584958d7cb57eb0fe7e1d080534835c9c01d1adcb5d4aca3336bc1,data/miplib/blp-ic98.mps,miplib,MILP,train,4,warm,absent,1,300.0,,,,,,,,,,,,,,,,model_not_in_checkout
bench02-2026-10-01,2026-10-01,/tmp/opencode/bench02-build/markov-cero-solve,36284e66e5584958d7cb57eb0fe7e1d080534835c9c01d1adcb5d4aca3336bc1,data/miplib/cmflsp50-24-8-8.mps,miplib,MILP,train,4,warm,absent,1,300.0,,,,,,,,,,,,,,,,model_not_in_checkout
bench02-2026-10-01,2026-10-01,/tmp/opencode/bench02-build/markov-cero-solve,36284e66e5584958d7cb57eb0fe7e1d080534835c9c01d1adcb5d4aca3336bc1,data/miplib/cod105.mps,miplib,MILP,train,4,warm,absent,1,300.0,,,,,,,,,,,,,,,,model_not_in_checkout
bench02-2026-10-01,2026-10-01,/tmp/opencode/bench02-build/markov-cero-solve,36284e66e5584958d7cb57eb0fe7e1d080534835c9c01d1adcb5d4aca3336bc1,data/miplib/comp21-2idx.mps,miplib,MILP,train,4,warm,absent,1,300.0,,,,,,,,,,,,,,,,model_not_in_checkout
bench02-2026-10-01,2026-10-01,/tmp/opencode/bench02-build/markov-cero-solve,36284e66e5584958d7cb57eb0fe7e1d080534835c9c01d1adcb5d4aca3336bc1,data/miplib/cost266-UUE.mps,miplib,MILP,train,4,warm,absent,1,300.0,,,,,,,,,,,,,,,,model_not_in_checkout
bench02-2026-10-01,2026-10-01,/tmp/opencode/bench02-build/markov-cero-solve,36284e66e5584958d7cb57eb0fe7e1d080534835c9c01d1adcb5d4aca3336bc1,data/miplib/csched007.mps,miplib,MILP,train,4,warm,absent,1,300.0,,,,,,,,,,,,,,,,model_not_in_checkout
bench02-2026-10-01,2026-10-01,/tmp/opencode/bench02-build/markov-cero-solve,36284e66e5584958d7cb57eb0fe7e1d080534835c9c01d1adcb5d4aca3336bc1,data/miplib/csched008.mps,miplib,MILP,train,4,warm,absent,1,300.0,,,,,,,,,,,,,,,,model_not_in_checkout
bench02-2026-10-01,2026-10-01,/tmp/opencode/bench02-build/markov-cero-solve,36284e66e5584958d7cb57eb0fe7e1d080534835c9c01d1adcb5d4aca3336bc1,data/miplib/dano3_3.mps,miplib,MILP,train,4,warm,absent,1,300.0,,,,,,,,,,,,,,,,model_not_in_checkout
bench02-2026-10-01,2026-10-01,/tmp/opencode/bench02-build/markov-cero-solve,36284e66e5584958d7cb57eb0fe7e1d080534835c9c01d1adcb5d4aca3336bc1,data/miplib/decomp2.mps,miplib,MILP,train,4,warm,absent,1,300.0,,,,,,,,,,,,,,,,model_not_in_checkout
bench02-2026-10-01,2026-10-01,/tmp/opencode/bench02-build/markov-cero-solve,36284e66e5584958d7cb57eb0fe7e1d080534835c9c01d1adcb5d4aca3336bc1,data/miplib/drayage-100-23.mps,miplib,MILP,train,4,warm,absent,1,300.0,,,,,,,,,,,,,,,,model_not_in_checkout
bench02-2026-10-01,2026-10-01,/tmp/opencode/bench02-build/markov-cero-solve,36284e66e5584958d7cb57eb0fe7e1d080534835c9c01d1adcb5d4aca3336bc1,data/miplib/drayage-25-23.mps,miplib,MILP,train,4,warm,absent,1,300.0,,,,,,,,,,,,,,,,model_not_in_checkout
bench02-2026-10-01,2026-10-01,/tmp/opencode/bench02-build/markov-cero-solve,36284e66e5584958d7cb57eb0fe7e1d080534835c9c01d1adcb5d4aca3336bc1,data/miplib/dws008-01.mps,miplib,MILP,train,4,warm,absent,1,300.0,,,,,,,,,,,,,,,,model_not_in_checkout
bench02-2026-10-01,2026-10-01,/tmp/opencode/bench02-build/markov-cero-solve,36284e66e5584958d7cb57eb0fe7e1d080534835c9c01d1adcb5d4aca3336bc1,data/miplib/eil33-2.mps,miplib,MILP,train,4,warm,absent,1,300.0,,,,,,,,,,,,,,,,model_not_in_checkout
bench02-2026-10-01,2026-10-01,/tmp/opencode/bench02-build/markov-cero-solve,36284e66e5584958d7cb57eb0fe7e1d080534835c9c01d1adcb5d4aca3336bc1,data/miplib/exp-1-500-5-5.mps,miplib,MILP,train,4,warm,absent,1,300.0,,,,,,,,,,,,,,,,model_not_in_checkout
bench02-2026-10-01,2026-10-01,/tmp/opencode/bench02-build/markov-cero-solve,36284e66e5584958d7cb57eb0fe7e1d080534835c9c01d1adcb5d4aca3336bc1,data/miplib/fhnw-binpack4-48.mps,miplib,MILP,train,4,warm,absent,1,300.0,,,,,,,,,,,,,,,,model_not_in_checkout
bench02-2026-10-01,2026-10-01,/tmp/opencode/bench02-build/markov-cero-solve,36284e66e5584958d7cb57eb0fe7e1d080534835c9c01d1adcb5d4aca3336bc1,data/miplib/flugpl.mps,miplib,MILP,train,4,warm,ok,1,300.0,9811.294,9757.569847,Feasible,false,original_primal_checked,1201500,1201500,0,6703,287990,48264,1201500.0,0.0,pass,0.000000e+00,stderr=markov-cero 0.5.2 Feasible [MILP -> milp] NOT VERIFIED proof: tier=unverified status=exhausted budget_exhausted=true nodes=9999 witness_values=489937 build_ms=4807.5967879999998 replay_ms=0.0353899999
bench02-2026-10-01,2026-10-01,/tmp/opencode/bench02-build/markov-cero-solve,36284e66e5584958d7cb57eb0fe7e1d080534835c9c01d1adcb5d4aca3336bc1,data/cases/supply_chain_large.mps,cases,MILP,train,4,warm,ok,1,300.0,11502.236,11497.547007,Feasible,false,original_primal_checked,926342.1266,926342.1266,0,11,25731,10736,,,pass,9.094947e-13,stderr=markov-cero 0.5.2 Feasible [MILP -> milp] NOT VERIFIED proof: tier=unverified status=exhausted budget_exhausted=true nodes=11 witness_values=13155 build_ms=5000.7634520000001 replay_ms=0.166768
bench02-2026-10-01,2026-10-01,/tmp/opencode/bench02-build/markov-cero-solve,36284e66e5584958d7cb57eb0fe7e1d080534835c9c01d1adcb5d4aca3336bc1,data/mittelmann/neos5.mps,mittelmann,MILP,tune,4,warm,ok,1,300.0,300003.973,300001.857991,ResourceLimit,false,unverified,0,13.916666666666666,0.14358974358974363,5775,4509778,12828,,,not_checked,no primal vector in result,exit_code=5; stderr=markov-cero 0.5.2 ResourceLimit [MILP -> milp] NOT VERIFIED proof: tier=unverified status=not_requested budget_exhausted=false nodes=0 witness_values=0 build_ms=0 replay_ms=0
bench02-2026-10-01,2026-10-01,/tmp/opencode/bench02-build/markov-cero-solve,36284e66e5584958d7cb57eb0fe7e1d080534835c9c01d1adcb5d4aca3336bc1,data/miplib/germanrr.mps,miplib,MILP,train,4,warm,absent,1,300.0,,,,,,,,,,,,,,,,model_not_in_checkout
bench02-2026-10-01,2026-10-01,/tmp/opencode/bench02-build/markov-cero-solve,36284e66e5584958d7cb57eb0fe7e1d080534835c9c01d1adcb5d4aca3336bc1,data/miplib/glass-sc.mps,miplib,MILP,train,4,warm,absent,1,300.0,,,,,,,,,,,,,,,,model_not_in_checkout
bench02-2026-10-01,2026-10-01,/tmp/opencode/bench02-build/markov-cero-solve,36284e66e5584958d7cb57eb0fe7e1d080534835c9c01d1adcb5d4aca3336bc1,data/miplib/gmu-35-40.mps,miplib,MILP,train,4,warm,absent,1,300.0,,,,,,,,,,,,,,,,model_not_in_checkout
bench02-2026-10-01,2026-10-01,/tmp/opencode/bench02-build/markov-cero-solve,36284e66e5584958d7cb57eb0fe7e1d080534835c9c01d1adcb5d4aca3336bc1,data/miplib/h80x6320d.mps,miplib,MILP,train,4,warm,absent,1,300.0,,,,,,,,,,,,,,,,model_not_in_checkout
bench02-2026-10-01,2026-10-01,/tmp/opencode/bench02-build/markov-cero-solve,36284e66e5584958d7cb57eb0fe7e1d080534835c9c01d1adcb5d4aca3336bc1,data/miplib/hypothyroid-k1.mps,miplib,MILP,train,4,warm,absent,1,300.0,,,,,,,,,,,,,,,,model_not_in_checkout
bench02-2026-10-01,2026-10-01,/tmp/opencode/bench02-build/markov-cero-solve,36284e66e5584958d7cb57eb0fe7e1d080534835c9c01d1adcb5d4aca3336bc1,data/miplib/ic97_potential.mps,miplib,MILP,train,4,warm,absent,1,300.0,,,,,,,,,,,,,,,,model_not_in_checkout
bench02-2026-10-01,2026-10-01,/tmp/opencode/bench02-build/markov-cero-solve,36284e66e5584958d7cb57eb0fe7e1d080534835c9c01d1adcb5d4aca3336bc1,data/miplib/icir97_tension.mps,miplib,MILP,train,4,warm,absent,1,300.0,,,,,,,,,,,,,,,,model_not_in_checkout
bench02-2026-10-01,2026-10-01,/tmp/opencode/bench02-build/markov-cero-solve,36284e66e5584958d7cb57eb0fe7e1d080534835c9c01d1adcb5d4aca3336bc1,data/miplib/irp.mps,miplib,MILP,train,4,warm,absent,1,300.0,,,,,,,,,,,,,,,,model_not_in_checkout
bench02-2026-10-01,2026-10-01,/tmp/opencode/bench02-build/markov-cero-solve,36284e66e5584958d7cb57eb0fe7e1d080534835c9c01d1adcb5d4aca3336bc1,data/miplib/leo1.mps,miplib,MILP,train,4,warm,absent,1,300.0,,,,,,,,,,,,,,,,model_not_in_checkout
bench02-2026-10-01,2026-10-01,/tmp/opencode/bench02-build/markov-cero-solve,36284e66e5584958d7cb57eb0fe7e1d080534835c9c01d1adcb5d4aca3336bc1,data/miplib/leo2.mps,miplib,MILP,train,4,warm,absent,1,300.0,,,,,,,,,,,,,,,,model_not_in_checkout
bench02-2026-10-01,2026-10-01,/tmp/opencode/bench02-build/markov-cero-solve,36284e66e5584958d7cb57eb0fe7e1d080534835c9c01d1adcb5d4aca3336bc1,data/miplib/mad.mps,miplib,MILP,train,4,warm,absent,1,300.0,,,,,,,,,,,,,,,,model_not_in_checkout
bench02-2026-10-01,2026-10-01,/tmp/opencode/bench02-build/markov-cero-solve,36284e66e5584958d7cb57eb0fe7e1d080534835c9c01d1adcb5d4aca3336bc1,data/cases/production_planning_large.mps,cases,MILP,train,4,warm,ok,1,300.0,300003.031,300000.598598,ResourceLimit,false,unverified,0,91658.20908074168,0.021669816090490134,1008,1989936,10328,,,not_checked,no primal vector in result,exit_code=5; stderr=markov-cero 0.5.2 ResourceLimit [MILP -> milp] NOT VERIFIED proof: tier=unverified status=not_requested budget_exhausted=false nodes=0 witness_values=0 build_ms=0 replay_ms=0
bench02-2026-10-01,2026-10-01,/tmp/opencode/bench02-build/markov-cero-solve,36284e66e5584958d7cb57eb0fe7e1d080534835c9c01d1adcb5d4aca3336bc1,data/miplib/gen-ip002.mps,miplib,MILP,train,4,warm,ok,1,300.0,300039.406,300035.066737,ResourceLimit,false,unverified,0,-4811.631036742403,0.010804555646899217,37543,3018567,49896,-4783.733392,4783.733392,not_checked,no primal vector in result,exit_code=5; stderr=markov-cero 0.5.2 ResourceLimit [MILP -> milp] NOT VERIFIED proof: tier=unverified status=not_requested budget_exhausted=false nodes=0 witness_values=0 build_ms=0 replay_ms=0
bench02-2026-10-01,2026-10-01,/tmp/opencode/bench02-build/markov-cero-solve,36284e66e5584958d7cb57eb0fe7e1d080534835c9c01d1adcb5d4aca3336bc1,data/miplib/mc11.mps,miplib,MILP,train,4,warm,absent,1,300.0,,,,,,,,,,,,,,,,model_not_in_checkout
bench02-2026-10-01,2026-10-01,/tmp/opencode/bench02-build/markov-cero-solve,36284e66e5584958d7cb57eb0fe7e1d080534835c9c01d1adcb5d4aca3336bc1,data/miplib/milo-v12-6-r2-40-1.mps,miplib,MILP,train,4,warm,absent,1,300.0,,,,,,,,,,,,,,,,model_not_in_checkout
bench02-2026-10-01,2026-10-01,/tmp/opencode/bench02-build/markov-cero-solve,36284e66e5584958d7cb57eb0fe7e1d080534835c9c01d1adcb5d4aca3336bc1,data/miplib/mushroom-best.mps,miplib,MILP,train,4,warm,absent,1,300.0,,,,,,,,,,,,,,,,model_not_in_checkout
bench02-2026-10-01,2026-10-01,/tmp/opencode/bench02-build/markov-cero-solve,36284e66e5584958d7cb57eb0fe7e1d080534835c9c01d1adcb5d4aca3336bc1,data/miplib/mzzv11.mps,miplib,MILP,train,4,warm,absent,1,300.0,,,,,,,,,,,,,,,,model_not_in_checkout
bench02-2026-10-01,2026-10-01,/tmp/opencode/bench02-build/markov-cero-solve,36284e66e5584958d7cb57eb0fe7e1d080534835c9c01d1adcb5d4aca3336bc1,data/miplib/mzzv42z.mps,miplib,MILP,train,4,warm,absent,1,300.0,,,,,,,,,,,,,,,,model_not_in_checkout
bench02-2026-10-01,2026-10-01,/tmp/opencode/bench02-build/markov-cero-solve,36284e66e5584958d7cb57eb0fe7e1d080534835c9c01d1adcb5d4aca3336bc1,data/miplib/n2seq36q.mps,miplib,MILP,train,4,warm,absent,1,300.0,,,,,,,,,,,,,,,,model_not_in_checkout
bench02-2026-10-01,2026-10-01,/tmp/opencode/bench02-build/markov-cero-solve,36284e66e5584958d7cb57eb0fe7e1d080534835c9c01d1adcb5d4aca3336bc1,data/miplib/n5-3.mps,miplib,MILP,train,4,warm,absent,1,300.0,,,,,,,,,,,,,,,,model_not_in_checkout
bench02-2026-10-01,2026-10-01,/tmp/opencode/bench02-build/markov-cero-solve,36284e66e5584958d7cb57eb0fe7e1d080534835c9c01d1adcb5d4aca3336bc1,data/miplib/neos-1171737.mps,miplib,MILP,train,4,warm,absent,1,300.0,,,,,,,,,,,,,,,,model_not_in_checkout
bench02-2026-10-01,2026-10-01,/tmp/opencode/bench02-build/markov-cero-solve,36284e66e5584958d7cb57eb0fe7e1d080534835c9c01d1adcb5d4aca3336bc1,data/miplib/neos-1456979.mps,miplib,MILP,train,4,warm,absent,1,300.0,,,,,,,,,,,,,,,,model_not_in_checkout
bench02-2026-10-01,2026-10-01,/tmp/opencode/bench02-build/markov-cero-solve,36284e66e5584958d7cb57eb0fe7e1d080534835c9c01d1adcb5d4aca3336bc1,data/miplib/neos-1582420.mps,miplib,MILP,train,4,warm,absent,1,300.0,,,,,,,,,,,,,,,,model_not_in_checkout
bench02-2026-10-01,2026-10-01,/tmp/opencode/bench02-build/markov-cero-solve,36284e66e5584958d7cb57eb0fe7e1d080534835c9c01d1adcb5d4aca3336bc1,data/miplib/gen-ip054.mps,miplib,MILP,train,4,warm,ok,1,300.0,300027.57,300023.567671,ResourceLimit,false,unverified,0,6787.871389929887,0.015773115586204967,20213,4018324,41032,6840.96564179,6840.96564179,not_checked,no primal vector in result,exit_code=5; stderr=markov-cero 0.5.2 ResourceLimit [MILP -> milp] NOT VERIFIED proof: tier=unverified status=not_requested budget_exhausted=false nodes=0 witness_values=0 build_ms=0 replay_ms=0
bench02-2026-10-01,2026-10-01,/tmp/opencode/bench02-build/markov-cero-solve,36284e66e5584958d7cb57eb0fe7e1d080534835c9c01d1adcb5d4aca3336bc1,data/miplib/neos-2978193-inde.mps,miplib,MILP,train,4,warm,absent,1,300.0,,,,,,,,,,,,,,,,model_not_in_checkout
bench02-2026-10-01,2026-10-01,/tmp/opencode/bench02-build/markov-cero-solve,36284e66e5584958d7cb57eb0fe7e1d080534835c9c01d1adcb5d4aca3336bc1,data/miplib/neos-3004026-krka.mps,miplib,MILP,train,4,warm,absent,1,300.0,,,,,,,,,,,,,,,,model_not_in_checkout
bench02-2026-10-01,2026-10-01,/tmp/opencode/bench02-build/markov-cero-solve,36284e66e5584958d7cb57eb0fe7e1d080534835c9c01d1adcb5d4aca3336bc1,data/miplib/neos-3024952-loue.mps,miplib,MILP,train,4,warm,absent,1,300.0,,,,,,,,,,,,,,,,model_not_in_checkout
bench02-2026-10-01,2026-10-01,/tmp/opencode/bench02-build/markov-cero-solve,36284e66e5584958d7cb57eb0fe7e1d080534835c9c01d1adcb5d4aca3336bc1,data/miplib/markshare_4_0.mps,miplib,MILP,train,4,warm,ok,1,300.0,300198.581,300173.541691,ResourceLimit,false,unverified,0,0,1,29863,4811479,276436,1.0,1.0,not_checked,no primal vector in result,exit_code=5; stderr=markov-cero 0.5.2 ResourceLimit [MILP -> milp] NOT VERIFIED proof: tier=unverified status=not_requested budget_exhausted=false nodes=0 witness_values=0 build_ms=0 replay_ms=0
bench02-2026-10-01,2026-10-01,/tmp/opencode/bench02-build/markov-cero-solve,36284e66e5584958d7cb57eb0fe7e1d080534835c9c01d1adcb5d4aca3336bc1,data/miplib/neos-3083819-nubu.mps,miplib,MILP,train,4,warm,absent,1,300.0,,,,,,,,,,,,,,,,model_not_in_checkout
bench02-2026-10-01,2026-10-01,/tmp/opencode/bench02-build/markov-cero-solve,36284e66e5584958d7cb57eb0fe7e1d080534835c9c01d1adcb5d4aca3336bc1,data/miplib/neos-3216931-puriri.mps,miplib,MILP,train,4,warm,absent,1,300.0,,,,,,,,,,,,,,,,model_not_in_checkout
bench02-2026-10-01,2026-10-01,/tmp/opencode/bench02-build/markov-cero-solve,36284e66e5584958d7cb57eb0fe7e1d080534835c9c01d1adcb5d4aca3336bc1,data/miplib/neos-3627168-kasai.mps,miplib,MILP,train,4,warm,absent,1,300.0,,,,,,,,,,,,,,,,model_not_in_checkout
bench02-2026-10-01,2026-10-01,/tmp/opencode/bench02-build/markov-cero-solve,36284e66e5584958d7cb57eb0fe7e1d080534835c9c01d1adcb5d4aca3336bc1,data/miplib/neos-4338804-snowy.mps,miplib,MILP,train,4,warm,absent,1,300.0,,,,,,,,,,,,,,,,model_not_in_checkout
bench02-2026-10-01,2026-10-01,/tmp/opencode/bench02-build/markov-cero-solve,36284e66e5584958d7cb57eb0fe7e1d080534835c9c01d1adcb5d4aca3336bc1,data/miplib/neos-4387871-tavua.mps,miplib,MILP,train,4,warm,absent,1,300.0,,,,,,,,,,,,,,,,model_not_in_checkout
bench02-2026-10-01,2026-10-01,/tmp/opencode/bench02-build/markov-cero-solve,36284e66e5584958d7cb57eb0fe7e1d080534835c9c01d1adcb5d4aca3336bc1,data/miplib/neos-4738912-atrato.mps,miplib,MILP,train,4,warm,absent,1,300.0,,,,,,,,,,,,,,,,model_not_in_checkout
bench02-2026-10-01,2026-10-01,/tmp/opencode/bench02-build/markov-cero-solve,36284e66e5584958d7cb57eb0fe7e1d080534835c9c01d1adcb5d4aca3336bc1,data/miplib/neos-662469.mps,miplib,MILP,train,4,warm,absent,1,300.0,,,,,,,,,,,,,,,,model_not_in_checkout
bench02-2026-10-01,2026-10-01,/tmp/opencode/bench02-build/markov-cero-solve,36284e66e5584958d7cb57eb0fe7e1d080534835c9c01d1adcb5d4aca3336bc1,data/miplib/neos-860300.mps,miplib,MILP,train,4,warm,absent,1,300.0,,,,,,,,,,,,,,,,model_not_in_checkout
bench02-2026-10-01,2026-10-01,/tmp/opencode/bench02-build/markov-cero-solve,36284e66e5584958d7cb57eb0fe7e1d080534835c9c01d1adcb5d4aca3336bc1,data/miplib/neos-911970.mps,miplib,MILP,train,4,warm,absent,1,300.0,,,,,,,,,,,,,,,,model_not_in_checkout
bench02-2026-10-01,2026-10-01,/tmp/opencode/bench02-build/markov-cero-solve,36284e66e5584958d7cb57eb0fe7e1d080534835c9c01d1adcb5d4aca3336bc1,data/miplib/net12.mps,miplib,MILP,train,4,warm,absent,1,300.0,,,,,,,,,,,,,,,,model_not_in_checkout
bench02-2026-10-01,2026-10-01,/tmp/opencode/bench02-build/markov-cero-solve,36284e66e5584958d7cb57eb0fe7e1d080534835c9c01d1adcb5d4aca3336bc1,data/miplib/nexp-150-20-8-5.mps,miplib,MILP,train,4,warm,absent,1,300.0,,,,,,,,,,,,,,,,model_not_in_checkout
bench02-2026-10-01,2026-10-01,/tmp/opencode/bench02-build/markov-cero-solve,36284e66e5584958d7cb57eb0fe7e1d080534835c9c01d1adcb5d4aca3336bc1,data/miplib/ns1208400.mps,miplib,MILP,train,4,warm,absent,1,300.0,,,,,,,,,,,,,,,,model_not_in_checkout
bench02-2026-10-01,2026-10-01,/tmp/opencode/bench02-build/markov-cero-solve,36284e66e5584958d7cb57eb0fe7e1d080534835c9c01d1adcb5d4aca3336bc1,data/miplib/ns1830653.mps,miplib,MILP,train,4,warm,absent,1,300.0,,,,,,,,,,,,,,,,model_not_in_checkout
bench02-2026-10-01,2026-10-01,/tmp/opencode/bench02-build/markov-cero-solve,36284e66e5584958d7cb57eb0fe7e1d080534835c9c01d1adcb5d4aca3336bc1,data/miplib/ns1952667.mps,miplib,MILP,train,4,warm,absent,1,300.0,,,,,,,,,,,,,,,,model_not_in_checkout
bench02-2026-10-01,2026-10-01,/tmp/opencode/bench02-build/markov-cero-solve,36284e66e5584958d7cb57eb0fe7e1d080534835c9c01d1adcb5d4aca3336bc1,data/miplib/nu25-pr12.mps,miplib,MILP,train,4,warm,absent,1,300.0,,,,,,,,,,,,,,,,model_not_in_checkout
bench02-2026-10-01,2026-10-01,/tmp/opencode/bench02-build/markov-cero-solve,36284e66e5584958d7cb57eb0fe7e1d080534835c9c01d1adcb5d4aca3336bc1,data/miplib/p200x1188c.mps,miplib,MILP,train,4,warm,absent,1,300.0,,,,,,,,,,,,,,,,model_not_in_checkout
bench02-2026-10-01,2026-10-01,/tmp/opencode/bench02-build/markov-cero-solve,36284e66e5584958d7cb57eb0fe7e1d080534835c9c01d1adcb5d4aca3336bc1,data/miplib/peg-solitaire-a3.mps,miplib,MILP,train,4,warm,absent,1,300.0,,,,,,,,,,,,,,,,model_not_in_checkout
bench02-2026-10-01,2026-10-01,/tmp/opencode/bench02-build/markov-cero-solve,36284e66e5584958d7cb57eb0fe7e1d080534835c9c01d1adcb5d4aca3336bc1,data/miplib/pg.mps,miplib,MILP,train,4,warm,absent,1,300.0,,,,,,,,,,,,,,,,model_not_in_checkout
bench02-2026-10-01,2026-10-01,/tmp/opencode/bench02-build/markov-cero-solve,36284e66e5584958d7cb57eb0fe7e1d080534835c9c01d1adcb5d4aca3336bc1,data/miplib/pg5_34.mps,miplib,MILP,train,4,warm,absent,1,300.0,,,,,,,,,,,,,,,,model_not_in_checkout
bench02-2026-10-01,2026-10-01,/tmp/opencode/bench02-build/markov-cero-solve,36284e66e5584958d7cb57eb0fe7e1d080534835c9c01d1adcb5d4aca3336bc1,data/miplib/piperout-08.mps,miplib,MILP,train,4,warm,absent,1,300.0,,,,,,,,,,,,,,,,model_not_in_checkout
bench02-2026-10-01,2026-10-01,/tmp/opencode/bench02-build/markov-cero-solve,36284e66e5584958d7cb57eb0fe7e1d080534835c9c01d1adcb5d4aca3336bc1,data/miplib/qap10.mps,miplib,MILP,train,4,warm,absent,1,300.0,,,,,,,,,,,,,,,,model_not_in_checkout
bench02-2026-10-01,2026-10-01,/tmp/opencode/bench02-build/markov-cero-solve,36284e66e5584958d7cb57eb0fe7e1d080534835c9c01d1adcb5d4aca3336bc1,data/miplib/ran14x18-disj-8.mps,miplib,MILP,train,4,warm,absent,1,300.0,,,,,,,,,,,,,,,,model_not_in_checkout
bench02-2026-10-01,2026-10-01,/tmp/opencode/bench02-build/markov-cero-solve,36284e66e5584958d7cb57eb0fe7e1d080534835c9c01d1adcb5d4aca3336bc1,data/miplib/reblock115.mps,miplib,MILP,train,4,warm,absent,1,300.0,,,,,,,,,,,,,,,,model_not_in_checkout
bench02-2026-10-01,2026-10-01,/tmp/opencode/bench02-build/markov-cero-solve,36284e66e5584958d7cb57eb0fe7e1d080534835c9c01d1adcb5d4aca3336bc1,data/miplib/rmatr100-p10.mps,miplib,MILP,train,4,warm,absent,1,300.0,,,,,,,,,,,,,,,,model_not_in_checkout
bench02-2026-10-01,2026-10-01,/tmp/opencode/bench02-build/markov-cero-solve,36284e66e5584958d7cb57eb0fe7e1d080534835c9c01d1adcb5d4aca3336bc1,data/miplib/rocI-4-11.mps,miplib,MILP,train,4,warm,absent,1,300.0,,,,,,,,,,,,,,,,model_not_in_checkout
bench02-2026-10-01,2026-10-01,/tmp/opencode/bench02-build/markov-cero-solve,36284e66e5584958d7cb57eb0fe7e1d080534835c9c01d1adcb5d4aca3336bc1,data/miplib/rococoB10-011000.mps,miplib,MILP,train,4,warm,absent,1,300.0,,,,,,,,,,,,,,,,model_not_in_checkout
bench02-2026-10-01,2026-10-01,/tmp/opencode/bench02-build/markov-cero-solve,36284e66e5584958d7cb57eb0fe7e1d080534835c9c01d1adcb5d4aca3336bc1,data/miplib/sct2.mps,miplib,MILP,train,4,warm,absent,1,300.0,,,,,,,,,,,,,,,,model_not_in_checkout
bench02-2026-10-01,2026-10-01,/tmp/opencode/bench02-build/markov-cero-solve,36284e66e5584958d7cb57eb0fe7e1d080534835c9c01d1adcb5d4aca3336bc1,data/miplib/seymour.mps,miplib,MILP,train,4,warm,absent,1,300.0,,,,,,,,,,,,,,,,model_not_in_checkout
bench02-2026-10-01,2026-10-01,/tmp/opencode/bench02-build/markov-cero-solve,36284e66e5584958d7cb57eb0fe7e1d080534835c9c01d1adcb5d4aca3336bc1,data/miplib/seymour1.mps,miplib,MILP,train,4,warm,absent,1,300.0,,,,,,,,,,,,,,,,model_not_in_checkout
bench02-2026-10-01,2026-10-01,/tmp/opencode/bench02-build/markov-cero-solve,36284e66e5584958d7cb57eb0fe7e1d080534835c9c01d1adcb5d4aca3336bc1,data/miplib/sp98ar.mps,miplib,MILP,train,4,warm,absent,1,300.0,,,,,,,,,,,,,,,,model_not_in_checkout
bench02-2026-10-01,2026-10-01,/tmp/opencode/bench02-build/markov-cero-solve,36284e66e5584958d7cb57eb0fe7e1d080534835c9c01d1adcb5d4aca3336bc1,data/miplib/stein15.mps,miplib,MILP,train,4,warm,ok,1,300.0,2882.155,2873.184396,Optimal,true,tree_replayed,9,9,0,169,34320,8248,9.0,0.0,pass,0.000000e+00,stderr=markov-cero 0.5.2 Optimal [MILP -> milp] VERIFIED proof: tier=independent_tree status=accepted budget_exhausted=false nodes=241 witness_values=23709 build_ms=425.96498300000002 replay_ms=3.43799199999
bench02-2026-10-01,2026-10-01,/tmp/opencode/bench02-build/markov-cero-solve,36284e66e5584958d7cb57eb0fe7e1d080534835c9c01d1adcb5d4aca3336bc1,data/miplib/stein9.mps,miplib,MILP,train,4,warm,ok,1,300.0,45.589,42.721186,Optimal,true,tree_replayed,5,5,0,13,976,6352,5.0,0.0,pass,0.000000e+00,stderr=markov-cero 0.5.2 Optimal [MILP -> milp] VERIFIED proof: tier=independent_tree status=accepted budget_exhausted=false nodes=33 witness_values=1413 build_ms=12.287461 replay_ms=0.205342
bench02-2026-10-01,2026-10-01,/tmp/opencode/bench02-build/markov-cero-solve,36284e66e5584958d7cb57eb0fe7e1d080534835c9c01d1adcb5d4aca3336bc1,data/miplib/supportcase26.mps,miplib,MILP,train,4,warm,absent,1,300.0,,,,,,,,,,,,,,,,model_not_in_checkout
bench02-2026-10-01,2026-10-01,/tmp/opencode/bench02-build/markov-cero-solve,36284e66e5584958d7cb57eb0fe7e1d080534835c9c01d1adcb5d4aca3336bc1,data/miplib/mas74.mps,miplib,MILP,train,4,warm,ok,1,300.0,300006.029,300003.047004,ResourceLimit,false,unverified,0,10896.273084191123,0.9999999891037269,5590,4231083,13888,11801.18572,11801.18572,not_checked,no primal vector in result,exit_code=5; stderr=markov-cero 0.5.2 ResourceLimit [MILP -> milp] NOT VERIFIED proof: tier=unverified status=not_requested budget_exhausted=false nodes=0 witness_values=0 build_ms=0 replay_ms=0
bench02-2026-10-01,2026-10-01,/tmp/opencode/bench02-build/markov-cero-solve,36284e66e5584958d7cb57eb0fe7e1d080534835c9c01d1adcb5d4aca3336bc1,data/miplib/tr12-30.mps,miplib,MILP,train,4,warm,absent,1,300.0,,,,,,,,,,,,,,,,model_not_in_checkout
bench02-2026-10-01,2026-10-01,/tmp/opencode/bench02-build/markov-cero-solve,36284e66e5584958d7cb57eb0fe7e1d080534835c9c01d1adcb5d4aca3336bc1,data/miplib/traininstance6.mps,miplib,MILP,train,4,warm,absent,1,300.0,,,,,,,,,,,,,,,,model_not_in_checkout
bench02-2026-10-01,2026-10-01,/tmp/opencode/bench02-build/markov-cero-solve,36284e66e5584958d7cb57eb0fe7e1d080534835c9c01d1adcb5d4aca3336bc1,data/miplib/trento1.mps,miplib,MILP,train,4,warm,absent,1,300.0,,,,,,,,,,,,,,,,model_not_in_checkout
bench02-2026-10-01,2026-10-01,/tmp/opencode/bench02-build/markov-cero-solve,36284e66e5584958d7cb57eb0fe7e1d080534835c9c01d1adcb5d4aca3336bc1,data/miplib/wachplan.mps,miplib,MILP,train,4,warm,absent,1,300.0,,,,,,,,,,,,,,,,model_not_in_checkout
bench02-2026-10-01,2026-10-01,/tmp/opencode/bench02-build/markov-cero-solve,36284e66e5584958d7cb57eb0fe7e1d080534835c9c01d1adcb5d4aca3336bc1,data/mittelmann/30n20b8.mps,mittelmann,MILP,train,4,warm,absent,1,300.0,,,,,,,,,,,,,,,,model_not_in_checkout
bench02-2026-10-01,2026-10-01,/tmp/opencode/bench02-build/markov-cero-solve,36284e66e5584958d7cb57eb0fe7e1d080534835c9c01d1adcb5d4aca3336bc1,data/mittelmann/bienst2.mps,mittelmann,MILP,train,4,warm,absent,1,300.0,,,,,,,,,,,,,,,,model_not_in_checkout
bench02-2026-10-01,2026-10-01,/tmp/opencode/bench02-build/markov-cero-solve,36284e66e5584958d7cb57eb0fe7e1d080534835c9c01d1adcb5d4aca3336bc1,data/mittelmann/fome12.mps,mittelmann,MILP,train,4,warm,absent,1,300.0,,,,,,,,,,,,,,,,model_not_in_checkout
bench02-2026-10-01,2026-10-01,/tmp/opencode/bench02-build/markov-cero-solve,36284e66e5584958d7cb57eb0fe7e1d080534835c9c01d1adcb5d4aca3336bc1,data/mittelmann/fome13.mps,mittelmann,MILP,train,4,warm,absent,1,300.0,,,,,,,,,,,,,,,,model_not_in_checkout
bench02-2026-10-01,2026-10-01,/tmp/opencode/bench02-build/markov-cero-solve,36284e66e5584958d7cb57eb0fe7e1d080534835c9c01d1adcb5d4aca3336bc1,data/miplib/neos-2657525-crna.mps,miplib,MILP,train,4,warm,ok,1,300.0,300005.859,300003.311931,ResourceLimit,false,unverified,0,0,,241,298587,15852,1.810748,1.810748,not_checked,no primal vector in result,exit_code=5; stderr=markov-cero 0.5.2 ResourceLimit [MILP -> milp] NOT VERIFIED proof: tier=unverified status=not_requested budget_exhausted=false nodes=0 witness_values=0 build_ms=0 replay_ms=0
bench02-2026-10-01,2026-10-01,/tmp/opencode/bench02-build/markov-cero-solve,36284e66e5584958d7cb57eb0fe7e1d080534835c9c01d1adcb5d4aca3336bc1,data/mittelmann/mkc1.mps,mittelmann,MILP,train,4,warm,absent,1,300.0,,,,,,,,,,,,,,,,model_not_in_checkout
bench02-2026-10-01,2026-10-01,/tmp/opencode/bench02-build/markov-cero-solve,36284e66e5584958d7cb57eb0fe7e1d080534835c9c01d1adcb5d4aca3336bc1,data/mittelmann/pds-20.mps,mittelmann,MILP,train,4,warm,absent,1,300.0,,,,,,,,,,,,,,,,model_not_in_checkout
bench02-2026-10-01,2026-10-01,/tmp/opencode/bench02-build/markov-cero-solve,36284e66e5584958d7cb57eb0fe7e1d080534835c9c01d1adcb5d4aca3336bc1,data/mittelmann/qap15.mps,mittelmann,MILP,train,4,warm,absent,1,300.0,,,,,,,,,,,,,,,,model_not_in_checkout
bench02-2026-10-01,2026-10-01,/tmp/opencode/bench02-build/markov-cero-solve,36284e66e5584958d7cb57eb0fe7e1d080534835c9c01d1adcb5d4aca3336bc1,data/mittelmann/rail507.mps,mittelmann,MILP,train,4,warm,absent,1,300.0,,,,,,,,,,,,,,,,model_not_in_checkout
bench02-2026-10-01,2026-10-01,/tmp/opencode/bench02-build/markov-cero-solve,36284e66e5584958d7cb57eb0fe7e1d080534835c9c01d1adcb5d4aca3336bc1,data/miplib/neos-3046615-murg.mps,miplib,MILP,train,4,warm,ok,1,300.0,300252.209,300250.243899,ResourceLimit,false,unverified,0,216,,198,184590,12448,1600.0,1600.0,not_checked,no primal vector in result,exit_code=5; stderr=markov-cero 0.5.2 ResourceLimit [MILP -> milp] NOT VERIFIED proof: tier=unverified status=not_requested budget_exhausted=false nodes=0 witness_values=0 build_ms=0 replay_ms=0
bench02-2026-10-01,2026-10-01,/tmp/opencode/bench02-build/markov-cero-solve,36284e66e5584958d7cb57eb0fe7e1d080534835c9c01d1adcb5d4aca3336bc1,data/netlib/25fv47.mps,netlib,LP,train,4,warm,absent,1,60.0,,,,,,,,,,,,,,,,model_not_in_checkout
bench02-2026-10-01,2026-10-01,/tmp/opencode/bench02-build/markov-cero-solve,36284e66e5584958d7cb57eb0fe7e1d080534835c9c01d1adcb5d4aca3336bc1,data/netlib/adlittle.mps,netlib,LP,train,4,warm,ok,1,60.0,21.36,19.218832,Optimal,true,optimality_witness_checked,225494.9631623804,225494.9631623804,0,1,625,5340,225494.96316238,3.7834979593753815e-10,pass,9.094947e-13,stderr=markov-cero 0.5.2 Optimal [LP -> primal] VERIFIED
bench02-2026-10-01,2026-10-01,/tmp/opencode/bench02-build/markov-cero-solve,36284e66e5584958d7cb57eb0fe7e1d080534835c9c01d1adcb5d4aca3336bc1,data/netlib/afiro.mps,netlib,LP,train,4,warm,ok,1,60.0,2.365,0.928882,Optimal,true,optimality_witness_checked,-464.75314285714285,-464.75314285714285,0,1,55,5632,-464.753142857143,1.7053025658242404e-13,pass,4.263256e-14,stderr=markov-cero 0.5.2 Optimal [LP -> primal] VERIFIED
bench02-2026-10-01,2026-10-01,/tmp/opencode/bench02-build/markov-cero-solve,36284e66e5584958d7cb57eb0fe7e1d080534835c9c01d1adcb5d4aca3336bc1,data/netlib/agg.mps,netlib,LP,train,4,warm,absent,1,60.0,,,,,,,,,,,,,,,,model_not_in_checkout
bench02-2026-10-01,2026-10-01,/tmp/opencode/bench02-build/markov-cero-solve,36284e66e5584958d7cb57eb0fe7e1d080534835c9c01d1adcb5d4aca3336bc1,data/netlib/agg2.mps,netlib,LP,train,4,warm,absent,1,60.0,,,,,,,,,,,,,,,,model_not_in_checkout
bench02-2026-10-01,2026-10-01,/tmp/opencode/bench02-build/markov-cero-solve,36284e66e5584958d7cb57eb0fe7e1d080534835c9c01d1adcb5d4aca3336bc1,data/netlib/agg3.mps,netlib,LP,train,4,warm,absent,1,60.0,,,,,,,,,,,,,,,,model_not_in_checkout
bench02-2026-10-01,2026-10-01,/tmp/opencode/bench02-build/markov-cero-solve,36284e66e5584958d7cb57eb0fe7e1d080534835c9c01d1adcb5d4aca3336bc1,data/netlib/blend.mps,netlib,LP,train,4,warm,ok,1,60.0,47.021,45.46291,Optimal,true,optimality_witness_checked,-30.812149845828245,-30.812149845828245,0,1,547,5508,,,pass,2.842171e-14,stderr=markov-cero 0.5.2 Optimal [LP -> primal] VERIFIED
bench02-2026-10-01,2026-10-01,/tmp/opencode/bench02-build/markov-cero-solve,36284e66e5584958d7cb57eb0fe7e1d080534835c9c01d1adcb5d4aca3336bc1,data/netlib/bnl1.mps,netlib,LP,train,4,warm,absent,1,60.0,,,,,,,,,,,,,,,,model_not_in_checkout
bench02-2026-10-01,2026-10-01,/tmp/opencode/bench02-build/markov-cero-solve,36284e66e5584958d7cb57eb0fe7e1d080534835c9c01d1adcb5d4aca3336bc1,data/netlib/boeing1.mps,netlib,LP,train,4,warm,absent,1,60.0,,,,,,,,,,,,,,,,model_not_in_checkout
bench02-2026-10-01,2026-10-01,/tmp/opencode/bench02-build/markov-cero-solve,36284e66e5584958d7cb57eb0fe7e1d080534835c9c01d1adcb5d4aca3336bc1,data/netlib/cycle.mps,netlib,LP,train,4,warm,absent,1,60.0,,,,,,,,,,,,,,,,model_not_in_checkout
bench02-2026-10-01,2026-10-01,/tmp/opencode/bench02-build/markov-cero-solve,36284e66e5584958d7cb57eb0fe7e1d080534835c9c01d1adcb5d4aca3336bc1,data/netlib/czprob.mps,netlib,LP,train,4,warm,absent,1,60.0,,,,,,,,,,,,,,,,model_not_in_checkout
bench02-2026-10-01,2026-10-01,/tmp/opencode/bench02-build/markov-cero-solve,36284e66e5584958d7cb57eb0fe7e1d080534835c9c01d1adcb5d4aca3336bc1,data/netlib/d2q06c.mps,netlib,LP,train,4,warm,absent,1,60.0,,,,,,,,,,,,,,,,model_not_in_checkout
bench02-2026-10-01,2026-10-01,/tmp/opencode/bench02-build/markov-cero-solve,36284e66e5584958d7cb57eb0fe7e1d080534835c9c01d1adcb5d4aca3336bc1,data/netlib/d6cube.mps,netlib,LP,train,4,warm,absent,1,60.0,,,,,,,,,,,,,,,,model_not_in_checkout
bench02-2026-10-01,2026-10-01,/tmp/opencode/bench02-build/markov-cero-solve,36284e66e5584958d7cb57eb0fe7e1d080534835c9c01d1adcb5d4aca3336bc1,data/netlib/degen2.mps,netlib,LP,train,4,warm,absent,1,60.0,,,,,,,,,,,,,,,,model_not_in_checkout
bench02-2026-10-01,2026-10-01,/tmp/opencode/bench02-build/markov-cero-solve,36284e66e5584958d7cb57eb0fe7e1d080534835c9c01d1adcb5d4aca3336bc1,data/netlib/degen3.mps,netlib,LP,train,4,warm,absent,1,60.0,,,,,,,,,,,,,,,,model_not_in_checkout
bench02-2026-10-01,2026-10-01,/tmp/opencode/bench02-build/markov-cero-solve,36284e66e5584958d7cb57eb0fe7e1d080534835c9c01d1adcb5d4aca3336bc1,data/netlib/dfl001.mps,netlib,LP,train,4,warm,absent,1,60.0,,,,,,,,,,,,,,,,model_not_in_checkout
bench02-2026-10-01,2026-10-01,/tmp/opencode/bench02-build/markov-cero-solve,36284e66e5584958d7cb57eb0fe7e1d080534835c9c01d1adcb5d4aca3336bc1,data/netlib/fffff800.mps,netlib,LP,train,4,warm,absent,1,60.0,,,,,,,,,,,,,,,,model_not_in_checkout
bench02-2026-10-01,2026-10-01,/tmp/opencode/bench02-build/markov-cero-solve,36284e66e5584958d7cb57eb0fe7e1d080534835c9c01d1adcb5d4aca3336bc1,data/netlib/finnis.mps,netlib,LP,train,4,warm,absent,1,60.0,,,,,,,,,,,,,,,,model_not_in_checkout
bench02-2026-10-01,2026-10-01,/tmp/opencode/bench02-build/markov-cero-solve,36284e66e5584958d7cb57eb0fe7e1d080534835c9c01d1adcb5d4aca3336bc1,data/netlib/fit1d.mps,netlib,LP,train,4,warm,absent,1,60.0,,,,,,,,,,,,,,,,model_not_in_checkout
bench02-2026-10-01,2026-10-01,/tmp/opencode/bench02-build/markov-cero-solve,36284e66e5584958d7cb57eb0fe7e1d080534835c9c01d1adcb5d4aca3336bc1,data/netlib/fit1p.mps,netlib,LP,train,4,warm,absent,1,60.0,,,,,,,,,,,,,,,,model_not_in_checkout
bench02-2026-10-01,2026-10-01,/tmp/opencode/bench02-build/markov-cero-solve,36284e66e5584958d7cb57eb0fe7e1d080534835c9c01d1adcb5d4aca3336bc1,data/netlib/fit2d.mps,netlib,LP,train,4,warm,absent,1,60.0,,,,,,,,,,,,,,,,model_not_in_checkout
bench02-2026-10-01,2026-10-01,/tmp/opencode/bench02-build/markov-cero-solve,36284e66e5584958d7cb57eb0fe7e1d080534835c9c01d1adcb5d4aca3336bc1,data/netlib/greenbea.mps,netlib,LP,train,4,warm,absent,1,60.0,,,,,,,,,,,,,,,,model_not_in_checkout
bench02-2026-10-01,2026-10-01,/tmp/opencode/bench02-build/markov-cero-solve,36284e66e5584958d7cb57eb0fe7e1d080534835c9c01d1adcb5d4aca3336bc1,data/netlib/grow15.mps,netlib,LP,train,4,warm,absent,1,60.0,,,,,,,,,,,,,,,,model_not_in_checkout
bench02-2026-10-01,2026-10-01,/tmp/opencode/bench02-build/markov-cero-solve,36284e66e5584958d7cb57eb0fe7e1d080534835c9c01d1adcb5d4aca3336bc1,data/netlib/grow22.mps,netlib,LP,train,4,warm,absent,1,60.0,,,,,,,,,,,,,,,,model_not_in_checkout
bench02-2026-10-01,2026-10-01,/tmp/opencode/bench02-build/markov-cero-solve,36284e66e5584958d7cb57eb0fe7e1d080534835c9c01d1adcb5d4aca3336bc1,data/netlib/grow7.mps,netlib,LP,train,4,warm,ok,1,60.0,4304.567,4302.332984,IterationLimit,false,unverified,0,,,0,10000,7804,,,not_checked,no primal vector in result,exit_code=6; stderr=markov-cero 0.5.2 IterationLimit [LP -> primal] NOT VERIFIED
bench02-2026-10-01,2026-10-01,/tmp/opencode/bench02-build/markov-cero-solve,36284e66e5584958d7cb57eb0fe7e1d080534835c9c01d1adcb5d4aca3336bc1,data/netlib/lotfi.mps,netlib,LP,train,4,warm,ok,1,60.0,108.917,106.345901,Optimal,true,optimality_witness_checked,-25.26470606188001,-25.26470606188001,0,1,1166,5972,,,pass,9.313226e-10,stderr=markov-cero 0.5.2 Optimal [LP -> primal] VERIFIED
bench02-2026-10-01,2026-10-01,/tmp/opencode/bench02-build/markov-cero-solve,36284e66e5584958d7cb57eb0fe7e1d080534835c9c01d1adcb5d4aca3336bc1,data/netlib/maros-r7.mps,netlib,LP,train,4,warm,absent,1,60.0,,,,,,,,,,,,,,,,model_not_in_checkout
bench02-2026-10-01,2026-10-01,/tmp/opencode/bench02-build/markov-cero-solve,36284e66e5584958d7cb57eb0fe7e1d080534835c9c01d1adcb5d4aca3336bc1,data/netlib/modszk1.mps,netlib,LP,train,4,warm,absent,1,60.0,,,,,,,,,,,,,,,,model_not_in_checkout
bench02-2026-10-01,2026-10-01,/tmp/opencode/bench02-build/markov-cero-solve,36284e66e5584958d7cb57eb0fe7e1d080534835c9c01d1adcb5d4aca3336bc1,data/netlib/nesm.mps,netlib,LP,train,4,warm,absent,1,60.0,,,,,,,,,,,,,,,,model_not_in_checkout
bench02-2026-10-01,2026-10-01,/tmp/opencode/bench02-build/markov-cero-solve,36284e66e5584958d7cb57eb0fe7e1d080534835c9c01d1adcb5d4aca3336bc1,data/netlib/perold.mps,netlib,LP,train,4,warm,absent,1,60.0,,,,,,,,,,,,,,,,model_not_in_checkout
bench02-2026-10-01,2026-10-01,/tmp/opencode/bench02-build/markov-cero-solve,36284e66e5584958d7cb57eb0fe7e1d080534835c9c01d1adcb5d4aca3336bc1,data/netlib/pilot.ja.mps,netlib,LP,train,4,warm,absent,1,60.0,,,,,,,,,,,,,,,,model_not_in_checkout
bench02-2026-10-01,2026-10-01,/tmp/opencode/bench02-build/markov-cero-solve,36284e66e5584958d7cb57eb0fe7e1d080534835c9c01d1adcb5d4aca3336bc1,data/netlib/pilot.mps,netlib,LP,train,4,warm,absent,1,60.0,,,,,,,,,,,,,,,,model_not_in_checkout
bench02-2026-10-01,2026-10-01,/tmp/opencode/bench02-build/markov-cero-solve,36284e66e5584958d7cb57eb0fe7e1d080534835c9c01d1adcb5d4aca3336bc1,data/netlib/pilot4.mps,netlib,LP,train,4,warm,absent,1,60.0,,,,,,,,,,,,,,,,model_not_in_checkout
bench02-2026-10-01,2026-10-01,/tmp/opencode/bench02-build/markov-cero-solve,36284e66e5584958d7cb57eb0fe7e1d080534835c9c01d1adcb5d4aca3336bc1,data/netlib/pilot87.mps,netlib,LP,train,4,warm,absent,1,60.0,,,,,,,,,,,,,,,,model_not_in_checkout
bench02-2026-10-01,2026-10-01,/tmp/opencode/bench02-build/markov-cero-solve,36284e66e5584958d7cb57eb0fe7e1d080534835c9c01d1adcb5d4aca3336bc1,data/netlib/pilotnov.mps,netlib,LP,train,4,warm,absent,1,60.0,,,,,,,,,,,,,,,,model_not_in_checkout
bench02-2026-10-01,2026-10-01,/tmp/opencode/bench02-build/markov-cero-solve,36284e66e5584958d7cb57eb0fe7e1d080534835c9c01d1adcb5d4aca3336bc1,data/netlib/qap12.mps,netlib,LP,train,4,warm,absent,1,60.0,,,,,,,,,,,,,,,,model_not_in_checkout
bench02-2026-10-01,2026-10-01,/tmp/opencode/bench02-build/markov-cero-solve,36284e66e5584958d7cb57eb0fe7e1d080534835c9c01d1adcb5d4aca3336bc1,data/netlib/qap15.mps,netlib,LP,train,4,warm,absent,1,60.0,,,,,,,,,,,,,,,,model_not_in_checkout
bench02-2026-10-01,2026-10-01,/tmp/opencode/bench02-build/markov-cero-solve,36284e66e5584958d7cb57eb0fe7e1d080534835c9c01d1adcb5d4aca3336bc1,data/netlib/qap8.mps,netlib,LP,train,4,warm,absent,1,60.0,,,,,,,,,,,,,,,,model_not_in_checkout
bench02-2026-10-01,2026-10-01,/tmp/opencode/bench02-build/markov-cero-solve,36284e66e5584958d7cb57eb0fe7e1d080534835c9c01d1adcb5d4aca3336bc1,data/netlib/recipe.mps,netlib,LP,train,4,warm,ok,1,60.0,16.145,13.617077,Optimal,true,optimality_witness_checked,-266.616,-266.616,0,1,211,5732,-266.616,0.0,pass,0.000000e+00,stderr=markov-cero 0.5.2 Optimal [LP -> primal] VERIFIED
bench02-2026-10-01,2026-10-01,/tmp/opencode/bench02-build/markov-cero-solve,36284e66e5584958d7cb57eb0fe7e1d080534835c9c01d1adcb5d4aca3336bc1,data/netlib/sc105.mps,netlib,LP,train,4,warm,ok,1,60.0,23.805,21.204443,Optimal,true,optimality_witness_checked,-52.20206121170726,-52.20206121170726,0,1,256,5396,-52.202061211707,2.6290081223123707e-13,pass,5.684342e-14,stderr=markov-cero 0.5.2 Optimal [LP -> primal] VERIFIED
bench02-2026-10-01,2026-10-01,/tmp/opencode/bench02-build/markov-cero-solve,36284e66e5584958d7cb57eb0fe7e1d080534835c9c01d1adcb5d4aca3336bc1,data/netlib/sc205.mps,netlib,LP,train,4,warm,ok,1,60.0,1916.414,1914.306734,Optimal,true,optimality_witness_checked,-52.20206121170727,-52.20206121170727,0,1,4417,5860,-52.202061211707,2.7000623958883807e-13,pass,1.136868e-13,stderr=markov-cero 0.5.2 Optimal [LP -> primal] VERIFIED
bench02-2026-10-01,2026-10-01,/tmp/opencode/bench02-build/markov-cero-solve,36284e66e5584958d7cb57eb0fe7e1d080534835c9c01d1adcb5d4aca3336bc1,data/netlib/sc50b.mps,netlib,LP,train,4,warm,ok,1,60.0,4.34,2.445568,Optimal,true,optimality_witness_checked,-70.00000000000001,-70.00000000000001,0,1,48,5116,-70.0,1.4210854715202004e-14,pass,5.684342e-14,stderr=markov-cero 0.5.2 Optimal [LP -> primal] VERIFIED
bench02-2026-10-01,2026-10-01,/tmp/opencode/bench02-build/markov-cero-solve,36284e66e5584958d7cb57eb0fe7e1d080534835c9c01d1adcb5d4aca3336bc1,data/netlib/scagr7.mps,netlib,LP,train,4,warm,ok,1,60.0,25.292,22.463769,Optimal,true,optimality_witness_checked,-2331389.8243309837,-2331389.8243309837,0,1,411,5316,-2331389.82433098,3.725290298461914e-09,pass,2.728484e-12,stderr=markov-cero 0.5.2 Optimal [LP -> primal] VERIFIED
bench02-2026-10-01,2026-10-01,/tmp/opencode/bench02-build/markov-cero-solve,36284e66e5584958d7cb57eb0fe7e1d080534835c9c01d1adcb5d4aca3336bc1,data/netlib/scfxm1.mps,netlib,LP,train,4,warm,ok,1,60.0,669.433,666.353034,Optimal,true,optimality_witness_checked,18416.75902834893,18416.75902834893,0,1,127,8700,,,pass,1.091394e-11,stderr=markov-cero 0.5.2 Optimal [LP -> primal] VERIFIED
bench02-2026-10-01,2026-10-01,/tmp/opencode/bench02-build/markov-cero-solve,36284e66e5584958d7cb57eb0fe7e1d080534835c9c01d1adcb5d4aca3336bc1,data/netlib/scfxm2.mps,netlib,LP,train,4,warm,absent,1,60.0,,,,,,,,,,,,,,,,model_not_in_checkout
bench02-2026-10-01,2026-10-01,/tmp/opencode/bench02-build/markov-cero-solve,36284e66e5584958d7cb57eb0fe7e1d080534835c9c01d1adcb5d4aca3336bc1,data/netlib/scfxm3.mps,netlib,LP,train,4,warm,absent,1,60.0,,,,,,,,,,,,,,,,model_not_in_checkout
bench02-2026-10-01,2026-10-01,/tmp/opencode/bench02-build/markov-cero-solve,36284e66e5584958d7cb57eb0fe7e1d080534835c9c01d1adcb5d4aca3336bc1,data/netlib/scorpion.mps,netlib,LP,train,4,warm,ok,1,60.0,223.081,220.39971,Optimal,true,optimality_witness_checked,1878.1248227381068,1878.1248227381068,0,1,487,6692,1878.1248227381,6.821210263296962e-12,pass,9.992007e-16,stderr=markov-cero 0.5.2 Optimal [LP -> primal] VERIFIED
bench02-2026-10-01,2026-10-01,/tmp/opencode/bench02-build/markov-cero-solve,36284e66e5584958d7cb57eb0fe7e1d080534835c9c01d1adcb5d4aca3336bc1,data/netlib/scrs8.mps,netlib,LP,train,4,warm,absent,1,60.0,,,,,,,,,,,,,,,,model_not_in_checkout
bench02-2026-10-01,2026-10-01,/tmp/opencode/bench02-build/markov-cero-solve,36284e66e5584958d7cb57eb0fe7e1d080534835c9c01d1adcb5d4aca3336bc1,data/netlib/scsd6.mps,netlib,LP,train,4,warm,ok,1,60.0,153.411,150.492096,NumericalFailure,false,unverified,50.50013320878034,,,0,0,8244,,,pass,1.186821e-10,exit_code=7; stderr=markov-cero 0.5.2 NumericalFailure [LP -> primal] NOT VERIFIED numerical_diagnostic: primal_residual=1.18682064176312e-10 dual_residual=0 complementarity_gap=0.00014605328332558884 condition_estimate=
bench02-2026-10-01,2026-10-01,/tmp/opencode/bench02-build/markov-cero-solve,36284e66e5584958d7cb57eb0fe7e1d080534835c9c01d1adcb5d4aca3336bc1,data/netlib/scsd8.mps,netlib,LP,train,4,warm,absent,1,60.0,,,,,,,,,,,,,,,,model_not_in_checkout
bench02-2026-10-01,2026-10-01,/tmp/opencode/bench02-build/markov-cero-solve,36284e66e5584958d7cb57eb0fe7e1d080534835c9c01d1adcb5d4aca3336bc1,data/netlib/sctap3.mps,netlib,LP,train,4,warm,absent,1,60.0,,,,,,,,,,,,,,,,model_not_in_checkout
bench02-2026-10-01,2026-10-01,/tmp/opencode/bench02-build/markov-cero-solve,36284e66e5584958d7cb57eb0fe7e1d080534835c9c01d1adcb5d4aca3336bc1,data/netlib/seba.mps,netlib,LP,train,4,warm,absent,1,60.0,,,,,,,,,,,,,,,,model_not_in_checkout
bench02-2026-10-01,2026-10-01,/tmp/opencode/bench02-build/markov-cero-solve,36284e66e5584958d7cb57eb0fe7e1d080534835c9c01d1adcb5d4aca3336bc1,data/netlib/ship04l.mps,netlib,LP,train,4,warm,absent,1,60.0,,,,,,,,,,,,,,,,model_not_in_checkout
bench02-2026-10-01,2026-10-01,/tmp/opencode/bench02-build/markov-cero-solve,36284e66e5584958d7cb57eb0fe7e1d080534835c9c01d1adcb5d4aca3336bc1,data/netlib/ship08l.mps,netlib,LP,train,4,warm,absent,1,60.0,,,,,,,,,,,,,,,,model_not_in_checkout
bench02-2026-10-01,2026-10-01,/tmp/opencode/bench02-build/markov-cero-solve,36284e66e5584958d7cb57eb0fe7e1d080534835c9c01d1adcb5d4aca3336bc1,data/netlib/ship08s.mps,netlib,LP,train,4,warm,absent,1,60.0,,,,,,,,,,,,,,,,model_not_in_checkout
bench02-2026-10-01,2026-10-01,/tmp/opencode/bench02-build/markov-cero-solve,36284e66e5584958d7cb57eb0fe7e1d080534835c9c01d1adcb5d4aca3336bc1,data/netlib/ship12l.mps,netlib,LP,train,4,warm,absent,1,60.0,,,,,,,,,,,,,,,,model_not_in_checkout
bench02-2026-10-01,2026-10-01,/tmp/opencode/bench02-build/markov-cero-solve,36284e66e5584958d7cb57eb0fe7e1d080534835c9c01d1adcb5d4aca3336bc1,data/netlib/sierra.mps,netlib,LP,train,4,warm,absent,1,60.0,,,,,,,,,,,,,,,,model_not_in_checkout
bench02-2026-10-01,2026-10-01,/tmp/opencode/bench02-build/markov-cero-solve,36284e66e5584958d7cb57eb0fe7e1d080534835c9c01d1adcb5d4aca3336bc1,data/netlib/standgub.mps,netlib,LP,train,4,warm,absent,1,60.0,,,,,,,,,,,,,,,,model_not_in_checkout
bench02-2026-10-01,2026-10-01,/tmp/opencode/bench02-build/markov-cero-solve,36284e66e5584958d7cb57eb0fe7e1d080534835c9c01d1adcb5d4aca3336bc1,data/netlib/standmps.mps,netlib,LP,train,4,warm,absent,1,60.0,,,,,,,,,,,,,,,,model_not_in_checkout
bench02-2026-10-01,2026-10-01,/tmp/opencode/bench02-build/markov-cero-solve,36284e66e5584958d7cb57eb0fe7e1d080534835c9c01d1adcb5d4aca3336bc1,data/netlib/wood1p.mps,netlib,LP,train,4,warm,absent,1,60.0,,,,,,,,,,,,,,,,model_not_in_checkout
bench02-2026-10-01,2026-10-01,/tmp/opencode/bench02-build/markov-cero-solve,36284e66e5584958d7cb57eb0fe7e1d080534835c9c01d1adcb5d4aca3336bc1,data/netlib/woodw.mps,netlib,LP,train,4,warm,absent,1,60.0,,,,,,,,,,,,,,,,model_not_in_checkout
bench02-2026-10-01,2026-10-01,/tmp/opencode/bench02-build/markov-cero-solve,36284e66e5584958d7cb57eb0fe7e1d080534835c9c01d1adcb5d4aca3336bc1,data/qp/QPLIB_0001.mps,qplib,QP,train,4,warm,ok,1,60.0,1.92,0.132231,Optimal,true,optimality_witness_checked,-3.499999999991098,,,1,17,380,,,pass,0.000000e+00,stderr=markov-cero 0.5.2 Optimal [QP -> qp] VERIFIED
bench02-2026-10-01,2026-10-01,/tmp/opencode/bench02-build/markov-cero-solve,36284e66e5584958d7cb57eb0fe7e1d080534835c9c01d1adcb5d4aca3336bc1,data/qp/QPLIB_0002.mps,qplib,QP,train,4,warm,ok,1,60.0,1.588,0.132133,Optimal,true,optimality_witness_checked,-2.10714709820743,,,1,23,28,,,pass,0.000000e+00,stderr=markov-cero 0.5.2 Optimal [QP -> qp] VERIFIED
bench02-2026-10-01,2026-10-01,/tmp/opencode/bench02-build/markov-cero-solve,36284e66e5584958d7cb57eb0fe7e1d080534835c9c01d1adcb5d4aca3336bc1,data/qp/QPLIB_0010.mps,qplib,QP,train,4,warm,ok,1,60.0,2.179,0.183352,Optimal,true,optimality_witness_checked,-0.10334179412050311,,,1,27,24,,,fail,1.280096e-06,stderr=markov-cero 0.5.2 Optimal [QP -> qp] VERIFIED; harness_feasibility_failure_solver_reported_verified
bench02-2026-10-01,2026-10-01,/tmp/opencode/bench02-build/markov-cero-solve,36284e66e5584958d7cb57eb0fe7e1d080534835c9c01d1adcb5d4aca3336bc1,data/qp/QPLIB_0025.mps,qplib,QP,train,4,warm,ok,1,60.0,2.296,0.238408,Optimal,true,optimality_witness_checked,2681.000000219597,,,1,49,96,,,pass,3.124709e-07,stderr=markov-cero 0.5.2 Optimal [QP -> qp] VERIFIED
bench02-2026-10-01,2026-10-01,/tmp/opencode/bench02-build/markov-cero-solve,36284e66e5584958d7cb57eb0fe7e1d080534835c9c01d1adcb5d4aca3336bc1,data/qp/QPLIB_8515.mps,qplib,QP,train,4,warm,absent,1,60.0,,,,,,,,,,,,,,,,model_not_in_checkout
bench02-2026-10-01,2026-10-01,/tmp/opencode/bench02-build/markov-cero-solve,36284e66e5584958d7cb57eb0fe7e1d080534835c9c01d1adcb5d4aca3336bc1,data/qp/QPLIB_8559.mps,qplib,QP,train,4,warm,absent,1,60.0,,,,,,,,,,,,,,,,model_not_in_checkout
bench02-2026-10-01,2026-10-01,/tmp/opencode/bench02-build/markov-cero-solve,36284e66e5584958d7cb57eb0fe7e1d080534835c9c01d1adcb5d4aca3336bc1,data/qp/QPLIB_8567.mps,qplib,QP,train,4,warm,absent,1,60.0,,,,,,,,,,,,,,,,model_not_in_checkout
bench02-2026-10-01,2026-10-01,/tmp/opencode/bench02-build/markov-cero-solve,36284e66e5584958d7cb57eb0fe7e1d080534835c9c01d1adcb5d4aca3336bc1,data/qp/QPLIB_8602.mps,qplib,QP,train,4,warm,absent,1,60.0,,,,,,,,,,,,,,,,model_not_in_checkout
bench02-2026-10-01,2026-10-01,/tmp/opencode/bench02-build/markov-cero-solve,36284e66e5584958d7cb57eb0fe7e1d080534835c9c01d1adcb5d4aca3336bc1,data/qp/QPLIB_8616.mps,qplib,QP,train,4,warm,absent,1,60.0,,,,,,,,,,,,,,,,model_not_in_checkout
bench02-2026-10-01,2026-10-01,/tmp/opencode/bench02-build/markov-cero-solve,36284e66e5584958d7cb57eb0fe7e1d080534835c9c01d1adcb5d4aca3336bc1,data/qp/QPLIB_8785.mps,qplib,QP,train,4,warm,absent,1,60.0,,,,,,,,,,,,,,,,model_not_in_checkout
bench02-2026-10-01,2026-10-01,/tmp/opencode/bench02-build/markov-cero-solve,36284e66e5584958d7cb57eb0fe7e1d080534835c9c01d1adcb5d4aca3336bc1,data/qp/QPLIB_8790.mps,qplib,QP,train,4,warm,absent,1,60.0,,,,,,,,,,,,,,,,model_not_in_checkout
bench02-2026-10-01,2026-10-01,/tmp/opencode/bench02-build/markov-cero-solve,36284e66e5584958d7cb57eb0fe7e1d080534835c9c01d1adcb5d4aca3336bc1,data/qp/QPLIB_8792.mps,qplib,QP,train,4,warm,absent,1,60.0,,,,,,,,,,,,,,,,model_not_in_checkout
bench02-2026-10-01,2026-10-01,/tmp/opencode/bench02-build/markov-cero-solve,36284e66e5584958d7cb57eb0fe7e1d080534835c9c01d1adcb5d4aca3336bc1,data/qp/QPLIB_8845.mps,qplib,QP,train,4,warm,absent,1,60.0,,,,,,,,,,,,,,,,model_not_in_checkout
bench02-2026-10-01,2026-10-01,/tmp/opencode/bench02-build/markov-cero-solve,36284e66e5584958d7cb57eb0fe7e1d080534835c9c01d1adcb5d4aca3336bc1,data/qp/QPLIB_8938.mps,qplib,QP,train,4,warm,absent,1,60.0,,,,,,,,,,,,,,,,model_not_in_checkout
bench02-2026-10-01,2026-10-01,/tmp/opencode/bench02-build/markov-cero-solve,36284e66e5584958d7cb57eb0fe7e1d080534835c9c01d1adcb5d4aca3336bc1,data/qp/QPLIB_8991.mps,qplib,QP,train,4,warm,absent,1,60.0,,,,,,,,,,,,,,,,model_not_in_checkout
bench02-2026-10-01,2026-10-01,/tmp/opencode/bench02-build/markov-cero-solve,36284e66e5584958d7cb57eb0fe7e1d080534835c9c01d1adcb5d4aca3336bc1,data/miplib/timtab1.mps,miplib,MILP,train,4,warm,ok,1,300.0,300003.648,300000.976753,ResourceLimit,false,unverified,0,143318.99999980998,,1307,1043013,10436,764771.99999978,764771.99999978,not_checked,no primal vector in result,exit_code=5; stderr=markov-cero 0.5.2 ResourceLimit [MILP -> milp] NOT VERIFIED proof: tier=unverified status=not_requested budget_exhausted=false nodes=0 witness_values=0 build_ms=0 replay_ms=0
bench02-2026-10-01,2026-10-01,/tmp/opencode/bench02-build/markov-cero-solve,36284e66e5584958d7cb57eb0fe7e1d080534835c9c01d1adcb5d4aca3336bc1,data/mittelmann/markshare_5_0.mps,mittelmann,MILP,train,4,warm,ok,1,300.0,300087.677,300070.111262,ResourceLimit,false,unverified,0,0,1,17139,3459183,218016,,,not_checked,no primal vector in result,exit_code=5; stderr=markov-cero 0.5.2 ResourceLimit [MILP -> milp] NOT VERIFIED proof: tier=unverified status=not_requested budget_exhausted=false nodes=0 witness_values=0 build_ms=0 replay_ms=0
bench02-2026-10-01,2026-10-01,/tmp/opencode/bench02-build/markov-cero-solve,36284e66e5584958d7cb57eb0fe7e1d080534835c9c01d1adcb5d4aca3336bc1,data/mittelmann/ran14x18_1.mps,mittelmann,MILP,train,4,warm,ok,1,300.0,300003.727,300001.128458,ResourceLimit,false,unverified,0,3147.133159063159,0.2366885376999372,1279,1285934,12092,,,not_checked,no primal vector in result,exit_code=5; stderr=markov-cero 0.5.2 ResourceLimit [MILP -> milp] NOT VERIFIED proof: tier=unverified status=not_requested budget_exhausted=false nodes=0 witness_values=0 build_ms=0 replay_ms=0
