path,sha256,bytes
.dockerignore,f7713cf2a48c0b6a373fa841ae610c2cc554a5d58ef95a941306e003b74dd552,292
.github/workflows/ci.yml,96c7f4f4bd29cda911869000ceca730e1c0e985deaf2293a663fc9f013d8b2f5,5647
.gitignore,f9632880f765b308034362e9f3a00e3db846dcb9146f7683b8e3ff65f1a371db,1411
CHANGELOG.md,97a7e825e18114cfb92d5451c6bf738ac7492fd6eed05dc518000d0d1d3bad2e,65008
CMakeLists.txt,2815693fd74dc09a5e0299ce2fc383f84f7f87749d26b89bc8ee445b48e80544,2207
LICENSE,cfc7749b96f63bd31c3c42b5c471bf756814053e847c10f3eb003417bc523d30,11358
MANIFEST.in,eda4faed753ae35dafc8fc4fffcd3c3d05c6283984a95ae58a21694054dd9d29,294
NOTICE,3859e7c5d9961f9d477533502a3eeba1de8ea6d6322a3db83ccdb26616297655,2039
README.md,06ef04111c709164623bdc1aad86350f73e6f5aefddecad0b5693ef497c13c9e,12061
VERSION,26e0ab83aa1ff6bd0ae3882787a92663aa19db128e1241ffc99375fb9ca0c121,6
apps/cli_numbers.hpp,b1c69ee223f8a007bff79b02261ccace233eedeaec4cf167286cd9c3a44b495a,648
apps/cli_options.cpp,e1dda1a73f2b2e8627e20c6f242bbf859c5ece4b58327a122b62124051ed5c87,11550
apps/cli_options.hpp,63a4c8225f501383554a1d85408b08ff919ff3e76a1f7cffba324b37ac6098a4,1575
apps/cli_proof_options.hpp,8a447a0e508f85df58f5adbeb72a64db241f6dc5886fd58c086bad314cb8f237,1713
apps/cli_usage.hpp,21df691bc293b03cef2e30a850beb507f28f06a484ddff7d9b6df0fc942591d3,3976
apps/json_data.hpp,1f7de730c7327a4d378bfd05f36f67a85d2167537804c786036a854bc3e95047,3636
apps/json_output.hpp,012458e265e2143ff28927cf3d39cdaa2944b992529addf01a7c7c3ee81d8479,12115
apps/markov_cero_iis.cpp,20f536fba329d449154ad4b948dd4deac573f4ef4e8c7e227814c17e42dde5bf,893
apps/markov_cero_info.cpp,faeda02dc5411d15c59656f4ec30df24d436a652f0b33d44390fd89b38af11a6,313
apps/markov_cero_mps_inspect.cpp,cfcdc0968d0ab8ab8fe25dc81fb1c111415c1265d7fd665add800bc2efdae864,1617
apps/markov_cero_solve.cpp,e925012b134593da5d5be4592cfe703ad3ec2cd15eb0984e3ec4d61d5402e2b8,9207
apps/markov_cero_verify_minlp.cpp,53e079c5ab8d61f5b18796cbdacc8755cbc3bb814cf286b358971febac152ebe,2351
apps/markov_cero_verify_mip.cpp,3b96162e5364d7dd5819830838e941c553da0af9211bfec6f7837652de7ec131,1459
apps/mip_verify_options.hpp,d307bfdea7b2f1d34da1f3e0ddd0b6595185b465a7df2a543ed82821ffdbe9e2,1244
cmake/BenchmarkTests.cmake,c8acb59a70aa5b571305451f403a2a288a3df6cf49720fb2447756a0a3cd60fc,2484
cmake/CoreTargets.cmake,9f207ec8439495df545f59af8cc53b0a6bfafa074ed5b7008421ead96f7dae3c,7712
cmake/Install.cmake,40d59cdd493fe598077e37205bdad8f2cb2d25ad313e4e1f2e8cb9a2d0aa7534,1172
cmake/TestTargets.cmake,b5be4f7c8309fe292501531c57e969f66f8b54384fe79f0e3daf4f0cdcdab0ac,19182
cmake/Tests.cmake,1df9cf3d38d92e6e26d886c1051e0bc62c0625be2102b6dd1b2ec5ae008eea56,14259
cmake/markov_ceroConfig.cmake.in,c89eea6063a9446242faa69d3f89e594e6193b2ee4882ec7695a5b0bc3d38731,244
data/cases/capitanescu_dc_opf.mps,05a34222338df156bd1639b9779a8eb75bcac6526cae6d1fa7aea2c5a4bb5bfe,4587
data/cases/capitanescu_dc_opf.provenance.json,b850e09070cef853f5bc22fe218706c87f3847b658718dd6de5358c786add902,1457
data/cases/crude_blending_large.mps,ed4edb65a31950e23124b3e976e24c41535325028393d45bf8671c14914d4bc7,122390
data/cases/crude_blending_large.provenance.json,655d3d5c71c80bfe983f2b36647a33ccc9e63d5673f248c101d57e06ed6bd094,378
data/cases/crude_blending_large.qps,3068d0b63df2305a9f471d951b38aa1506474684058055b16dcca6910069fb7d,40535
data/cases/li_crude_blending.mps,fb19e3a47adba2a02f1357164d54b2ed17e2f568d356ba0b451e5b4d991a4783,12010
data/cases/li_crude_blending.provenance.json,de4d409deaee73c379614cff21d7bd974a3bbb7ef7ac658318872724b5dbfd8f,1021
data/cases/neiro_refinery_scheduling.mps,d4aac328f46c31df8601f0d77314a3feb97942c3e0a9655cd1acbc222d47d907,15199
data/cases/neiro_refinery_scheduling.provenance.json,36e9a553d30b836e85e0b2c2a24c0ae914eb4f33fd6bbcc537619416d1b41d51,1066
data/cases/pochet_lot_sizing.mps,25439d2d035fc3b34eccbd493216872f8edf5905495869c7291d086efd2fb3b7,16743
data/cases/pochet_lot_sizing.provenance.json,ea55b51477a6998d915d6b8913e81d83dc6e629874abefbfcdb17d081d8eb302,880
data/cases/power_dispatch_dc_opf.provenance.json,32ccc155ecb732e25f5987a6816714284411b6420d3d2e80657c640383689400,370
data/cases/power_dispatch_dc_opf.qps,4941d0292d6c41861af5c86f7451dd5e447fc98f1a661e74a2bd818cee4826c5,67956
data/cases/process_network_large.mps,edff1aa5bd73d9ab661b8b69f22dc96b0757bfe2acf5a96e5700cb008e037be3,71338
data/cases/process_network_large.provenance.json,1c777994df1cc2ebf65da3011c797c1d1b3ef6da9ce1597bc912aefc56b9ca17,374
data/cases/production_planning_large.mps,0c9980de1fd1ce7af868f1e16783226647180405d5f68c8c7a90e1d374baa1cc,28714
data/cases/production_planning_large.provenance.json,7bce4ab6c0e58beac396ac348955fafeee99926200465e7f12789e9746da837c,414
data/cases/refinery_scheduling_large.mps,844e5b7f15e6e9ca09e97db0164a4851aad5a4ed673a1756810801030b53b677,129072
data/cases/refinery_scheduling_large.provenance.json,a6ac0c6d6061549595fc0ac9b64499d1a987ac59e45f7e7240fd65e355e0cfbe,380
data/cases/shapiro_network_flow.mps,318fd983e858d10932c6eba1c2143c24b7eea708a8233e11c474ec644cb54e7a,9727
data/cases/shapiro_network_flow.provenance.json,97573e68c2f140a03fb98feb6f92493cdcc52e28c1e3fd98d002ed95c0e3f928,808
data/cases/supply_chain_large.mps,219928cce852760a536a1ff625fa1041fb69f9a64932ca0cb87d70ad1c48a3d4,57386
data/cases/supply_chain_large.provenance.json,c4fd989aa01895115d967e4f418fc320e4f62b7dcfe41d91f4a162e98553780f,402
data/compare/miplib.txt,22dfb576d43b28a4a6bac859c76e75eada2faaa0435a0e9b74d15369dcae486e,166
data/compare/netlib.txt,15ea71db9ba53e49adaadab432b56c59f24288eed98d6ecb78f4f347d5a33a95,654
data/miplib/CMS750_4.provenance.json,772e1991d7dc2bb58702e9b6b3387c1e3f35c4f7375b8173df4d55210feed309,386
data/miplib/assign1-5-8.provenance.json,61890a95158e01e0ea160ab3e4446b44f34bac4320262ef896446aa19011ffb8,400
data/miplib/b1c1s1.provenance.json,d8e7e178fe92e02ffa3e76a0d77d4f5909d0fb0ca4d885673382a92295658d2a,380
data/miplib/beasleyC3.provenance.json,33854979924c11f7902770251166d806fc17c82cbbd8cdd538f3da6bb5367aa2,398
data/miplib/binkar10_1.provenance.json,388ae9357bf2d5ad61a22618c8e8172535e22b9adf7fdfa92fd7f88ee8bc4762,399
data/miplib/blp-ar98.provenance.json,f1bc5d275cd0b593e633a9b02cef5a5983c457d3e920649ad305b8e32d8e6306,394
data/miplib/blp-ic98.provenance.json,19d7552441f04abe2e64c14f8e54973054e0b6f27604ba13373345d985b2dad0,394
data/miplib/bnatt400.provenance.json,3a8b8122060a0a95fe587c718dd0aac337236453921216f70e62454b6feaf673,382
data/miplib/bppc4-08.provenance.json,f77e652dd52f98eeb985894c5ca6f283cc9158dea4407d6da216a422269a2d80,382
data/miplib/cmflsp50-24-8-8.provenance.json,ded7489a9db16ee6a7d45238afdf7950ae710a3172df5c1b7b6f0ec7ba4093eb,414
data/miplib/cod105.provenance.json,8f5309a30d364953f1bbd0a817c7fbe10aa21d281419327a4bcc8aba508adef7,378
data/miplib/comp21-2idx.provenance.json,ca9a385a30c5102624553e95debe80a87bbb8b11c10033ea326b671cc343132c,396
data/miplib/cost266-UUE.provenance.json,f7f4eff768b747b70429d48cc77d1be2b6b0bf492c9745462ff8622e2e587eea,404
data/miplib/csched007.provenance.json,e4cdda2c6af9c2e9d64de879a4e4bdc374155954205ac0825c2fe8e49534ee3f,397
data/miplib/csched008.provenance.json,e973f29582e4bdde9dd36cc62beb31e32c3edfc31e9bf2b2e5f9d4407e305b12,385
data/miplib/cvs16r128-89.provenance.json,0e846f105f14f4fdebcef245d0abae1b10d10e3b65d7673232da0539f65ed0b7,396
data/miplib/dano3_3.provenance.json,51182ace1c2cb238dc284763a3849b08a57bdf0002e6e94b83350e05c15262ef,387
data/miplib/dano3_5.provenance.json,05ee4552251785cb5c541977560caed943b1dafb148763763072d368870a9053,393
data/miplib/decomp2.provenance.json,581cdf1bf2dd27f754412142dbb16442474fb011bab4539f30a8cc957310ee45,385
data/miplib/drayage-100-23.provenance.json,a5f1443cb332e001f07a082e25c1e1fddceb311d9ed218582a1c9e4b7edc35d3,411
data/miplib/drayage-25-23.provenance.json,b6cec4530fc4348b81664307e840dc88662ddcc7d57f29067fae752dc5153733,409
data/miplib/dws008-01.provenance.json,511c717e6044ac1c2f4b71a4f390addc1b136072c88563c02ad031e3cbe3b807,400
data/miplib/eil33-2.provenance.json,fd8b9f1a36627df7b16d2a9fc64420bb5c184c9f4329878bb41782564ac51fe1,390
data/miplib/enlight_hard.mps,572ca23c17d0ad734895e8338af458525a753ee76bdb117d2917e4069c6b65b0,56971
data/miplib/enlight_hard.provenance.json,77016f68feb4b78817bf8e967ea69f63d825431cc2f0a3cad14711d243350b5c,392
data/miplib/exp-1-500-5-5.provenance.json,3e9203b381cc974df2c53ec68863c502038b1f5ac98c127677b4c24c702c528d,397
data/miplib/fastxgemm-n2r6s0t2.provenance.json,3cafbf46a9742d6523f72b4e64decd93ed1c9efd0c68fe7e780c2cee4ed2a6a3,411
data/miplib/fhnw-binpack4-48.provenance.json,dd8cec407db226c752292fdec05d37a7ecd88c174bcd0b128e05cd97624c1a4d,406
data/miplib/flugpl.mps,ed4b1fcb07d26b513027721d61344c2c4371cb506bf66098df328047c183b0c0,4161
data/miplib/flugpl.provenance.json,b4af1b756dac18f116012e3ac9e354f88f0f01dd0b8bee64b05c263181a4ab53,373
data/miplib/gen-ip002.mps,30ed071e531beea561b330dd8e590eb641a5ec6d4e3f41a8d54735ce27db01b6,48940
data/miplib/gen-ip002.provenance.json,2c7d3f5a716f4cc5fa8f7e43ae161f9d3ec335bac17add6a53fc1ab050bc4922,386
data/miplib/gen-ip054.mps,8b71b70a6f92ea9bde78b375f4366e7cc021cfb517df87130775f8b8bdf47333,29589
data/miplib/gen-ip054.provenance.json,551d148dccf880ac1ab5404bceb232aa5f3c9db29b8afd9c5e1c812d9ac187c6,387
data/miplib/germanrr.provenance.json,c32700d7b545b93bdcc602580648ab38c67a830360116b3f6e8f803e768c47f1,397
data/miplib/glass-sc.provenance.json,a98268b4d57427aa874f8313f6d13fd5ea065a8caf262ddaed05f308af85f8c2,381
data/miplib/gmu-35-40.provenance.json,c1e04559c4f3f281e2caef12666913826720fd16c4e3edbc0ba7737cbebdf9d1,393
data/miplib/gmu-35-50.provenance.json,1b6ca50f83cb65b1c224698b52807e2450c081b2cbf1b3e8dec6afe00be356ff,391
data/miplib/graph20-20-1rand.provenance.json,996a2d8250eff93bb858f4d75257a053ee382dd0aa77cf622f6677d92d805d7c,407
data/miplib/graphdraw-domain.provenance.json,3c456a3be823d9859a8e524d3e435190272f4870033e031c7886b0892eb45a33,417
data/miplib/h80x6320d.provenance.json,a89f545732162062bcff7913ee1b7e4474fb7496148439cdf2b7f7f32ef0cb57,400
data/miplib/hypothyroid-k1.provenance.json,ba8e4776a68ce37238bd916d7147eb297bf996b4b2496fdc998efdfd60632350,405
data/miplib/ic97_potential.provenance.json,9419748f6fb83ee40e5d67c6e50413f331a192f40195d57f25b947e687bdf87c,411
data/miplib/icir97_tension.provenance.json,73f24ecb46dae02106f69241cbe271cbf096dca8e6c84f4b7e5b7ae2a9339073,404
data/miplib/irp.provenance.json,458598c62cd708a299dbdc18b3e12489d1a4c9cb8a7b040eae833b7a207660cc,381
data/miplib/istanbul-no-cutoff.provenance.json,d78163ffe58110259c559a3970979a50409f9dd7a896fac5a582d0d4a4e764f5,420
data/miplib/leo1.provenance.json,39a36e45cd89fb0bac331ca7f4feed8af795aab92b07e0c5d13f8b40cb59051d,379
data/miplib/leo2.provenance.json,f11f6a05dd3fd7b2f4d0971a5a9ef0136ebd83114ad2e43f1aa956792dcf1dd3,381
data/miplib/lotsize.provenance.json,937deb9b92b2dc25a6ef79511e891b755ecd8f47a160c04b135e401dcdaf33dc,384
data/miplib/mad.provenance.json,f01f0d8a3b5d91c27dc86e76d85c31ac9e9b51e6324fe3ac62971ae3afd3a041,365
data/miplib/markshare_4_0.mps,a05d1c8c1a1e0646ea31965fd5e05af7a41801db3cb1820b2ab4cd95c7bc32db,5377
data/miplib/markshare_4_0.provenance.json,48d11517cf556484d81d7353f7bc9e12c9c85b77a31766f9b95394c31e91ec50,388
data/miplib/mas74.mps,181f02fd634306ad6431f21d5e8115f3e8112f2e7d2bebed1690475b49acc4af,64163
data/miplib/mas74.provenance.json,848befc9b6e78e27f58a0a41668d073c66480f6884cec2d089ee69946b4008d8,376
data/miplib/mas76.mps,114b73dbe17c1d1b4d37a09311424571781225e01edfbec1c6acb320214593f6,62523
data/miplib/mas76.provenance.json,f02dc7e3f08db67f3da317aff98a71a8e3db370d8ba0aac7f5de15a4d8cf7598,382
data/miplib/mc11.provenance.json,889b8cf0c675aee7455ef722b1ef0def5c7e3fe386e6ddb65542cbae051c1b8d,383
data/miplib/mcsched.provenance.json,399f5604a5ead2931b706a0b04a74dbda4b5a54a504fec0545f16c07e049c75a,383
data/miplib/mik-250-20-75-4.provenance.json,8a7681a59afd0e227c32c0320f95b02d2c0ede9600554af6827eb376040c1b78,405
data/miplib/milo-v12-6-r2-40-1.provenance.json,2b48882565e751ed637354a2953a56437faab06a2e23a0321a2154c67ccc8831,423
data/miplib/mushroom-best.provenance.json,17fad13c1bd7c5323538108a34ace5a37c5e4567c48b23404a1433f375746a83,409
data/miplib/mzzv11.provenance.json,1aa2ef523adb67326c49a12ad5075a61b5a0ce3a260f6bd44688011648d9bbef,385
data/miplib/mzzv42z.provenance.json,0079b564222c060387144feb5aeb77c0434b9c30b9dbdd5a2a7b6e0badb0af6c,390
data/miplib/n2seq36q.provenance.json,f05b2f0f5adbd86eab975a3cfaf014752d6a2cbf69fda9f98d4ec73028ccf6a8,389
data/miplib/n5-3.provenance.json,f67f49bd2660a8c336062324f3c97ef02c06b29496a4f15e4b6ef5c2ec72c3e0,382
data/miplib/neos-1171448.provenance.json,77e806d1c693855d9022e12197730ba7fed5df7391c2e1803975ae516e8c88d7,399
data/miplib/neos-1171737.provenance.json,345acb29c10f6bd69f5c8a664499a97891fc08bb14b05367efed6e9e401b047c,397
data/miplib/neos-1354092.provenance.json,5a312f92faad227e7364b8ea2d5de5b62d7b4d7b31d9f1c7cae231cf7c6e1785,400
data/miplib/neos-1456979.provenance.json,6876eb4268da117fa14b77f942775c91a420a36c781de8f94908be509e1a5550,398
data/miplib/neos-1582420.provenance.json,4fc8026e61ace48b927e2e9b9e785beaa1b0d54d748f28711276b387f87468c8,413
data/miplib/neos-2657525-crna.mps,31a5a4880f97d3844a273b57221e88a6491bb392b1185290548d9f18b17402eb,69728
data/miplib/neos-2657525-crna.provenance.json,08af131e9e4c75e7fec2791ed0d3de65a75e28d584053c7ac006d999beda91f7,412
data/miplib/neos-2978193-inde.provenance.json,6c36ad62d4cc9bba1995dcc53152995c561d46b961a30d766572cb3475331dcd,415
data/miplib/neos-3004026-krka.provenance.json,86aac7209b8b96baae9aab5f3952d110fbf2996ded93333e64b70cfe46bd91e4,414
data/miplib/neos-3024952-loue.provenance.json,3d9a51de73757806583dd33b51bf98582c7a8a0ab722b45d48358a078fed11b9,413
data/miplib/neos-3046615-murg.mps,d8bfe7f051fdf60fdd27c0c5e7e6286729561275f13d87e2f71b1e78b19ccaf5,59152
data/miplib/neos-3046615-murg.provenance.json,027ec4ca4b7deec9bda109e49d79f1a6d2ab35d83cc6d707a25bb0ede896360c,409
data/miplib/neos-3083819-nubu.provenance.json,ee6263be2f13d9f7b1961c997e06d6ac0d1fa193764225082f5c2e5f7efd8d11,415
data/miplib/neos-3216931-puriri.provenance.json,5e8d7cff69d2d18e9d77945a4f76b00f9e9de11293a1f15c0d491e24a8f5b101,419
data/miplib/neos-3381206-awhea.provenance.json,88a038e6761f03b184402f0eef3efa90ce64f51d5616cfd0aca56bef545cfd6f,414
data/miplib/neos-3627168-kasai.provenance.json,0a85ca737c9f5c5ae7ea4d0fef87ca2f201b02b8831e2d9ad8c3fffbf742949b,424
data/miplib/neos-3754480-nidda.mps,f9b9bf4718a28ac757b176d4f30476758936ea361dad6733a096f5835ad9dcf3,66160
data/miplib/neos-3754480-nidda.provenance.json,ad16f11c1f13260c6d8c83b916e91c4a53b13d8f5cd3299b5c5accb79b48d906,420
data/miplib/neos-4338804-snowy.provenance.json,d5c5649ef265d2d549b8c8cf3dd1bc712bbdce9a3b5565d3350c8248e4a3ba49,415
data/miplib/neos-4387871-tavua.provenance.json,15150426a9e3752266a8ea6e8fef75da55205af1d1e116479b32995a627b5372,421
data/miplib/neos-4738912-atrato.provenance.json,d659f34ce684f91d81aeaa3d89b09dc47d74e662af3883ca76cd820e2ef52b44,428
data/miplib/neos-4954672-berkel.provenance.json,9997686d3224f922ba34a16007d6e6ffe7ece7ee88f9653e311322849827df5c,419
data/miplib/neos-5107597-kakapo.provenance.json,dc752380167d35ce280fda9cd891b7bec29c250beb41bd7c120bfdc867c920e3,428
data/miplib/neos-662469.provenance.json,72153a07f6a223107f140f2939982e5b978f493cc7910855de404045b952872f,410
data/miplib/neos-860300.provenance.json,e9c11180f031fe27c2568ded49d1e1cbd9142317619da3669691831002231771,405
data/miplib/neos-911970.provenance.json,5d32e46791928f3b20b9b651dccb427ca11c4b53f345d66c7342fd7516e6e527,389
data/miplib/neos17.provenance.json,f2c573ab28f5b097d404468b4e25953454ea1e326e9ef580b21ae7aa2a0f8db7,381
data/miplib/net12.provenance.json,3017bc511fde27f7a3dd0521d8149e4c13fa130281a257f1191c4a1d780e9155,377
data/miplib/nexp-150-20-8-5.provenance.json,ac277eaef61eea9c6840b2c6fc724af9d8fa0a1eba712f9434aa75112a256bdf,407
data/miplib/ns1208400.provenance.json,b718ae5c59ec6661075c6f86a2b423d062832fd6ef39be5874cd6062519286d8,385
data/miplib/ns1830653.provenance.json,786a33f06924579a6952e624d91542244b49fd1a3768defd66db33e200a6fca3,390
data/miplib/ns1952667.provenance.json,f55e7f3d2ceda554e89386e3511925f0e9a4a0bf693c11e01383075e56d83530,386
data/miplib/nu25-pr12.provenance.json,17a2d2dab04bfb14a47a9b6633cb6127197e84a846fce86c01b421c10d60437c,400
data/miplib/p200x1188c.provenance.json,3b7702c18751bda811c76a4d28ee1b8a9e95b27768588a0acabbc6e402dbbebd,391
data/miplib/peg-solitaire-a3.provenance.json,961f2bb26435a59040e8db87ad40c828185fe4c45ee5357de5ad0d40a0916726,406
data/miplib/pg.provenance.json,b979d04de0219abdc7c556dee5cd25530f6a4960f05ddade7748cb86845f3e52,372
data/miplib/pg5_34.provenance.json,ff6d46123ce84855a85a1868bccb249c711c632c9720969b66f2f7ec548a5df8,382
data/miplib/piperout-08.provenance.json,4b8fd2e1c530e2b8b20fdc7791485c6a2433f5a83055f6940caa579328354ce9,410
data/miplib/pk1.mps,13851ed426a2dfd7c6af7b021236553c391d77a675ab9223dd9135d3351c2e66,31982
data/miplib/pk1.provenance.json,4a7b864857f9402f239e967efb8ee3774ece5dafaa749c91963632132d70d05e,360
data/miplib/qap10.provenance.json,75d108315997b4ab130b258d4d2637f470d85dc350182d70a7cc7abe6de907e3,387
data/miplib/ran14x18-disj-8.provenance.json,d0baebe80a1383d9dfdb0521d1710abe391761108f4ef8e2c12d3400e37b09fa,403
data/miplib/reblock115.provenance.json,5eb1e1fd1499d56dacb475f827d8b8d0523bb6e7b556825557c5163118f8bc23,399
data/miplib/rmatr100-p10.provenance.json,8ab5fd01feebc4d916e9d433ac061c70fd9c737a960b67b37297e1a371c2ce29,395
data/miplib/rocI-4-11.provenance.json,26ee60b9a638793ba2b2801ab863525f9c0dbb5ffb3fe1f4aa614601ce82f9a9,396
data/miplib/rococoB10-011000.provenance.json,c49ef13c4a6913e9f77f26d230cc3f7d2dc941bbd2205c58d1bcbe9d70be40fc,412
data/miplib/rococoC10-001000.provenance.json,c702073e778aa85bc2aa500ddc0fd3871e1926a960799bd6a1830214f3a7c4f0,412
data/miplib/sct2.provenance.json,c163c7e1a71167c8ddbbd2a5dfeecf25224aa587fbc103a8828db0cadcc66019,379
data/miplib/seymour.provenance.json,4c4d4d108c3e5ba7c95a78706f51df2e4bbf0c76badc4f561a8f5e43ae71e963,381
data/miplib/seymour1.provenance.json,73073723d45295b1a55f8ca037f3579ce6566e86d9f7bafa280fd9415d75e8e5,390
data/miplib/sp150x300d.mps,339aa4411ef126df72dc66718090fc6915debdc44d732a0f0be903310e52cf4a,75788
data/miplib/sp150x300d.provenance.json,adba107b1456da690c8284e73c19863b5af676eb085971f2987cc00e313a4279,385
data/miplib/sp97ar.provenance.json,efcc99f78f64e71023a4926e2dbb669487f7f73f324cacbeb09d9ea8a5b63643,389
data/miplib/sp98ar.provenance.json,36ead14b109673229e2bd76f54ffdd3396f39da5c9c10efac88aacb4cce9f0ea,387
data/miplib/stein15.mps,8c8903ab3f05d273556c4c325932b4e296d7977bd76857e67b0f1e3cbfad0681,6968
data/miplib/stein15.provenance.json,654470320515751d22ab42dbda52939d5ad126edec7e7070d63584f267e15433,301
data/miplib/stein9.mps,a07e4e004a694727379e6d9c11cbdbfb28bea5958cae6bb62dc6ba9ea9ed7b17,3135
data/miplib/stein9.provenance.json,a00a1174b943a386ae369d0399a378b1733dd61dd7e3508c1ba7bdceba66b023,298
data/miplib/supportcase18.provenance.json,55fd146e99cb9b07d36af2413d288d098c6ab694828da1d419807a2ee4a5bcb6,399
data/miplib/supportcase26.provenance.json,39f8790765cdb583b428ce1d8b72daca9583cdb39ad3feb11094e014c1f27c64,401
data/miplib/swath1.provenance.json,c6f0184de6a57945bae8470ea845d61257b7bbdfdacfb24c7f8fc05b2704358d,384
data/miplib/timtab1.mps,bc196d8cba1f846a3de1cdbed4463f6444186105ef3d3545935091b8403b0435,53477
data/miplib/timtab1.provenance.json,62703700c274adbd66ea0b6ffb7cb445a362ae1a48e160f7bd8c9c438904404d,386
data/miplib/tr12-30.provenance.json,add91b5aa36c9a6779f6a7fee7c5caceb846f1a448d08b02873cbe26f37afed5,390
data/miplib/traininstance2.provenance.json,bac6b6129e6534d985217e377fc638373316818b030aadbb70401cd2d7458e83,409
data/miplib/traininstance6.provenance.json,39a59d980de6a2ce7ff07ec41a5782e410d04c11a0f403fff6995086884afcaa,409
data/miplib/trento1.provenance.json,a2fbc4a2b1689e22c45f810e3033a304ed0cf4a2dc878f1a7e07da3baf134fc6,385
data/miplib/uct-subprob.provenance.json,9ccd1c27c9b3764b7d0ca940bcfb3688db8cef25c8807798fda4aff4d802eeb2,392
data/miplib/wachplan.provenance.json,f658e1506ddd5507e658d1b97f2095de59d4c3a330bed5002eece9afbe509e7d,383
data/miqp/miqp_binquad_n12.mps,a8f3afa4ddfb6b239b3d6f262f1b47497126fca101864f01718a453ac4c75a96,1772
data/miqp/miqp_binquad_n12.provenance.json,8acab6a3dd8226757d2a601c28be0c8a010b856c30b921e3c5be6c5fc2cdd1b5,955
data/miqp/miqp_coupling_n20.mps,78a87ad2617f8bcf408c4f12c0b033a9734c265a41796ef6de8383aa298eb765,7266
data/miqp/miqp_coupling_n20.provenance.json,1e1dc0f2d8029fbdf50490337b1f2d15495245ebbbc2e6b245965fb47f7390ac,1017
data/miqp/miqp_dense_block_n16.mps,5c6fe02b0fba6b693b12de173ef8e6a9d4d7413656a2e1d99974d9a653bc7e4d,4741
data/miqp/miqp_dense_block_n16.provenance.json,c0840e466b7789286bded82348156977559f9f069fef0ecd9d8f26bfd1c4cdc7,989
data/miqp/miqp_large_n40.mps,75979c786cc5b443934d13809c5a6c48b29e5d4b6ab2c16888fd5e789d1174a8,23287
data/miqp/miqp_large_n40.provenance.json,54cc2a620f6fef28b9942b67fc2d6f4bfb3e9bfca6082fb12cfab35d2a314bed,1152
data/miqp/miqp_maximize_n18.mps,3d47bdef4452dccb6c66b453aaf841699af0deffa2009d5aae720054a9207266,5812
data/miqp/miqp_maximize_n18.provenance.json,6e760974ab12a8171c6632edb79fe25bf61e6358e4b047aa8d6cd5fdcc62eb14,1003
data/mittelmann/30n20b8.provenance.json,001f02c7b1b91825c360dbceeea44772bc958978964bc98072131a1b02333ccd,395
data/mittelmann/50v-10.provenance.json,45de125c2bbbdde98d222ed2531d82fc9bee4977f4778c7e96a28fee0bdefe36,389
data/mittelmann/README.md,3df3b71baf705f33ec56f3badfadcb0670408284e6a79a327b47ff6b363710ba,1310
data/mittelmann/air05.provenance.json,ad64e5d516cb4d3a675e606c23f5fbd3fa20df10afd62a24f2487d5a48d41237,387
data/mittelmann/app1-1.provenance.json,bad5d39e09b55004bfe91ebbf2e005dc7a69b9bbd91c6f5d673d3096e79cc547,390
data/mittelmann/bienst1.provenance.json,d9b794a000051f16a36b9bc0739cd365900c6dc615827285a252d494b06f8431,370
data/mittelmann/bienst2.provenance.json,9761e747f1c184dd5d135abb51aa9ad612f99ae89d8dd40684d99438b41fce8e,370
data/mittelmann/fome11.provenance.json,977691acc720199d646c85683dcd657e07442e704ea3d6dd7f2df6610921eca5,457
data/mittelmann/fome12.provenance.json,03ad0c4c20b4963ba80a77fb4598f392183a3812e7b65cedb8f218f17498646e,457
data/mittelmann/fome13.provenance.json,c1fc67077506338b0e5b9941ba2393c26d4ce4b1964b29b5e9a35d80d0eee985,458
data/mittelmann/markshare_5_0.mps,a510e71e7ba9d35989fb554830f200c86bd37f59a4ecaaadf370ecbc3e9ce670,8520
data/mittelmann/markshare_5_0.provenance.json,7435ea95ca1f5e322837f1b214aac84abe92744f36c6217cb4cfd108f964154c,388
data/mittelmann/mkc1.provenance.json,5a2b510a9160d1889834ca119ee5a054e4e6fa4c55d624b578bc9c7e8c44817a,363
data/mittelmann/neos5.mps,6004edda3e48c0d2e6b109e88c059bd874875535fa420cd486461e68a7375870,69767
data/mittelmann/neos5.provenance.json,19afeb8177975816715fa8541de07eb452fb06e02c1073455203b816264d2efc,319
data/mittelmann/nug08-3rd.provenance.json,3a8b2efe39e4c1e2e001151c4d1978941ffad71643895d473ab014c3cd5ba7bf,464
data/mittelmann/nug20.provenance.json,99276c3bc2a06fb116fac508fa050cd589eb5c2dff441df8ecd430838ae5ab56,453
data/mittelmann/pds-20.provenance.json,a529c824e6abd94d81a1f688cae5bd0bf1cf13aa811b38bcc5914d6be54e1204,457
data/mittelmann/qap15.provenance.json,1eed4b1e0ed4a3b68a661eac58db89ae483b9b22d95636d928401485c61cef53,369
data/mittelmann/rail507.provenance.json,d09d0be1806c8c909a2b34e27acb8eaf54030ed1fc9888fed31a14e6d93e6dba,459
data/mittelmann/rail516.provenance.json,1966c44cb10f661a4dea6809069b76c9c15064a88867ffa308d6abafb05bfb0d,459
data/mittelmann/rail582.provenance.json,6c49ed7ad4b24cfd5703394b7c52a1e17ce020b0b5d8aaa3576c55ba0a7f41db,459
data/mittelmann/ran14x18_1.mps,211ff8ce77c6fdcdb7cbbf6b594448e7beb7cc490fe003754395598d1ba1f289,81786
data/mittelmann/ran14x18_1.provenance.json,3b0646d58521b68721920faf0a087471bdbd486f16d0bd644a89eaa849d052fb,349
data/mittelmann_tables/bench_index.csv,a9a787d8d099f86d0375bb0e226127fa711a72a5854e777cfbaf72077717c8a7,327
data/mittelmann_tables/bench_index.html,143cb40dd656f5e9fd09d22588075fae860a0215c85d60e061a6ca925f556a28,12198
data/mittelmann_tables/lp_opt.html,32657ab6e620b4239ad4179aa68f157ffd35e9a588d333c41b2de4114b24787c,8704
data/mittelmann_tables/milp_12threads.csv,f0d9c8d6121312166b4944710b51f9bb7231479c7fc347bbb2e57642ae8a5e89,27151
data/mittelmann_tables/milp_12threads.html,f983b5010256c7698de26da3e7d513137804a605682cff46b0448215f77a7ea3,36581
data/mittelmann_tables/provenance.json,3fcc4f11e895cb1d5d90e0f6ad13357487da0857d914a3f3d3e88e52a235ac96,383
data/ml_training/bnatt400/bnatt400.json,33e449670cbe5f87903bce84c7fd0dbb6e2c1ee2a99f693b7e160775b0b8874f,1443
data/ml_training/dano3_3/dano3_3.json,f7dfdb5c1cfd1ce0e4736dfd43b1602dc6af55415b34d2fe727ba1c271a886dc,1446
data/ml_training/dano3_5/dano3_5.json,09c4f2a49fe7f1983ef3ea5f221353bdba56a714c5c1be8ad0073c5d1b70460e,1434
data/ml_training/drayage-100-23/drayage-100-23.json,e1f34db2c2beeb545259d0a32ce8c735a8495f9d57a987e6f052a3ed6cd7f0b3,1493
data/ml_training/dws008-01/dws008-01.json,d02d7206ca8dfa03807572f98e559d9df2dbc1f6430a8ddc186d0aa57ec76b31,1444
data/ml_training/enlight_hard/enlight_hard.json,72e923fa8c9b6f645a5bd41bbeb184f3888f82cbccc6482f46c74c14e18de53b,1375
data/ml_training/enlight_hard/enlight_hard.sb.bin,3678031f7b7a763dd8dccc3ca0dececc20c01411a0e764bf4201be6435d21dc9,4772
data/ml_training/flugpl/flugpl.json,1f0c95fd1102de965065906d28167f14419ed3fe4c52182547c7f4147b6a7729,1359
data/ml_training/flugpl/flugpl.sb.bin,84248b04142fd06165f303581d9cb9a68c6e63e8b758bf78dcbd347d284c8670,1548
data/ml_training/gen-ip002/gen-ip002.json,fa5e4074e1ddd83da3ab839e1a12993467799593c1a74bec7d384937cca50a76,1453
data/ml_training/gen-ip054/gen-ip054.json,ee0ef7975a58d43ec2573e214aa4c4adb960096907141e6a58d7ad8b1471e740,1370
data/ml_training/germanrr/germanrr.json,bab0521958cdfbe5b7466cfc190c61c62fa450a4c8e8aeb25bc908f0dda1ea5b,1448
data/ml_training/glass-sc/glass-sc.json,83fe424414fc9319385225afb1061a922d053dd36ccba1aad060969caab366d3,1502
data/ml_training/hypothyroid-k1/hypothyroid-k1.json,bb4544f74c6917a74dd27987e4adaf0c0457e4b426ff0cdf822c0bd48066261c,1493
data/ml_training/irp/irp.json,bc7413476966932b88ec4b140420b221d384f96ed4c385b001af5d373a6f34cb,1502
data/ml_training/istanbul-no-cutoff/istanbul-no-cutoff.json,f01a03f1b9cbed6c32df9e6e565c9481a67ae2fe5d4e8b0f892bf52e19eed43b,1433
data/ml_training/leo2/leo2.json,383d56148853548a35e6806f9bbcf5999d48a700026065c383bf28da085befc5,1407
data/ml_training/markshare_4_0/markshare_4_0.json,1557907a16612ffe0848999ed9cdf8aba5f5f933cc6e707ba969d19636d668ad,1404
data/ml_training/markshare_4_0/markshare_4_0.sb.bin,fc4fbc5c0b49b444240722d35f46b90605122a867f3273412344c9a5b645e2da,692
data/ml_training/mas74/mas74.json,4ab7c0bf74351f7259a60f6b7047eff4544fdcff8ace362f6dd537b897ae97f3,1676
data/ml_training/mas74/mas74.sb.bin,282102f86ef919ceb5e656c71f465cfdeb5f75982f10cb81100a9bb5b922a40f,2868
data/ml_training/mas76/mas76.json,bf72395958f68311f15bc38e14027d542760bce51af99a5f5a0af64afa22c4c1,1676
data/ml_training/mas76/mas76.sb.bin,fb570448584758afff27f1901805820afbfa4ec186c0fc66c8ed82f2ac965c1b,2508
data/ml_training/milo-v12-6-r2-40-1/milo-v12-6-r2-40-1.json,4cf4a9f309a0e9a869827335c958df0aec109f59e764f5ee64f791ed091e6b15,1445
data/ml_training/mzzv11/mzzv11.json,f16c4bbcecc3bc9baf0036fa9afddc0c3c505afac18e8b38eba8c432805abc7a,1506
data/ml_training/mzzv42z/mzzv42z.json,1118d7fcf5c05a4ff1729729d72d3be1fa4354a26c86ad323c4ba3c37f26dc85,1506
data/ml_training/neos-1171737/neos-1171737.json,291815d44bae4075cd039d5137fadc66ef98a3935e9a1d34e367005584e6f34a,1444
data/ml_training/neos-1354092/neos-1354092.json,90a5d5115756b0d4458683ebf896cef9e894e38e72ccb08cc3f1d8a7c8cf3ceb,1505
data/ml_training/neos-1582420/neos-1582420.json,7a243dc297ef6cb1baba892264a260294002f7127e72af24238d18be6c20fb55,1493
data/ml_training/neos-3024952-loue/neos-3024952-loue.json,b367184a7ee53b3dc053934e7c71b7b58cd54e2fd82c9f7c1762aa0fa7a65686,1502
data/ml_training/neos-3046615-murg/neos-3046615-murg.json,a18985d537918307812a01b62fd8d30d2fd08dc89a923e747825bacbd79d9f06,1367
data/ml_training/neos-3754480-nidda/neos-3754480-nidda.json,2fe90dc04bc66fb34b58785bf5980d1a48a129a424bb39a53b45dee03a71c243,1382
data/ml_training/neos-3754480-nidda/neos-3754480-nidda.sb.bin,46c779042a8764c5a2e4656ab6857389230c4e1685e9d121e205fbcf924d2fd0,9068
data/ml_training/neos-4387871-tavua/neos-4387871-tavua.json,c60f28989f9ab25aa79bd3c03af6671ecfba97837213698dd3784ea55617be55,1445
data/ml_training/neos-4738912-atrato/neos-4738912-atrato.json,32fe43e0060cd487594cbf476540664e5b5a92cbec23ba7196a596a2a83ddf5d,1504
data/ml_training/neos-5107597-kakapo/neos-5107597-kakapo.json,225966f55539caf33e95ddf5f03a5aaf81cb91ea66708843e85cc7367fdff3fd,1430
data/ml_training/neos-662469/neos-662469.json,7da392bf6cac09f164b2e7aab97949f805b567eee641f9cffc074872188337eb,1505
data/ml_training/neos17/neos17.json,dc6fa062565f769d489977715201ead9ce09cdf9d3764d0dc2da3ab8e0081db6,5273
data/ml_training/neos17/neos17.sb.bin,c7097f860cfdcc4701a2229cf2dd0109109ea993017d52e24dc9dad394184541,27692
data/ml_training/net12/net12.json,7e49cd815ade8a32a3c3cd9be201d499a51269ddb6a9b9c1042055b8f5d7a118,1493
data/ml_training/nexp-150-20-8-5/nexp-150-20-8-5.json,ef340a62aa1a489fc7d198eee9631b9571cc907f4f9bd6a280b195aa65ff4d53,1433
data/ml_training/ns1208400/ns1208400.json,8be292bb58c78c070335cd3d08759c1ef4fecf1b6324a12a384bae8ac0e43278,1444
data/ml_training/ns1830653/ns1830653.json,8a758ebd0c992f839044c0db6b349127db643de54cf7315e215c1cd8fd875c86,1492
data/ml_training/ns1952667/ns1952667.json,b1e79cfde745bc6640d385b4e1aedd965960dca43df30afff295955845c4a86e,1396
data/ml_training/ns1952667/ns1952667.sb.bin,025b2bdfba6d4cb1c50e0bef38afe8e0d257378d45744659a7c69767fc189c5b,21996
data/ml_training/nu25-pr12/nu25-pr12.json,c715affa38ede211d81e1d2384881414230feff9229f268c8c34933b2a46c0cf,1503
data/ml_training/peg-solitaire-a3/peg-solitaire-a3.json,c1a20489c9212f84c83291448c71e0236ff70ec461a0298891c060bda8006663,1504
data/ml_training/piperout-08/piperout-08.json,8fe7c40004df991088fc697944cf1658072fcbf36bd13a392b66815d28774e54,1447
data/ml_training/pk1/pk1.json,5ab980ed0034c48fb530ccaa196aea3f99b1d0aa0173e7b50bd4ae4193630d27,1529
data/ml_training/pk1/pk1.sb.bin,92713015d36441465cb7cdfb5a160550bd3dec735304627608338d51ad43f3b8,5660
data/ml_training/provenance.json,9231572977fe805cf3a4bbe3dc79eb36f2b8cf4221606e1221f4487272611e4c,5002
data/ml_training/qap10/qap10.json,4805739e37a281937e073b90306ef7bda9a909fa3745faf3b6689b3de1203792,1503
data/ml_training/ran14x18-disj-8/ran14x18-disj-8.json,80580597691d1a3379677903ca88d3fcd51f20cae391f742c3e0e769a1a87b8e,1399
data/ml_training/rmatr100-p10/rmatr100-p10.json,1a19ffc741c7c5797a438ec43c09db028003c6bed68b7c017434a90244c5b2d9,1445
data/ml_training/rocI-4-11/rocI-4-11.json,da65bc79543e7512068ac85e22a7df92f792b9528636e45f3ef62ea09bbf3f4c,1505
data/ml_training/rococoB10-011000/rococoB10-011000.json,5722fbef7ee544b29f2ca8330d634fc06fb10fdfcc68997aadae33db7ac187cd,1490
data/ml_training/rococoC10-001000/rococoC10-001000.json,fef410b7aee99229aad56ae932d07ba6c774eaff8d203b90235104a53e6cd736,1503
data/ml_training/sct2/sct2.json,0f9d368044fab48d312401795eeffcfce25c68180b9e29ef5ee0c9029276f9ac,1445
data/ml_training/seymour/seymour.json,81fadf7c4734e64463763efdc8e5602e7a301245b16287f0ef293c6731563c35,1502
data/ml_training/sp97ar/sp97ar.json,7c17d88696bafd926f19e62ffd8a41136c16b85e032083332604d80ba19552b8,1505
data/ml_training/sp98ar/sp98ar.json,e15a16f3cb3a5941f61b18d4d6b682f03531efe6169f09a2a5c854d23db9e720,1505
data/ml_training/stein15/stein15.json,0eed0507c84b4ded51536fe9974a02167c6ac2e71e3144490cc352ebaa5adfed,1340
data/ml_training/stein15/stein15.sb.bin,f1748ba2a6b49d5f18eedec87f625d8fcf97232be85341549951fadfbbcda108,2612
data/ml_training/stein9/stein9.json,2571f0d43464c42608fb2283e5dea66ddf8e5cc99b66ca694225f6b32c98382c,1323
data/ml_training/stein9/stein9.sb.bin,98afbaaf06f1e6f6d05626eb925739cc43c3842adcfe932703ca1de997954d05,1268
data/ml_training/supportcase18/supportcase18.json,01c838bdf3eb4a2632823f439cae235e5a490e91a8896ed6ddec3b36f6bf8a5b,1404
data/ml_training/timtab1/timtab1.sb.bin,c4c239b9805a8a18f1bd7e2e0ec5bb9f97426ae73bce94442a58150615ff77ea,25272
data/ml_training/traininstance2/traininstance2.json,39fcf51208787cf399683be64adac0667cfd69ada4e8a7b807dd5780852a13ec,1447
data/ml_training_gcn/bnatt400/bnatt400.json,bd9d6318c802a5b4a44354ec31236bcc059bb4ca492e048f7fed9416df3be8f2,1427
data/ml_training_gcn/dano3_3/dano3_3.json,c83b819404d268ebb4da77b5f4e00cb25ef4ea927a74b1479c0067b9d45dc7ce,1434
data/ml_training_gcn/dano3_5/dano3_5.json,f51d59cd5e13fa91d38ceb8c56ff7db0972edbb0e3030fd1e8a79eb7b929bad8,1432
data/ml_training_gcn/drayage-100-23/drayage-100-23.json,ce96f0e46924436ec4d6f42226c72aa7e0e818959f52429277105f43313e9a2d,1493
data/ml_training_gcn/dws008-01/dws008-01.json,ad4678f1095a433ea56753cacd44f6909bff4aeda2986a16e94a0fa7819e3cf6,1444
data/ml_training_gcn/enlight_hard/enlight_hard.json,8aab8d86da56625d520c4ffdf82f545abe0f493b62722c84dd1cd11ad33208c0,1363
data/ml_training_gcn/enlight_hard/enlight_hard.sb.bin,1da5ec18f22786faaf2dd9fbb42532ce587fa553d68ab34108bd41d9f783ab25,5612
data/ml_training_gcn/flugpl/flugpl.json,00e0ceab715160dc7610a9421d280a95f69326d2b8a0e19842d574fa22b91790,1375
data/ml_training_gcn/flugpl/flugpl.sb.bin,8a8db8188ebaa81c8723b372fb6856455e6aeeab589676f59abf00f340efdf64,1476
data/ml_training_gcn/gen-ip002/gen-ip002.json,be8eed2521ef101a552fdfb9427326742dc27aac747cfd82e83f22d65ca93ce6,1435
data/ml_training_gcn/gen-ip054/gen-ip054.json,8078edb4a61b153ab3d8414747062ea5b504ce84252dda013602fea6ed060954,1388
data/ml_training_gcn/germanrr/germanrr.json,e43374591484c1a98f667992586b787a138e20358ad1e6609917083803d0f140,1448
data/ml_training_gcn/glass-sc/glass-sc.json,fb63bad32c66c83d86e1266dc717c55e47d9e618803d24767d5c71f2ee001c6b,1502
data/ml_training_gcn/irp/irp.json,64de52ac7ea80f4d20a332aa804893cbac5f3429143e4e2b825ec81be373752f,1502
data/ml_training_gcn/istanbul-no-cutoff/istanbul-no-cutoff.json,bc65b752330d443d7f291cacd5621e09b5570f6ee73efefd6f6b771992586ec3,1445
data/ml_training_gcn/leo2/leo2.json,a7555f13e14c3757c70cd822b5cc45dd60a037dd2527396f1d8c2fcf60455e60,1391
data/ml_training_gcn/markshare_4_0/markshare_4_0.json,faeb0ce7c95cb18d195799df74753b2ab9c0a6e3c211cacec254d404cef986d2,1404
data/ml_training_gcn/markshare_4_0/markshare_4_0.sb.bin,21e7a61c0a272a516e4cdcee47e2e287e76df85de8a31bb0127db2678954d45f,628
data/ml_training_gcn/mas74/mas74.json,c20ac5d7c0a36ba4a9efab55a0789d1c501d03d46f07b2e2f9e098bfb0fe1143,1676
data/ml_training_gcn/mas74/mas74.sb.bin,282102f86ef919ceb5e656c71f465cfdeb5f75982f10cb81100a9bb5b922a40f,2868
data/ml_training_gcn/mas76/mas76.json,19a99fb80579fee8c8fc67433a1673fdf00666d969083edc745e65e30c1fc4ec,1662
data/ml_training_gcn/mas76/mas76.sb.bin,fb570448584758afff27f1901805820afbfa4ec186c0fc66c8ed82f2ac965c1b,2508
data/ml_training_gcn/milo-v12-6-r2-40-1/milo-v12-6-r2-40-1.json,bbf8a981fd34504427f2bd077d5960f658c12db17154f01d5d3780bf77368377,1431
data/ml_training_gcn/mzzv11/mzzv11.json,69fe931fe23d291b1ea7881de62e40737581746d25e4722d8dc5ea77cea06716,1506
data/ml_training_gcn/mzzv42z/mzzv42z.json,ad8fd26ef8bb6ce742162f0bb6dabd13b721e3922de5e68c36c3cb82ced1b238,1506
data/ml_training_gcn/neos-1171737/neos-1171737.json,b19f4b325f6e211e7a2601428175701a8e94f0fe1256aa63469cd2b9a05963eb,1444
data/ml_training_gcn/neos-1354092/neos-1354092.json,b43116680e331314bdfb1c211f6698b0cea971bcf5619dc094af26296d67d13c,1505
data/ml_training_gcn/neos-1582420/neos-1582420.json,dfc0cde71bce05a0f60238cd28cf7de6e95bdcbeabc1d95d27defb83cd733251,1493
data/ml_training_gcn/neos-3024952-loue/neos-3024952-loue.json,536519f7a7572a3447da02c199c58b8b5c9d074d4280557f748ac5b19b4f555c,1502
data/ml_training_gcn/neos-4387871-tavua/neos-4387871-tavua.json,536f8895e4c5a4497405b1600b9d4005d90c25b39e518e221bc3269f9d3507d1,1445
data/ml_training_gcn/neos-4738912-atrato/neos-4738912-atrato.json,a89b7cad6122288048efba688bb5678e2afebe1d63a7331a0b7674cb3d003ee0,1504
data/ml_training_gcn/neos-5107597-kakapo/neos-5107597-kakapo.json,c7cc00a8659f2008947cfe9923feb5b31b570f726ecd7804a1eaa75b3f927c60,1444
data/ml_training_gcn/neos-662469/neos-662469.json,443679c2e11924b70ce90433937b905322e9665cffae811a028e9bd6b68a74ba,1493
data/ml_training_gcn/net12/net12.json,a06b91840ce4172aa3feea943d0880536055d69ce43761df114e4d812af650f1,1505
data/ml_training_gcn/nexp-150-20-8-5/nexp-150-20-8-5.json,30b6001df5d1ecb9453a867b9392ac6a88630246c05f9cac6411a9569b65569b,1433
data/ml_training_gcn/ns1208400/ns1208400.json,22be2d7884455e4d5d3b558186ab1089eafe8f2e9d15eab22aebe411485ff274,1444
data/ml_training_gcn/ns1830653/ns1830653.json,c84ca66bb1f12bc39375197e1dee49a7303f8323b2adcb6991b929e2076d570f,1504
data/ml_training_gcn/nu25-pr12/nu25-pr12.json,c274a4dbccdf8c2f00cb7f2262ed69df894b3c8f42decbcafa9aa03af0713911,1503
data/ml_training_gcn/peg-solitaire-a3/peg-solitaire-a3.json,f47675e6ad10b2eff5088e36b69711790036c6d717d7cda418b520bbfa6470c8,1504
data/ml_training_gcn/piperout-08/piperout-08.json,6c40286e2de90931b71e3c49d38374286ccdf2d3d690492359e3609892b1ee63,1447
data/ml_training_gcn/pk1/pk1.json,b45da2360af289a827202cb4b9114fd2f9c96b87e5f1796e1c49af987797ee30,1543
data/ml_training_gcn/pk1/pk1.sb.bin,9ece96f16eba42920c81c9d3b079fb87722a51bd5e4e89695db65765419e6be5,5900
data/ml_training_gcn/provenance.json,489e4c08a045f060a8941628ad709b294ea8d31ac076fd7f69282c8451be594c,34889
data/ml_training_gcn/qap10/qap10.json,662bdc4694e554155b0749046dfe00c87ab5545ab684a67d468e8cec235c4f78,1503
data/ml_training_gcn/ran14x18-disj-8/ran14x18-disj-8.json,7bc3127b4ac43cd0a81bfb7da9b3bb7381c2c894aeca73e61307c192c112d034,1399
data/ml_training_gcn/rmatr100-p10/rmatr100-p10.json,98cecf91e1933e694d31dda5c7e6fc0e289db9c1d46af6c4193c053d43999e76,1445
data/ml_training_gcn/rocI-4-11/rocI-4-11.json,038e6d713774ff2338a39d5263cf4935ee86a2b6ad285efc383b813c1398cd76,1505
data/ml_training_gcn/rococoB10-011000/rococoB10-011000.json,eecdea423b11fb134aa57377a98ac8d4a5f5dca42b1772f1a47c677e47b1142a,1504
data/ml_training_gcn/rococoC10-001000/rococoC10-001000.json,634b8984efe45fff4da9c87fcc047342ca4025385ec0d53d6b648c226785f6d1,1503
data/ml_training_gcn/sct2/sct2.json,72302dd60ae1374eb93806afe9d1174c80a750a8fec08116bb41e30f669be573,1445
data/ml_training_gcn/seymour/seymour.json,a12ef73591e2ec287c523f019032a3979f7143a5f2b478f9e3a8b3927ece68c5,1502
data/ml_training_gcn/sp97ar/sp97ar.json,e0e1bdbd36cfada30c344e023994e821a5da0f044063d6eae8daa8850498a449,1505
data/ml_training_gcn/stein15/stein15.json,74d026293b75a18b829e6356d7fb03004cd12dc7ebc10cf56271a2d31e08e3de,1340
data/ml_training_gcn/stein15/stein15.sb.bin,06abf8dc49da093a7e03a0b4666620b2c65043e8bf48e4251a10e980c06e79ce,2044
data/ml_training_gcn/stein9/stein9.json,d63c4d722cc6d28020760b9040f5a2dbd8d690e10bff649a8a6b7c27736cd89c,1323
data/ml_training_gcn/stein9/stein9.sb.bin,ea50fe254fe48b7367dbcfee0a627cd15d4f284100f91585c3a3d6ca614abe11,1268
data/ml_training_gcn/supportcase18/supportcase18.json,6d0003b89bf6ee8fca2943f6b1c0630f63a04fde01bf06731ebeed497a05b80a,1388
data/ml_training_gcn/traininstance2/traininstance2.json,d52d48f9cb41a8d71e87d3f96817e31c74a59a9bd89eb3eb6cf5a4e4c1e1dfbf,1447
data/ml_training_gcn_corrected/enlight_hard/enlight_hard.json,f44ad4e2fd71700c1160d51a310b26b43592defe30faf6184b14823e5d51be46,1379
data/ml_training_gcn_corrected/flugpl/flugpl.json,43498f776dc858e3a2537e98b7f8493ca195f36ca59b06142d2bfbf08b7744b3,1405
data/ml_training_gcn_corrected/flugpl/flugpl.sb.bin,d416adba71f08be588f3a29011d85181955ff5062cade59f62f3b21650c083eb,1288
data/ml_training_gcn_corrected/markshare_4_0/markshare_4_0.json,3b3fdfcb070f56ee20508d5aa2c5d0c68aab2927724508b78a258380dadb31e9,1404
data/ml_training_gcn_corrected/markshare_4_0/markshare_4_0.sb.bin,1c481b15eb50b4caa0619e2be754ad1d9e8870dd697b074b091c75200678081f,10708
data/ml_training_gcn_corrected/pk1/pk1.json,95b4e5708be18ceb7d432e9dbad294b95c863202140ac9c32af9c20ca8675829,1389
data/ml_training_gcn_corrected/provenance.json,5970db820d5097246882c3028f27c3d5beaa80ac8aab2eb184c7d8651e4304ce,6893
data/ml_training_gcn_corrected/stein15/stein15.json,e2eb17a700911ad1f9c8f0126501edb45e46cc09cb09635bc89cba7a58cfd850,1334
data/ml_training_gcn_corrected/stein9/stein9.json,30e0654de0883fb0a6151c92103642bf2872c93698ce3d1235824e5c734aa5a0,1327
data/ml_training_gcn_corrected/stein9/stein9.sb.bin,a3df008b472ce1f54704094fb4c9180332ae917056b43e5439f81354d7abf3f9,864
data/ml_training_gcn_filtered/bnatt400/bnatt400.json,19b01ba2367ab5e6f3f671ef84b8c1e72faca8153c81b0ec941a0ef9d38fdbed,1443
data/ml_training_gcn_filtered/dws008-01/dws008-01.json,9566aa0b6be5d5419b9b5fc0fcb3f1b53856b0b9987f07072e9db37be57622b8,1428
data/ml_training_gcn_filtered/gen-ip002/gen-ip002.json,3e5be9d55a0c28c0614e0a9fff3cadc20187bd4162cf62cf36cd56481846e996,1435
data/ml_training_gcn_filtered/gen-ip054/gen-ip054.json,836639175d8083f57106f5a2b6f17dce9ef62ffaa37d4c6feab8af2bd4b64f10,1388
data/ml_training_gcn_filtered/graph20-20-1rand/graph20-20-1rand.json,44392505156bb673760c81490d464479217a24261bd62352428728eadcb7debf,1391
data/ml_training_gcn_filtered/leo2/leo2.json,4962bd6a181f57a4b875e1744907483b3dc49675074c6d7f6e98281c809940a5,1391
data/ml_training_gcn_filtered/milo-v12-6-r2-40-1/milo-v12-6-r2-40-1.json,199e81458ac4ca7a7fd8caa166e0e37430cfcd2bf45590735897b19b46926bc6,1445
data/ml_training_gcn_filtered/neos-1171737/neos-1171737.json,84eab471b94d8eb151662c4acb37da512916dad2caee8ec4c79a73237ac08f4d,1444
data/ml_training_gcn_filtered/neos-3024952-loue/neos-3024952-loue.json,e554c578d566debef1b686fe6dc5643cccbbe46815ad3c469f42d964d6b4a434,1502
data/ml_training_gcn_filtered/neos-4387871-tavua/neos-4387871-tavua.json,7a7ec5a696a5f67470e57633aea19984014bd81c9b5ab1f8946863808f86deb3,1431
data/ml_training_gcn_filtered/neos-4738912-atrato/neos-4738912-atrato.json,1c5bc4bf23aaf8d4a9b53fa4d9979f8c8a1a82185a557d922a4256d783cdd4bd,1504
data/ml_training_gcn_filtered/neos-5107597-kakapo/neos-5107597-kakapo.json,43866d3a9406f5f1a1cea3ab4e6c38ed793d084e786141b2ce1d81e1687e35e4,1444
data/ml_training_gcn_filtered/nexp-150-20-8-5/nexp-150-20-8-5.json,06d7a4ea7a031e9b09366081af6596b4f711c0493b15f307ea629a5ed635161b,1433
data/ml_training_gcn_filtered/ns1208400/ns1208400.json,848c85ab58e06244e66b2f95f88ca64f5cbb87b497a0c50e7cfe6edb299994ff,1444
data/ml_training_gcn_filtered/nu25-pr12/nu25-pr12.json,10ca8302fdd2b40d121ede9da3cdb9f0b2ed91b1142319b025640e9d097a590c,1489
data/ml_training_gcn_filtered/peg-solitaire-a3/peg-solitaire-a3.json,6abce0c6b78f09fff7ab690f8b05ecc2da1bcfef981ae9035cf164b1ea67d792,1492
data/ml_training_gcn_filtered/qap10/qap10.json,6e619d154b1ce150965c2fee31aaeb573e3d30e45bf835381f245f2d678bbe01,1503
data/ml_training_gcn_filtered/rmatr100-p10/rmatr100-p10.json,b11bf7ccd44183ef34a9ea1357c8f89cee72f1b52e0449f366b22d0d5c0e36b0,1445
data/ml_training_gcn_filtered/rococoB10-011000/rococoB10-011000.json,49dd32328ade4181d82c1db19fb67b58f3d5d27843d5972125f29b3d7529a611,1488
data/ml_training_gcn_filtered/rococoC10-001000/rococoC10-001000.json,48094fb541f90c60e9ade4e27cc4739eb023df21cd3d4849262e2109ed9f0f89,1503
data/ml_training_gcn_filtered/sct2/sct2.json,68853864a84720d7f88c4f7c97bb9b9b9552d7ed25eae91398ad14462b00893e,1445
data/ml_training_gcn_filtered/seymour/seymour.json,82a1649c47ee16e54d2c905ef162962e8daf429d813af787d0200b5d7e09cd1d,1490
data/ml_training_gcn_filtered/supportcase18/supportcase18.json,3dbc8b3c4ba9ff3b3b33183e46f6ec6b2a87a69504220ab63c943ff44bdd26bb,1388
data/netlib/25fv47.provenance.json,0227cb5a874165c35849550cc6eb41c20e5a4c7fc343709cd648823f17e2eb69,256
data/netlib/80bau3b.provenance.json,1b7c17b46b6599408ac77984ed70ec8f169b8150854c69819c55103aa24ca43c,259
data/netlib/adlittle.mps,db211f7bf735518a246a2a0e385ec51abc09cd601da7ae50d6c3fe083cb6f94b,16835
data/netlib/adlittle.provenance.json,fb48ac596eb381dbb0fe2a0b44ca33ce9c67209624c428885295bd05597d2e83,273
data/netlib/afiro.mps,04992b87e57e57c1c417c96b846833bfa12e055eeaa623f043c45fc773b5be41,3327
data/netlib/afiro.provenance.json,f5f53a7de7e2ec5caca776a6d4b217a0a8ae2441d12970cfbc2758c35b9aea88,266
data/netlib/agg.provenance.json,fc1960970b842bba252d0dda8edb707b90f48927e16b2f2e2da43d1c4e791e3d,247
data/netlib/agg2.provenance.json,9b13d01dbd142384790b030c8b2420d624da33b6b67fcaaf76d67c8cc6d88257,250
data/netlib/agg3.provenance.json,0385d9030a9eab68a3eee82ce450b10c3f596c62cca21264500501a636fc55bb,250
data/netlib/bandm.mps,696daa77a79a0715c2fad877285e49bd7fcd7f5513f3cb83fbe0be916b6d8c81,93022
data/netlib/bandm.provenance.json,8e6676851c772fc96b3966a99f7ac9cc435d262199e23c0a4a0907311271c98b,253
data/netlib/beaconfd.mps,7138e7b58b1d6160f1ad42112a61ed00b5db1c92d73dc48d77f6a26fc717dbfc,114450
data/netlib/beaconfd.provenance.json,c3d42c9b8a565a95b20eae37a07bdba2dc46bb1fd2af84521e60ca415f6096fe,271
data/netlib/blend.mps,38e1d84a38f1e0adaa16d3dd0abe758f6cea13a21f33681aa92742b693260aef,17538
data/netlib/blend.provenance.json,cb63316d99e499055e09c9b34c50f255e3f1be9b7f5444ee8e29381ef0866e5a,253
data/netlib/bnl1.provenance.json,c4134029a5e98cc2c38ec4638d35a697e5faa31e729bb5863c022384edbeb6c0,250
data/netlib/bnl2.provenance.json,50b6f59261ab0a8419465548fb140f34ae37b0d23ef02d3cb43eca3d9082a080,250
data/netlib/boeing1.provenance.json,ac5bf0f3634dbdb35508b2bcc9e9f4c4d2d9f78e6e207af73e22daa9025de3c9,259
data/netlib/boeing2.mps,e12e729b8c09bf6e6934af40b728e460d4eb360c42419b791b68fb2271ddd61a,49117
data/netlib/boeing2.provenance.json,6fab53e3b3074ebc19effe54b862c9b5e9ed72e1d4bf1436bec71d16c58d3776,259
data/netlib/bore3d.mps,c7cfe0d4abd466346e3cda4e16d00651f44f3ce1da317cf583c5fed5dfc0515a,52624
data/netlib/bore3d.provenance.json,f2e4bed33b4e0628b16a9a739538d8afd33d81c6df59ebc8abce67f32ebf18d6,256
data/netlib/brandy.mps,56fa020b84a0a106b7883b7da006c2852449598898c41ec8dd2575151d0e0917,72908
data/netlib/brandy.provenance.json,36422dfbcdbcc37d8576eed0608755a91b1bf53a72b7aea2e7e6bf065cea7a9f,256
data/netlib/capri.mps,4932bc8861fcdaf19256827b7ee229941fa6f2e84f2044b65300326c226fba78,70064
data/netlib/capri.provenance.json,ddcf58c5bda1be29a6d46ca30debf0f635727a4acb94df34e0d65413c970d5ab,253
data/netlib/cycle.provenance.json,67f498d312f4f06e3b7d3e8c3399153c47528ac669469d1e9d2e10ae51f724ea,253
data/netlib/czprob.provenance.json,5e1a45c19122fcc0fa3553ba80a0c6d32a9e0e97758a4e03932cace0553f9acd,256
data/netlib/d2q06c.provenance.json,efdd9c6ecdf838323b1385628751f8649db8d69248811ea07e393edb008e6e70,256
data/netlib/d6cube.provenance.json,32213045cfe212b2d752cb1bf6fd05487222f19c611f3f59812670f72519b230,256
data/netlib/degen2.provenance.json,8cbbf4e772888171e1e1b4d15d6b7de42203ed57cfa55982cc243cd81f4e7fb2,256
data/netlib/degen3.provenance.json,790572d64fadb3490e3a3b2fa1120e416a856928a259aed3f5b344d0de5d562d,256
data/netlib/dfl001.provenance.json,06ab4024e54b29e4c39ab516884dec5a1a51a62e04545b802a5adaf8edf479b7,256
data/netlib/e226.mps,ddf56486daea52c8592b520aeb83d329223a1b45a3e5a269bd663ef9195bd8d8,93963
data/netlib/e226.provenance.json,f56afe03205b6aa860d9426e5803a1f6abe1af971e6c6fc1d0b78aaaf77b37b8,250
data/netlib/etamacro.mps,41701e1add7af2ed2b21a421ab7271bc867e6bc7ad98ac189748d6522e7d4926,96850
data/netlib/etamacro.provenance.json,feccf5af6ff70a6d637f3198e7de6ced5f4d80dd0b3e2b6577876c29b59567de,262
data/netlib/fffff800.provenance.json,a24648368a1186510c1e914b1fc99d5ae18978757781f4bdf327801314fe5a7c,262
data/netlib/finnis.provenance.json,0ea3997d95d1c0b49a049ec35888ed0234f4a780f5386b322e9a0b4d83f5e60f,256
data/netlib/fit1d.provenance.json,0f6a03c7540e47da0e43eb1f086f32755e44a9c231137ff2af551566f8623af7,253
data/netlib/fit1p.provenance.json,9cf3781e6993fa3dab0a2b5331818beff0db4a9b74a62b039d5e30fbc401a6e1,253
data/netlib/fit2d.provenance.json,ddad16ed7e274bcc872646a0e2636f60218101421f33aacf0b0beaf33d050b5a,253
data/netlib/fit2p.provenance.json,cfda09a4606ca051bd65f3cf0728ad5120a9da59e043f468af5ae2a7ee01e97c,253
data/netlib/forplan.provenance.json,6ab33a78b74cca8b72d09a35c9846d8b6271f676298de864ccdeb63d9cc01b7d,259
data/netlib/ganges.provenance.json,5d1abaf10ec96c6cfcbf910bc7f12bccdc6d6c3af79dbe0d4defdeea9a898aea,256
data/netlib/gfrd-pnc.provenance.json,1a4f960447c88ab2a1826932699b3265e3d55842637871f92651b544a790ee67,262
data/netlib/greenbea.provenance.json,ba5703c1f1a50e6a0596ce7fcf99dd9d46b2dd32e44fd07bcfebc995af754dd8,262
data/netlib/greenbeb.provenance.json,4a923ab47560f808ee10d98fa20eb3736fe180ac9ea9390646ea10c062f3b6bc,262
data/netlib/grow15.provenance.json,5ee66c4f42363dcfba055d99f08cf2391432be7bf7013296a28dc269f0832d75,256
data/netlib/grow22.provenance.json,0aea2a6b0b54a85434dbe191a6ca434545ca321c98e7b69ddada7b30c711b768,256
data/netlib/grow7.mps,6b8734ffdf991a36f17cfddf306834a4a3ced3e17964cac9fa2983a043906cd4,96229
data/netlib/grow7.provenance.json,ea75a544567ebd433e590386a797b457bbad88dd8eb4c45087fdbaa158795cfa,253
data/netlib/israel.mps,96564e1fddcbb6e3d46447fceb54b9d18260b95e95075c3a19f5812f9bf5ceeb,81947
data/netlib/israel.provenance.json,0d6a62e15e2c88ef34b7d6fb5b287128831755cb1903cc9bd6149f8f9bb56d5b,256
data/netlib/kb2.mps,f0eb647d1d9aac84f49d88662b6b02c6cecc04496e5435be733eced36d7f48f2,10368
data/netlib/kb2.provenance.json,4847717e6049415478be9f25bd26063a0480af778a105a05491757df99fcec38,247
data/netlib/lotfi.mps,fcb90a1b5e02b2eae67adacd0937a073d420ca92ac6af514ee13a348d7f31623,37853
data/netlib/lotfi.provenance.json,3d466494949cb89df634fa9b3efe03bbfec48e1018d234e3cdce10b642d6d4cc,253
data/netlib/maros-r7.provenance.json,2f03fdd495621330d41637ac4bb3bc646a459093f8b72aefa46d219e70beb322,262
data/netlib/maros.provenance.json,c5455fe69b93921778cc420534083a17f3cf81a5895422f342eeb9b120de18f0,253
data/netlib/modszk1.provenance.json,000b11d5bf6fa0c1c44342ebca6d59d878300c76a97d5ad817fe489f0f3e9818,259
data/netlib/nesm.provenance.json,ac25c08818d8e00785f3403c71b701bfcb6369d179265cc7b32c10e48ae03d99,250
data/netlib/perold.provenance.json,34dc144d2271f258a041ed46fa60222985eadf7d3ea0f8b2a9fb569269f9f114,256
data/netlib/pilot.ja.provenance.json,c0c65f30935fb51ee8cc12fb1150a6073c2d7ebfb1b017c11dbcdf5157701abf,224
data/netlib/pilot.provenance.json,3cb280328ed19982112a737edfc3ca1ba46c2c20bab87a5fe866d3d9c1b98c96,253
data/netlib/pilot.we.provenance.json,a5bddb0e3c2d9806689f36a8d74448c15542a5b6c9b542f3b7168dfe65ce3ab1,224
data/netlib/pilot4.provenance.json,650e39268f372bb630b8ac5bccf026675efb2261d3d483700d13fcc9cde7f6d9,256
data/netlib/pilot87.provenance.json,11dec372a26ee843562b915a8dbaa9497b1e82bbaae9a3d35a77bc81926aa144,259
data/netlib/pilotnov.provenance.json,3851206d5a651bf5372fe65c7649bf286f5b33dd1ef475d04ce1b5ea00e3e3d4,262
data/netlib/qap12.provenance.json,f70950dfd0e9f0d3feb523dc53981224289d701b322f9357bf95995daafbb783,254
data/netlib/qap15.provenance.json,769cb4350dfbe6a124290d1140e12a5549fe9881405eee9fc3e33e080ee5db91,253
data/netlib/qap8.provenance.json,940f3c31637a6128bcc640bbd848d9abfae581d656ff08b6981e494b7622b1a2,244
data/netlib/recipe.mps,277b34645cc89526db4a3365fa781ce28aa9768a65c4f301416a8a05c934af61,30179
data/netlib/recipe.provenance.json,7cafebd46921ef720fc9c535bfb7e560f75e785bcc50ad7286697071cd1f1886,260
data/netlib/sc105.mps,062d034400be956757316a9bde8e6de3d221a88fb5dc502def743f1883e23ec3,11460
data/netlib/sc105.provenance.json,8d9b4bc538b963c4638e3193f7509c85226929a2e8158278cba976e576750b84,265
data/netlib/sc205.mps,bcecc8d8cafd08c6d97cf8e39a740f5d777e317600bb9f6f158f2ceb550005f9,22438
data/netlib/sc205.provenance.json,4656eff47e75b0477216456c138889b61d23572a6a409e7d67c2df9fc1585dd1,265
data/netlib/sc50a.mps,36bfce2f419555712bf1b9a8477541199073c7654475d933475cea6db0abe2f2,5390
data/netlib/sc50a.provenance.json,790ceec6af91d210eeaacfb32c3b7a1053f7f4d99b4c21edd54997fbde00adcd,265
data/netlib/sc50b.mps,bfc47ffcf8f037552130a75142a203dc768d82d15c3b7b9f718c444ffa472f15,4783
data/netlib/sc50b.provenance.json,fccb932a1e8787d32f7bffff5606289656b4ffe3d59368a289064033898c975f,254
data/netlib/scagr25.mps,7bac79b91dec46966af26a236d593c823f1e61eb055597426365e4f6bc36df76,76874
data/netlib/scagr25.provenance.json,54ae16de1ef2fced2e180074adf9d1212c74b1f6e1aa723f108074795c7ca8a5,259
data/netlib/scagr7.mps,2170c16fd0cc04a823172c1564e89593e75aac5225e2c2f893a6837ba0b26085,21154
data/netlib/scagr7.provenance.json,40a1eec43430d15facbd81b8c344a829315b72cc6221ceaaec86f8fdca520559,269
data/netlib/scfxm1.mps,3e602523ca64bb4fd7387da7eca577d964e08d7c04326c59937a0d58add7de25,91527
data/netlib/scfxm1.provenance.json,9d119280fe66f99fa39aa59f4ead7ea50c1a86b6c9cd152e2d3e0993419bbcd1,256
data/netlib/scfxm2.provenance.json,7416339d01c1c6fd9c4d6bd160e8569105aae2b0fd63a77f861c1bb54a23ff59,256
data/netlib/scfxm3.provenance.json,73b39da5bcdae88bf8af7c82833761b733643fe3f5e19966bee5d17e62a8aebc,256
data/netlib/scorpion.mps,39b61cae042ce4adffb441faec77f5cc003fa725baa25edfb1738aef93a83c5d,61658
data/netlib/scorpion.provenance.json,eeb3f24d26a084b18649b8bfea10c38a722e84f1d03d064054e073ac6b5ab02c,273
data/netlib/scrs8.provenance.json,6558b37ba1c2e683dc40ac25eb877b2f6a5b2586a075289c1213df514ff73b71,253
data/netlib/scsd1.mps,8c4aac4987a81ef66715b5cb2debdb1993afe6cb5e2a29f32556a03802bf55f5,104995
data/netlib/scsd1.provenance.json,a5b6ec30a5e863b7ea6917546e4c13f1294a8d85a40bbb4d357efec7ebb6aba1,253
data/netlib/scsd6.mps,f3da742cfa24cfadb99d510847ea1f7a361ba61537d4c2900c09b674912a5891,189457
data/netlib/scsd6.provenance.json,06136a190b3618272e250ee3e15a8782782db98289a124e3fb662feaf059c99c,253
data/netlib/scsd8.provenance.json,546480937640cfbdf78919e9b0046108b09cb944d0de91c0ad4a204981f99c46,253
data/netlib/sctap1.mps,2b1ab5950d3e37fd21327892e2bc830c5f0d8d3fc1f687c0f57a5cdefd9caa21,76483
data/netlib/sctap1.provenance.json,bd4d1fa5513790f97c81bf48cca774234bcf3fe3d1c3f7f1b855d0efbad9aadf,256
data/netlib/sctap2.provenance.json,46f207f1325a62206a5f19c89ca49b74f6052a7fac4394bb2f42632ef679d257,256
data/netlib/sctap3.provenance.json,af657d1b7133d4039085f0c6ed8706ce9439504b9b680608971ed6c40b153126,256
data/netlib/seba.provenance.json,5ee73bc68aef06356c6656bd53483fc5561aedd57133955220f4380b0f7d61bb,250
data/netlib/share1b.mps,fafdf8b5e3d50d27f5eff40e46eb104d1e614bf2721cb5be38081f1678dbd562,42380
data/netlib/share1b.provenance.json,1415dff96272ffcc4e67955cdc81d820be8bd20c7d03dde18d13fefb1293e0a8,272
data/netlib/share2b.mps,2816c0a71096acc08fd88f65c960366856802c074601e5fa544f9c3eab640c96,25174
data/netlib/share2b.provenance.json,edb70fe43bee121834fa81e95ea3a6b312e75cc73b411575943ab4dc5e548b60,272
data/netlib/shell.provenance.json,001cb3804cb7a76e0faed345298836ed47ff057f53da11a145a9850a152a8c31,253
data/netlib/ship04l.provenance.json,cafc531edd95d7963d96def0e90657ca4222743f5acd0db4dc3ff1ff64bea729,259
data/netlib/ship04s.provenance.json,ea14d70f329aa117f202145ca985302a55a73bcbf8f1fe5d44b4986991f9c9f6,259
data/netlib/ship08l.provenance.json,ab7091b5c9eb6ce5cdf3c7855da669f7fbb71dff868b8f78eb644d46b5a50801,259
data/netlib/ship08s.provenance.json,fa6156ae40099534cae7f308af5a688c152baa369a2049931a5004506d231265,259
data/netlib/ship12l.provenance.json,c03ae10c0ccb603ef77c163ca6e4ad158a9d74b3b76e70ba9d6f67790680f351,259
data/netlib/ship12s.provenance.json,86508f4fc2f8b04809554276ebcb273aeaa5ad030f7808d9534cc906ea31ae32,259
data/netlib/sierra.provenance.json,57388c1d0e497085c0bd2d1a79e11cfcdae4c0b2a2f6f63aa3ffada8bf0c1d8f,256
data/netlib/stair.provenance.json,dfded08195fd401c23f8b1e2861c8635aa09cafa451d0938a3d5ababeaf1b793,253
data/netlib/standata.provenance.json,ec5dd7a254594dc364a4721225a4c018bfd1dfe80faffe5c5159dc2b27f08f3a,262
data/netlib/standgub.provenance.json,b567a93519b8800fde123061703e7228dc1ad9ff3a7fe511799bb9b35bbc741b,262
data/netlib/standmps.provenance.json,7d81cefabb302f1cf149075df5ff040ecafd6cb8220dd87b1e8d6a49a84a0a2d,262
data/netlib/stocfor1.mps,98e1cb3940233e044e3d0e50869539087acdf8f0862916f777e553afc705ba90,17050
data/netlib/stocfor1.provenance.json,0c0c10c050909be1e3e7cbeeab1135808c2a9f1fdbd165a3a3890d26eea6115c,262
data/netlib/stocfor2.provenance.json,2f1eff51523582937da9011b170fec61d15a63fbccd25baf04fd67204d905f5e,262
data/netlib/stocfor3.provenance.json,3aaf2eb9c2e997cd66d3fc50f94185276aa2b607ea84ff153fdf2821515d120c,264
data/netlib/truss.provenance.json,6e62371c702db62fdffcdf79eb4c186ceaaf3644efb459dedbcfa34f04af2645,254
data/netlib/tuff.provenance.json,dd09b5745afb1505e3fb3fec9b1e71092cccd21357ab1b3c4adcb225e0e25c13,250
data/netlib/vtpbase.mps,7c34b37d7714796bc0fe30d920f3ecf9866c018a018ee0349ceb85350581dc68,39970
data/netlib/vtpbase.provenance.json,c38edaccd80391cf572dd9a31ea7af48cd7ec56b4e37490c26277dba9d08f075,259
data/netlib/wood1p.provenance.json,dca2e34a94cb8534447efc89bb2de8d276b53a79bb59d018182f332baf969ecc,256
data/netlib/woodw.provenance.json,2a690263d678d11db5ccded9c667d8f4afe7641c29964cb76eca20a915dfc4a1,253
data/optional-datasets.json,227dfd64db39507c888d09bc9318e36f47579ecd80d104ce24ff408d7139515d,89311
data/qp/QPLIB_0001.mps,d0ffb584d5ceb223d0d17c45d3f71990e0d219fa71dfe6ef8bc5bfbc1bef4941,490
data/qp/QPLIB_0001.provenance.json,4416800cd1e76b89e822decf1cd2960d30b26c861872067f19537b5348e4bbce,388
data/qp/QPLIB_0002.mps,abc841bc0057151fed07fcc38e168754dd2e343d847e52a77de3f8a58b5b70d9,715
data/qp/QPLIB_0002.provenance.json,77f392e099363d72f4f8831899c63bc85b2e4da2da5333631eacb4df74ca9dba,388
data/qp/QPLIB_0010.mps,3bb6e82bd9959ada56294a7cc0c201ef275576e3a347ee516d5ee2f76e71ab40,1495
data/qp/QPLIB_0010.provenance.json,f62b7c795a66830952da1a83e04870aa41f2a7778b78e8c6250bf234447f8206,390
data/qp/QPLIB_0025.mps,40bc7da72772d90648025f4c5fc6acc1b2351aa1bde4b6c74e0543123ca0068b,1196
data/qp/QPLIB_0025.provenance.json,a6129e473829dd66b96671b29149b0527524c388b0c50650657356b34c0a83bd,389
data/qp/QPLIB_8495.provenance.json,389be84e9b399f6e9e4ec65960becc344f9bc2048f6ac6e6e8ffbb63e385f32e,439
data/qp/QPLIB_8515.provenance.json,68747c5202ae196514c39d1861cdf494ea06f52038b666b50d682f3bf4100699,439
data/qp/QPLIB_8559.provenance.json,73c9cf1c41620fedcabf17809cfbaf8b0a6775cea29686f5bc994b7f7b86a8ca,439
data/qp/QPLIB_8567.provenance.json,d0576a38bbc719adc04347d7355be3878e7db2521dc106b35ee622233d803e90,439
data/qp/QPLIB_8602.provenance.json,d9c1115025a76ad175d092b7bf80ea6fa74fd7dade1bc90e530a48b86a272c9a,441
data/qp/QPLIB_8616.provenance.json,3bbe13cb616d310165dcc6717978b4022d23b770f488b6777baf5f7b2fbcbb96,440
data/qp/QPLIB_8785.provenance.json,c4980a4fd8538fd0147a0c70b6b290adecf87aa7e2c8b19976f4966259839625,440
data/qp/QPLIB_8790.provenance.json,3f756f6d41f13fd6892502128d7e0ccfbe8a53a9040effdcb42944fb2da454fb,434
data/qp/QPLIB_8792.provenance.json,4823d1db28e0715bb87d968843c31bdc7e44f4e3e4c7c61162d9ab5fa3ab4032,432
data/qp/QPLIB_8845.provenance.json,3a856132b4d1ba280d8f2ab30cbf8166eaeed4930c5b760ae79c95b07f3fa6c6,437
data/qp/QPLIB_8906.provenance.json,864516884ed550a176084a0d6ff5802aa46c82d190ef3071043916fce88c1bcb,437
data/qp/QPLIB_8938.provenance.json,2c82d436d669fdd6e96bfd206422165db53dd1001a3d63ef37882680c63d4c72,439
data/qp/QPLIB_8991.provenance.json,f29b9f485d3df34a8dcd95749b7948eab0a8e69d5aca62ccf6c4ef1d2eff5f37,434
data/qp/QPLIB_9002.provenance.json,8b537c4264eeab212b932dd24c898468d231044df63ef0fad09acfcc4bd94f55,400
data/qp/README.md,a071100e6c7e030decc6ebcd488219581434be4b67b24bffaea3618f38fdb3c3,1356
data/qp/raw/QPLIB_0001.qplib,27b06b36c8cb36d0cd9cb1a197d87f0f78cad5773e89b2e4db0c032dc3f33ab9,217
data/qp/raw/QPLIB_0002.qplib,ff230daa7dc1b76fc0a6593505f4bfa81e8a6e73559a09a7708f7121b205e50c,279
data/qp/raw/QPLIB_0010.qplib,5d5babb0693348032cb5dd0e5ee4d890e37fe7ec77da7532351cd4eff030bccf,424
data/qp/raw/QPLIB_0025.qplib,5e3f4d34d75f30e68e0a902e4fa98f739fd4af573a23596d0245ff787c9078e4,387
data/qp/sol/QPLIB_8845.sol,353720a8db56c3450f20c52e967ea378e8104f8e9118d8383e181643c887ac2a,32292
data/qp/sol/QPLIB_8906.sol,e13b22ead8ebdc9812e519d75d58f1ecf9e86e63dd81618216d06b07ab76fce1,32448
data/refinery/fawley_public.json,c5daca877ea6e3a523f5a8b34bd078158f9f526d696e66167f1cc617f97f883b,5610
docs/README.md,f381069a00efb695542cf48fed5cc87a10c99347752de9ea3d9c2eb83896ce45,4769
docs/contracts/benchmark-campaign.md,e1ec4231bbe9982292a2da4b242eac42d25fcfa23e9e24e857e2e8411da8cd31,16277
docs/contracts/convex-qp.md,d406267e8cb40bd0e3773893831a053ae87839a32326cb56137b48e377974278,14162
docs/contracts/hosted-limits.md,43b7f076ae63a40a93d95a0df094a85f175f32f72009100fdea5b895bbe36ecd,7467
docs/contracts/milp-node-bounds.md,c78d6a866fbb1f8c0094da7aa71135080cc870132237a22ce376a76c626e77d5,17215
docs/contracts/minlp-oa.md,62acff186571e8d6e1a3e480e6d7d4839fb9ea210799b895968338abb26a120c,18363
docs/contracts/minlp-proof-replay.md,8e038bcce44b03f6e4b8101b32e75eb66a42077cbdcb99aa3b36aebbcb527c79,24419
docs/contracts/miqp-node-bounds.md,4d4b7484955cf34db3c06fd8460a91cd1d6a3a6a46d742f38bd2e787f36c471e,13884
docs/contracts/nlp-local-sqp.md,48cb06928593a089a3618c4848ae4bd5c4e00ba5fb62db45b02bb2ae598c96af,12455
docs/contracts/nlp-restoration.md,ec1744b92c7eb50096a93703a01f9d0e1f90df98bae492efc9e1cef89ecd9660,11610
docs/contracts/numerical-policy.md,7baa3dfd928a8ed020f23b442d0bc38b4d02c993671bbcbb47fc3f0cf851f504,28307
docs/contracts/resource-limits.md,f02a0b1ac224b883a177a3d72e5d32f0f3ff0117daf742fb2a1fcd1aca493b29,8713
docs/contracts/sparse-lp-path.md,414d5270b3f7e15a97ee84d63575ae961d5ca0a8a5e14890b376512c99a73e80,8131
docs/guides/BENCHMARKS.md,f757ecc57bb6e24f4803912a2596679bcec3f9c2ae045dfe000c855353bf227c,10393
docs/guides/BUILDING.md,afe5f093cbabd7555ac8d0bf420a46236e9040e9fdae966e2202fbd021e1b8b6,4388
docs/guides/QUICKSTART.md,60aab64454793982a019887f20a99bed2dbd9809c8972cd1a6fe24842d52a1ae,2597
docs/guides/RELEASE.md,625d3a96a35508e5f9c6894cd533077316d7bc497d99e4586e5c22e3d5dd4dc1,13724
docs/guides/VERIFY.md,6daed1e16848e6c640efd1dd8296dc51a59c13a0db4b00931bdf2082291ec78b,8196
docs/project/INDUSTRY_GRADE_IMPLEMENTATION_BLUEPRINT.md,c1c73924441058ebca8007d3ccd5243043018307cdce3446ca7d509c56626fdd,81620
docs/project/ORIGINAL_REQUEST.md,7ed15cb91ba6894accf2b2c32baf11822ab88c57f5f060ddd354fb1237a820f8,7402
docs/project/PROVENANCE.md,f6b7ea2356bf4b9f9e386f2a29c70a59432f69b2812f8a075182eb5e1eba3328,10271
docs/project/STATUS.md,68177ce3c969d49f6bcfb00f8f6d11c545d8c0f0bf70cc7ef8dedd3396ae358c,32639
docs/research/README.md,22985955f9046d416cca3aef9ec1ce5db72a486b4264b4b0656be933053bd955,1621
docs/research/algorithms/ADMM.md,e9c2aa11953fea67a22f9b3c01c99675a2d9093ed3d09da6656abd65498ba30e,3200
docs/research/algorithms/Branch and Bound.md,a71411831d1a726448d1aaa633fcfb57b5e44725538f7cc6857fcf9facba009a,5906
docs/research/algorithms/Branch and Cut.md,d9c5c3586bbade671009d514c1d14bfac1bec0e209429fb633c2b9db466cbe28,5058
docs/research/algorithms/Dual Simplex.md,5aaec23bd6e70fce27b411fa4b186575b92fb907b217a6cffdcd18d787788712,4736
docs/research/algorithms/Feasibility Pump.md,a08aba79146524b25ae30c2f103227db0c7014abac52fb89688164d9db982ac0,3779
docs/research/algorithms/Gomory Mixed Integer Cut.md,0a8d57de4b520d4ce403d3e4bde99638459b2e957636356850d148d903e88fba,3664
docs/research/algorithms/Interior-Point Method.md,bc47df2a5c49c74fb2b6afffb8d1f1f00609d5da50598dccb3e03e7966403481,5363
docs/research/algorithms/Iterative Refinement.md,cd5c65fe5d975489e19e6a2d94b9474e7a656ac5336c1172ef888f5a132e6580,4156
docs/research/algorithms/Markowitz Pivoting.md,83d1ac9b080655dac51d138a1616208e172896e3e87b8dfdaea155acaeeba203,2756
docs/research/algorithms/Mixed Integer Rounding Cut.md,97acc15b9d322a036dc26f0e134112a71ccae5d03c52ff33246fd348945ccc6a,3772
docs/research/algorithms/Primal-Dual Hybrid Gradient.md,6bd1a6ac75ddc5a13a9934da64e110b4c50c8f7d75167d98779314fb97eefc38,3674
docs/research/algorithms/Pseudo-Cost Branching.md,a0dd2c4d9c86bc472fa0c7e772f3399c560688dbba6bde23393ba29217bf0a0c,3939
docs/research/algorithms/Revised Simplex.md,570cd4eb73212999981bbcd4e15ba706a4eefa6c9b061d57e096e8ca97ea9592,3724
docs/research/algorithms/Sparse LDL Factorization.md,b3a5b067662ed036003fb51117a1bcada89f88d362630cf0606db855767b9c86,3511
docs/research/algorithms/Sparse LU.md,ea467442f411c36b6eae7e9e9a7b283b303e8c45d803ad8978ae00fa2934784c,4049
docs/research/algorithms/Steepest Edge.md,0d57c8ce0601ac4741dfbd45974dbc9bdde69d7fd820fd809d69198075098bb3,3460
docs/research/algorithms/Strong Branching.md,83835dccc9f97ea956783bf00f775f4403eefc8b1c28ee60b49fa57651028794,3765
docs/research/architectures/CSC Sparse Model.md,25796dea44376599f77c19a29311f307f65101b2495ef44c8a798a09052c7fe0,3141
docs/research/architectures/Multi-Engine Solver Architecture.md,4b4c653a640d72db7e4c7a76f36d868d214de17b47d8a3b595fd367c924d9feb,2944
docs/research/architectures/Presolve-Postsolve Stack.md,a8ee24eda0a2d0d4b6ee2fb200bad372fa37716e2741dc511e1de5a1b4ea295f,3106
docs/research/concepts/Basic Solution.md,3ba87e94398e4c0bcf711bfdee36479fdc2b67d6d906b2af42510c89863099fd,2328
docs/research/concepts/Basis.md,112f5d6851ee9a7024adcf4dd07549f10a64b789f2da958fc1f6302bc206dec3,4565
docs/research/concepts/Crossover.md,10e494e5f9807148eddcee6bdfe060ea4cb7cb86bf34ec2bae4f6ee8fd4d8cbc,2992
docs/research/concepts/Cut Validity.md,73681e095d4f682aa7037d3b0f407ed6ff45c8bddbf07e091cc3b78e96e334ca,5247
docs/research/concepts/Degeneracy.md,9ec8f19ad5a9d8468379eaef3c87fac64d484d0319d6fe20d989936b619796e1,5643
docs/research/concepts/Duality Gap.md,dcf99b563c1ac20420bc572baed9bef7625c3b1bb9788ce3ad528e7f288e5ca9,3537
docs/research/concepts/Ill-Conditioning.md,5245de1c3311ef89be4bc6c40bdefdc6d87728da9f01ff8092b29d6906819203,5473
docs/research/concepts/KKT Conditions.md,9c6d7b29a9a76ca0e4ef1a773c628758787e135069b933364925f3ec23233829,3757
docs/research/concepts/LP Relaxation.md,02602b82b4cd85a2bb9e7d9fbab68532b516eddc7d53b8a2f61dac0b7bb266d0,6358
docs/research/concepts/Numerical Stability.md,bfcbc65efa0cf7602d6b1cafa3d64ae407eef3f0252035ac750e8498f29124cf,5895
docs/research/concepts/Presolve.md,c1e030e7b7761eedc133c4e2cf961b7c5839f56420ed1c3420fbdb829ba12a62,2586
docs/research/concepts/Reduced Cost.md,9be8ec83c9d1f42363ab0b7604e369124b13fb83010dd721d471241df449bef6,3859
docs/research/concepts/Scaling.md,ca2b433f94620c605cbf4441b192f8e72d9c2e746c6aaeef14f02f9b41ed8cff,3928
docs/research/concepts/Sparsity.md,52f97531001fac4ae27cb312cf27e419513623569eb8c7c9eaf385b58e1bab63,5051
docs/research/concepts/Warm Start.md,f4e463506d5a577bb0aa4e6eaec081747bccac55ff24a2b752a17257f069a96f,4344
docs/research/concepts/Weak Relaxation.md,ab1d5ab1a9174485329f1617dcc1a79bd7e31cae4eefbb21206a34801b6c11d7,4054
docs/research/consolidated_knowledge.md,c93f5baa76e93e291b82ec11fec37168f686f5050c71d7357ceebbb887fe29c3,1945
docs/research/datasets/MIPLIB.md,ec8463bcc4d41fc79059ce9352dbeab327198eae3312ceba35206eb67c5b31c4,3753
docs/research/datasets/Mittelmann Benchmarks.md,920df17fbf480d5c133b723779c0a3a253e4f7525bbec35fa20dfcfd715508c6,3149
docs/research/datasets/Netlib LP Collection.md,e8a4cd0e52709f962f01b6d4c9d53261b193af3e1ba5ca2c689a9339701e0ce8,2965
docs/research/datasets/QPLIB.md,672297b331e6432b57c2c51636cbeb30e0ef9ec6dfd0f62988f3b8dcc4fd237e,2692
docs/research/engineering-decisions/ED-001-comparison-harness-before-new-algorithms.md,69fc126fcbde88b7a73b49a48925437296db045f1488d69aac08ea62b988343c,3541
docs/research/engineering-decisions/ED-002-keep-simplex-core-add-first-order-not-replace.md,3854d1e501c25e70a0f658a75694da8c7080a66b2450fb58af033e172fdd41ed,3592
docs/research/engineering-decisions/ED-003-interior-point-required-by-ps.md,d64053e1518af862067d110272c76d9ec480548abfa7b562b5a194de2f64ee97,3689
docs/research/engineering-decisions/ED-004-sparse-first-canonicalization.md,a8e6aab01ded4bcf6816c90307c10d0d20e84f73fa11438392d1be28791b1e64,3404
docs/research/engineering-decisions/ED-005-in-tree-cut-loop-not-more-cut-types.md,db2e93615f87dbc983357c3788ea25e60b0b7716c14654133b1fb756eb7b269e,3498
docs/research/engineering-decisions/ED-006-load-balanced-parallel-or-demote.md,867040585034b7af7de88e6a71141fd2b9fc064b25e933deaac2de4201b87451,3349
docs/research/engineering-decisions/ED-007-honest-gpu-scoping.md,390407590306667f5d9c27cb01512f59dabf6d97e4ebdca32563a02c9947a7ec,4306
docs/research/engineering-decisions/ED-008-retain-zero-trust-verifiers.md,7ee28c43f008ef0837cc993bcda2ab98da754f1f615b22d14fe7dc821aa1c00c,3700
docs/research/engineering-decisions/ED-009-defer-ml-branching.md,388432b2df8d6e2ce5ff2260d83b0ba4d938a6917e9fa596f69e82b4afc03c3d,3486
docs/research/engineering-decisions/ED-010-presolve-depth-over-new-engine.md,7cdb60751e6b9fd7f6c1e2cfd507349f2626c1c47ae8901916766ca40a712a38,3699
docs/research/limitations/Bland-Only Pricing.md,ec3869b1848db8bb89bf4b09979fe4a65e55d378e2b5ce12a59b8fa844d0c2b6,2823
docs/research/limitations/First-Order Accuracy Ceiling.md,1f9133937ea23936ef4a254174f28978c264fbaa74315d961aab3eaebf0bfcba,2924
docs/research/limitations/Negative Parallel Scaling.md,6c4d4e664342b8f1cafebf13143b7bd18c2993e51a87773f72e65845488a35d9,3144
docs/research/limitations/No Crossover.md,d446fa74a8699a557a43414b27c5aff433f3a3d9c9bfba0e0962a5d0c0a404d2,3152
docs/research/limitations/No External Baseline.md,c236aa132682f4758a81234006db8eb8ffbb3b9bbdb35a75a61a1b94fa6b0bb2,2816
docs/research/limitations/Root-Only Cuts.md,d462570206b09648d41a7fe9080b71643887c48e468c6c3897eddc4f13f4ee8a,2864
docs/research/metrics/Cut Efficiency.md,ee64dfe3fb55ab7a34ea51e3ad70a44939cd514ba4cfd0b067531af7f57ac62c,4819
docs/research/metrics/Geometric Mean Runtime.md,33744d9de2ee07bfcc85911ffb19c001ae70433458657f3745bb7badaa43beec,4789
docs/research/metrics/KKT Residual.md,74124fbeeb5202f4cb5a22ad231c7aa60fffb428f4e9244fe68ca6d0ab782f23,6184
docs/research/metrics/Numerical Error.md,264a75e0a1c9c18cfda19bbfdb3c89142fa039e200ddde18f2a99f8ff4dacd04,4230
docs/research/metrics/Parallel Efficiency.md,e42f12aa29c67c7b894e926567c0bc4512ab792842134f9530dc02e3729bad86,3199
docs/research/metrics/Parallel Speedup.md,8cdfcdec9970de927bc5df18611ee8b31f75657f83c5a67bf739bd36a1c5314c,3767
docs/research/metrics/Primal Residual.md,706d4b57943f46a7839f041f046d0f2b11ed379fb0163f198e567ef1116c1b75,2540
docs/research/metrics/Relative Optimality Gap.md,3d7f44f7935078dd19fb616aed376388d045a05a4d8c7cd2581dbb746cffc632,5221
docs/research/papers/Abbasi-2020-PIPS-PSBB-Multi-Level.md,4bfd9b8907132f35fabd64ebe149120b6c3f4c0dd4ca6c3c52da045cf47641af,3153
docs/research/papers/Achterberg-0000-Objective-Feasibility-Pump.md,da0d39205861d898c577956c2c9faa3772d12d3a17b8baa72ca7cdc17d216942,3207
docs/research/papers/Achterberg-2005-Branching-Rules-Revisited.md,e8e71d0f572fb6e32209bd80828c26722c2f6e6815f40126325e58dae69657ad,3540
docs/research/papers/Achterberg-2005-General-Mixed-Integer.md,d22fd1824e23d5e84d777dd58272c99685eeab3b6a49c74ec9ed610d07636dad,3436
docs/research/papers/Achterberg-2005-MIPLIB-2003.md,9688bbd3dad8d5b9bf47efbe9aa90651fc94a8bd428708d351f5f5da97fc942c,3657
docs/research/papers/Achterberg-2007-Best-Estimate-Bound.md,7f1bbf0b68cf3116bbe67835a9e18478baa9752c411ad17ddea6f437668b167a,3506
docs/research/papers/Achterberg-2007-Constraint-Integer-Programming.md,9857eb2850b81e0a444d66c856b51266acf6c179cc1760c5311125df0839fdcf,3756
docs/research/papers/Achterberg-2007-Improving-Feasibility-Pump.md,f9bb9d8608aa6a9a8bc8e1388e70ff533e24941e2c7d825df6ca89df8f0d9bb8,3492
docs/research/papers/Achterberg-2011-Rounding-Propagation-Heuristics.md,1fce0f15e96c0b7befe4c9d8e2ef82975ccb4fe0d663d3bcde1a1c2a4feafc8a,3243
docs/research/papers/Achterberg-2020-Presolve-Reductions-Mixed.md,02843b74acb1d62855c9d480a8a83e93c4b185c495d6b13fac64e1e31a175af0,3847
docs/research/papers/Amestoy-1996-Approximate-Minimum-Degree.md,60d7ad0648bfc6cc347fa7045316093fa421360620dbdb94becd51ac8dcb87be,3891
docs/research/papers/Amestoy-2000-Parallel-Sparse-Linear.md,3c22fa2ba409e7834d56f28d229396a146f2420547db9f91fc7abe418d18f275,2995
docs/research/papers/Andersen-1995-Presolving-Linear-Programming.md,7ddc55c715f2bbc4c95c55b6f72ace304c3fd972488bc09b947dcebba3439fee,4036
docs/research/papers/Anderson-1989-Solving-Sparse-Linear.md,eac2c832659d6d119e90a8c0ea78ce552d1c87280c0d3237a5e0d298f6ce5f1a,3215
docs/research/papers/Anderssen-1984-NETLIB-LP-Test-Set.md,26309fc325317eebaae85f4d409fb68e04bf1724e8f2c53eb5553e183bcc6234,4263
docs/research/papers/Applegate-2006-Traveling-Salesman-Problem.md,768831a3d32423a0ae3e47278caef3338e021024c2e430520e90236d46e39a30,3072
docs/research/papers/Atamturk-2003-Cover-Inequalities-Mixed.md,3cca4089ba00c5593c9c06c9a0be446f0326a0e7f8a7b8a5550b954f5d4fb60e,3239
docs/research/papers/Atamturk-2008-Integer-Programming-Software.md,b1aac20ff8bb0316adc8a071b897734fc961646419b67fd695207184cf39b041,2817
docs/research/papers/Azulay-0000-Revised-Simplex-Method.md,dd88c41c945accc6b4067a868b9637688b99155fabf8edef332059a4dc6ee69c,3380
docs/research/papers/Balas-1965-Additive-Algorithm-Solving.md,0a763e8d56dc2f4730cc6c9b97d09ecb5885e0debcca4aeaab78c2a28c9a85b4,3170
docs/research/papers/Balas-1980-Cuts-Fixed-Rank.md,4e9d6cb22a42b67e9ff54d99e6b7d96c8741b6a7c240217892e80c73d890dd54,3408
docs/research/papers/Balas-1993-Lift-Project-Cutting.md,c36a5876fc74b2adea4b8ab9f4a6c4d764beaefc58c936a522a0785534a090e2,3810
docs/research/papers/Balas-1996-Gomory-Cuts-Revisited.md,98a79bd5efe8eba85ba2007c66af6495a6c1a3d88b6d440f70ff153bc613ba03,3792
docs/research/papers/Bartels-1968-Numerical-Investigation-Simplex.md,786d8dd5984ba7449fe0b9e95596a0801850f004ed71ba86f96713672ef92b94,3151
docs/research/papers/Bartels-1969-Simplex-LU-Decomposition.md,717f7b43077330c59d2fa83025c1cde9e6727ea837800ce577f67851eb1216a3,3977
docs/research/papers/Bartels-1971-Stabilization-Simplex.md,9ba194805f23c6ac2c68fa1b0d605aa5901c624995d6fca1437cea84aceb4bc6,3240
docs/research/papers/Beach-2022-Compact-Mixed-Integer.md,859d1281a6bd27d372f795bdb1b9fa4583f5bc181ff7c542732c440fd0d4d433,3372
docs/research/papers/Beach-2024-Enhancements-Discretization-Approaches.md,cbd124c7d977bc4afb4472078ecf31f3bb82129d1c97a6952e5e3cd1ea4d3cf9,3492
docs/research/papers/Bell-2008-Efficient-Sparse-Matrix.md,ab5436f523f006fbfb1213564a582cdd2ea7f0598babaa5de1a03542645abc0a,3285
docs/research/papers/Benichou-1997-Linear-Programming-Implementations.md,a38309ab6e8fa40108f4034364858e5ac4637613bec562e2b7d1e20e2a6a8c3b,3409
docs/research/papers/Berthold-2006-Hybrid-Branching.md,e00a0cc5758faf91dcb6b1c4a76467ac90b01d9347d1b6e8a37c4df6c47c9463,3097
docs/research/papers/Berthold-2006-Primal-Heuristics-Mixed.md,414997a97475b333f2880bceded6e2b8f328ae7b750e77852a83e472e2dc8bb9,2989
docs/research/papers/Berthold-2007-Heuristics-Branch-Cut.md,95392cd088cbebe2f4834685c88fc4e8d97f30518cdc3f09b42001af924d7e0d,3393
docs/research/papers/Berthold-2007-RENS-Relaxation-Enforced.md,b829437a7fd9c4aa87d407fa9fda08b3e218496f8aa12064ab3e7610288dabeb,3157
docs/research/papers/Berthold-2013-Cloud-Branching.md,e1ad6dc92a4f229dbdc362d461c6a1663a8a25ed2b92bf92bcd0d3c99aaf9dbe,3346
docs/research/papers/Berthold-2019-Parallel-SCIP-UG.md,4d7529c6ed91f184c5bceabb8a50daa4074d0bb9fa6b3215a7613056c866d13a,4319
docs/research/papers/Berthold-2023-Feasibility-Jump.md,5c6f786f3ec64ac12b2a65137875faa8cb846c523e8bfe61a88e8a7c36569afd,3328
docs/research/papers/Berthold-2025-Primal-Heuristics-Mixed.md,166ebfb7fb6f721b9a39346fa44f2bce97823a27c3e358e38770aa2682402ad7,3083
docs/research/papers/Bixby-1994-Reduced-Cost-Fixing.md,20c079534c9c98acb3f33ff3ae9c998f6a3023779dbcc7ad58cc494af2f92348,3396
docs/research/papers/Bixby-2002-Evolution-of-LP.md,d5a1a18adfc82dd8201a9f2fe2af5b77f4113a8d1aa23d89bbf2b861dcc72b99,3721
docs/research/papers/Bixby-2020-Compiling-Mixed-Integer.md,43be8802e315fb3528283ef216e39d15e723866f3d44fee4344d0e27c5535938,3185
docs/research/papers/Bland-1977-Anti-Cycling-Rule.md,b81e17b205118bad568e525de56ee9f91d51a405bc3c36a91db3c9f91e63c262,3711
docs/research/papers/Boggs-1995-Sequential-Quadratic-Programming.md,750202ad6f97ada4844b82e8c2c59c5b0b91dccbed3e0f4db315a4d55cbff088,2617
docs/research/papers/Brearley-1975-Analysis-Mathematical-Programming.md,01eb3461bab46ed63a279659228b995ba5d77fffe3fb550d58fbd1dfd637d84e,2689
docs/research/papers/Bussieck-2026-mipfeas-Benchmark.md,954ee245b3511019a7a4d4b3eb3972c33f4d1a3f121289f81f2bb7424ccc2836,2937
docs/research/papers/COIN-OR-n.d.-CBC-Solver-Documentation.md,468f64d0feed83a39b7dc3598ef08b2dd98d75628537378b2089f0820667abea,2835
docs/research/papers/Canturk-2024-Scalable-Primal-Heuristics.md,b52136fd69a435e24915714b5931f8d0c2bfe4552703a69c76d03f9bfd499fd0,3446
docs/research/papers/Carpentier-1962-Origin-Economic-Dispatch.md,5df621f287dc9acbb76d1be7f6828558748b4d7bef6ed18bbda1c9305abe2595,3399
docs/research/papers/Censor-1997-Parallel-Optimization.md,2a3b667b56c1729c716be725c27a83cfd218a9ed8710b9a93438efca578ecc1f,3250
docs/research/papers/Charnes-1954-Optimality-Multi-Valuedness.md,e3738e440316343d6a1cd84524d483d5c5dd7bbdf93a321e3e6dd4bbd7b06bd0,3758
docs/research/papers/Cheshmi-2017-Transforming-Sparse-Matrix.md,3c22ef135e3dfaaa3774654cdc7cfdf3ca68ddc0917a329e44eabe214ce9f408,3519
docs/research/papers/Chinneck-1987-Primal-Dual-Methods.md,b5ce2426b0aac492bd5ea0a50839f9f96864a10d360b6f28d3e7c3593fea9906,3330
docs/research/papers/Chinneck-1992-Feasibility-Redundancy-Linear.md,8ccfdaafda83896e46a7336823bdbd92e4dc1c33bbc17b9f0401416e6f2b7759,2778
docs/research/papers/Chung-2015-Computational-Study-Cutting.md,f2aaeae6efeacdbb2b58c1c1b04281583f6bcdb64a835f0100774f32cef6365c,3476
docs/research/papers/Chvatal-1973-Edmonds-Polytopes-Hierarchy.md,40b323c1336717412b56eecbc3f199ad1af60455fcca466a9b668c63f4334727,3568
docs/research/papers/Clausen-1999-Branch-Bound-Algorithms.md,41879fb80253f9c7766b1317e17b95b5facc311d39a31e1195c7c5f8b1f58e42,2782
docs/research/papers/Cline-1979-Estimate-Condition-Number.md,3c2b393448f056d5625d840e6e63acdcb978f03fe1adee66712783e2353c2afe,3643
docs/research/papers/Connell-1999-Dual-Active-Set-Algorithm.md,483d2fb108b0ddf26ef154e4f053f9e55b43c62db9c67dc59b4263c882960a94,2861
docs/research/papers/Cook-n.d.-Space-Branching-Rules.md,1477982c6f59d9351288428c9775e0c2ba577ae0aec023b06e5d9d83dee8bf62,3061
docs/research/papers/Cornuejols-2001-Branch-and-Cut-Algorithms.md,f1461867ffbcda1bc353b39defdd8a753b852c73c1c1b5f36a40f3a734dc2207,3007
docs/research/papers/Cornuejols-2008-Valid-Inequalities-Mixed.md,dda0dcfaf3fc4a61ca82feabe17fe721daeeb427de7bf451b7276a6ae7bc101e,3521
docs/research/papers/Curtis-1972-Simplex-LU-Decomposition.md,1890ffb145d35353993c54481ee1232b337250e40bbd81463b57b393f28e0a71,3286
docs/research/papers/Danna-2004-Exploring-Relaxation-Induced.md,b5ce87370efcb59f4652afd1dd9101a322ccf29c2fc6bc11b57aafa30103dbf2,3481
docs/research/papers/Dantzig-1954-Product-Form-Inverse.md,eb4a7a50752c180b7fc98d007b66e62b2a92020fc40a7fb4581e26a763619cb3,3777
docs/research/papers/Dantzig-1963-Linear-Programming-Extensions.md,1955e3582b80fee3fa7309827e152a64b8d2964530b06c77477ac5a57305ad2c,3886
docs/research/papers/Davis-2004-Column-Approximate-Minimum.md,639cb74598297414bdc9ef0cdbc5280b638f7d8015bf90ae04c394862c1b82d6,4066
docs/research/papers/DeFarias-2019-Positive-Edge-Pricing.md,71da5435aa5de41a916003ba9a86116e6743405efd67716688d4182daf0ab346,3370
docs/research/papers/Dolan-2002-Benchmarking-Optimization-Software.md,71e05d0c49578be6f4243dde61434a3cc045caedbd9f5f7de36f3a382d826d6e,3228
docs/research/papers/Driebeek-1966-Algorithm-Assignment-Problem.md,d50af67e5387a74ad11bd083a17d1441b40cf7f64bbb7eb0d9b72a960600163f,3105
docs/research/papers/Duff-1986-Direct-Methods-Sparse.md,587fd4e9e1f75e4d225d316cf2d16afc8e4604b486044415d5f32a9c349f2247,3168
docs/research/papers/Eckstein-1994-Control-Strategies-Parallel.md,0dc54e3f0926a23006ed13ebeaec39065e1d9700aa8845115801d99e2648f528,4099
docs/research/papers/Fischetti-2003-Local-Branching.md,aa08ef88006d570bd541528b49ccaf46fe2781b34ee12703549d902450a20ea9,3214
docs/research/papers/Fischetti-2005-Feasibility-Pump.md,a1dac8dde43766ac9e42896be57a51704d37fbf062cb7b981db38f40e3dd7f56,3559
docs/research/papers/Fischetti-2006-Feasibility-Pump-Heuristic.md,030ecfda210c7a6b0f73628f9894e6a571c89d202f134a12fa327f963f22a952,3468
docs/research/papers/Fischetti-2015-Improving-Branch-Cut.md,0418a3ec9fd01bde3dc37ffe1687d15c34c55bc2391c5b2f1e9704da0a9807e9,4418
docs/research/papers/Forrest-1972-Updating-Triangular-Factors.md,85dff2e43a53f8479505bcf7611d27b764ae2d80c1ec5383bce3150e50990542,3927
docs/research/papers/Fourer-1982-Solving-Linear-Programs.md,5685dc4ecc903769a15fd4400e9470c2eb80394e02949b8f5d1dbbdc0cf207ef,3134
docs/research/papers/Fourer-1994-Steepest-Edge-Simplexing.md,29bd1ca04b63a22d75d59d6482af392d7b4febf28b9817b5985632a78ad52563,3126
docs/research/papers/Fourer-n.d.-Hierarchical-Solution-Large.md,c0b81e373f6e0050267c24194303bd614d1ee19d06534bfe9f5694f73502ffd2,3090
docs/research/papers/Fourer-n.d.-Solving-Dense-Linear.md,db29815fca893f73506fe9878605019b5db43f489de1b7a3438ffcdaf47ffca1,2982
docs/research/papers/Gamrath-2015-Progress-Presolving-Mixed.md,0d88fcbf72f447c89928c89fe870da524c0f79e065c9cc7eaa37aa5e2a55438f,3474
docs/research/papers/Gamst-1970s-MPS-format-specification.md,456c3c61530aecdc0c149efcbcccd3a211fb4be488f1c52956b9122c5dbcedb4,3271
docs/research/papers/Gartner-1999-Exact-Arithmetic-Low.md,db661fe8c2c2319d464e34c6e110e976eda7da14c36589ad96288339a799a2d5,3332
docs/research/papers/Georg-1987-Numerical-Stability-Simplex.md,5ee3c468c179c2c839391d1b84905f4a7cb672c0382a67ad7826a4e878916faf,3588
docs/research/papers/Giallombardo-2025-Machine-Learning-Techniques.md,5603795802af4ef0dc9f5fbe16779f382deef33ab01a518a6bacf64aefe9cf00,3460
docs/research/papers/Gilbert-1988-Sparse-Partial-Pivoting.md,ac8395702c522da04e4e63b3a516790d1d6275166264b9219d35cb96e11aa157,3979
docs/research/papers/Gill-0000-Two-Phase-Algorithms.md,f5b563a01ad2e3164d4826b48c668345f3f75935a03f6e0596c825bf1a7e19ee,3822
docs/research/papers/Gill-1974-Methods-Modifying-Matrix.md,1b7d102c940391740d0c142ece60ff8f7043cef6e74ce9d48dfb1aeee83448e9,3659
docs/research/papers/Gill-1989-Practical-Anti-Cycling.md,1c526c268cb6337e5f54dae7402d1f3c81b9194e48c660cc98f84d5c0c8423be,4454
docs/research/papers/Gleixner-2012-Factorization-Update-Reduced.md,07e899513e53d830c5c32ae64267413dd0d87d761f27c66a562c33af5220db99,3284
docs/research/papers/Gleixner-2015-Iterative-Refinement-Linear.md,ab356441255847614dd0e42228e8fb180124fc2fea08769f94d5d1edd3585a67,3761
docs/research/papers/Gleixner-2021-MIPLIB-Data-Driven-Compilation.md,c24ae9e0b995553b49725c9af51216d9567763bebc9395a29ba35d65f70aa41d,4108
docs/research/papers/Goldfarb-1977-Practicable-Steepest-Edge.md,0ed72af08d03fe9e8c2aa078758328dcada00772485590da12fbd31e7a0cf9f6,3861
docs/research/papers/Goldfarb-1983-Numerically-Stable-Dual.md,450f8fafa6b19639215beb1057e704b1d50c4920ea31abbb91431df26fc1fd31,3997
docs/research/papers/Goldfarb-1984-Dual-Primal-Dual-Methods.md,f238932ff5173ead32298002c5a6e429d8c614564b36c16563a6911d91a54169,3054
docs/research/papers/Goldfarb-1992-Steepest-Edge-Simplex.md,581c679dc796e089323869a5f62c9da920d573182398d96d4be7033bd604f7c7,3978
docs/research/papers/Gomory-1958-Outline-Algorithm-Integer.md,20dc1a7e1a5d4108e05d55f853ce70bf3e36b9300b625ef6e8ff6bac8a25ef6b,3881
docs/research/papers/Gomory-1963-All-Integer-Programming.md,7bc4a7cdd899310bbb78d9911b6da5909af00e8e3917a5d956a1ae5daaf27441,3882
docs/research/papers/Gondzio-1994-Another-Simplex-Type.md,94ed04cf5c29ce3d9fa3d076b91dde53f138f899f8d2d9d73f7d0b4408957974,3303
docs/research/papers/Gondzio-1996-Multiple-Centrality-Corrections.md,f550e10933b39877c34bb50a2c3a606941ec34c1b5b7d5020f5ebe6edc31c96d,2938
docs/research/papers/Gondzio-1997-Presolve-Analysis-LPs.md,94198036cfe9700eef5207e363270d8fe8d1cc7d6f35728b9f11c1cf17a9a305,3232
docs/research/papers/Grigori-2007-Parallel-Symbolic-Factorization.md,4a4408b96f54ccf94cb3a677329c160e8efdf73796e0f6636994f76715a0a341,3593
docs/research/papers/Hall-1995-Asynchronous-Parallel-Revised.md,6c84b9d9fb4ce00ed8246b55f25cb367bffa0589d04c68f22ab52acc119f8634,3148
docs/research/papers/Hall-2005-Hyper-sparsity-Revised-Simplex.md,d2d80bd1b504cd317b3e4748f0cfee6f183d79dfdaf1a54634f93ad06e05bb7d,3336
docs/research/papers/Harris-1973-Pivot-Selection-Methods.md,57e784b59ab5e82b36069a2555afd2c626b964ecaef0d8fa849d937926e5fcc6,4043
docs/research/papers/Helbecque-2025-PGAS-Based-Parallel-Branch.md,7242c2200effd8476023153007bf0026dd7eefee3eb54d53edfc9399d342cb0f,3088
docs/research/papers/Held-2006-Lookahead-Branching-Mixed.md,4adbf62b4ff35c2826afc4d3747a99619f7d7d61faf081b44db6ec1ed69f91a6,3424
docs/research/papers/Hillier-1969-Efficient-Heuristic-Procedures.md,defb7c8458ce0796ab1aa14d91f8727b6fbda8cd926e1175c76b3cdb7561f7cb,3298
docs/research/papers/Hoffman-1991-Improving-LP-Representations.md,1f971da4588e02bece5c19ae9e492e1321c2f9284990010d7a281810980535cc,3310
docs/research/papers/Hollenbeck-2014-Important-Branching-Decisions.md,adf6bc0891465e28429477a92269be4641362023a48435718da6cc9a4d67762c,3158
docs/research/papers/Howell-2018-Prestructuring-Sparse-Matrices.md,e170f1cc7426b8b5e7fd267227f3925b766d3f69f8636577174e05ddd52e57c3,3376
docs/research/papers/Huangfu-2018-Parallelizing-Dual-Revised.md,5533c0a7e576b5d32dc6b2b2a7b75e9a11c433584148524c07c8684fe33898ab,3431
docs/research/papers/Jabbar-2024-Cut-Based-Conflict-Analysis.md,a48a905706b4308b5c9259c18ac13add5504c40e7b3d15bd97075bb320ed66ad,3234
docs/research/papers/Junger-1995-Branch-and-Cut-Combinatorial.md,aa10c0bc88d4100253db80c41d601c719f4d01914e17fc5d84f25fd13885c231,2606
docs/research/papers/Kallrath-2002-Planning-Scheduling-Industry.md,b11ad3b2d046f0ba75a7339d568288c2d76b2ff22720e67404f77e6514804947,3074
docs/research/papers/Karmarkar-1984-New-Polynomial-Time-Algorithm.md,1467726386c232111b96fac6ee9d050e7865db64fefbd446e38efa5464b14006,3830
docs/research/papers/Karypis-1998-Fast-High-Quality.md,963807749d8656dd165fe2368b16d77b5c7acae225e61af4a61ca38377fd6605,3441
docs/research/papers/Khachiyan-1979-Polynomial-Algorithm-Linear.md,7dc6fa4bb05c22d7fbeae3a8c14c1aa560b05ea4856fc90fad178fc5a2cddd98,3548
docs/research/papers/Kimiaei-2025-Machine-Learning-Algorithms.md,a29b622af8c4eac0c60f788b617b4515709caa8014632043a855e2ab360066fb,3356
docs/research/papers/Koberstein-2005-Dual-Simplex-Method.md,f02f478fca84562653801c84e1dc46ac3e56ecfbffbe30f6eb3e423349f5db38,4193
docs/research/papers/Koch-n.d.-MIPLIB-Design-Experiments.md,9ff29c3522e252bb63bada6fd0b744aa8d5ccefe28bbf6e8ced6ff2c9e888763,3175
docs/research/papers/Kojima-1989-Primal-Dual-Interior-Point-Algorithm.md,fd14c50373a8800ead74ae059a938fe788b8dca9120c267c067413ef023ce89a,3907
docs/research/papers/Kronqvist-2025-50-Years-Mixed-Integer.md,d89219903685b073d3dbe4dc9659a7f13b9132e5765d6a6089b638270ec17f84,3343
docs/research/papers/Kumar-2010-Fifty-Years-Integer.md,0ade64e8bcb56a899d5efe07cf21315549a4898577b2bd445e2f8495a282fa95,2947
docs/research/papers/Lai-1984-Anomalies-Parallel-Branch.md,ffb68541411d75816fab4b4fcdea13eb5ef998a497f33a90703535c3bb96a28b,3153
docs/research/papers/Land-1960-Automatic-Method-Solving.md,02703d893dc09cdf990c0fefbce4cc365b6e89d5b968936e79e7b90da175b348,3119
docs/research/papers/Lawson-1974-Solving-Least-Squares.md,af7dc19aecf33f34df52e9a97a4794a72db57c5277e0c45964826af00417b1ce,3051
docs/research/papers/Lin-2025-PDCS-Primal-Dual.md,913eac3272e1e30a830ae98d9bb36f077ba18c028d2bcda07143aa96a65e864b,3330
docs/research/papers/Linan-2025-Trends-Perspectives-Deterministic.md,fb27fbe9741c49981eeb72e4b5a43c6f7b9e0aa1bb700148e951baaa6bf37767,3500
docs/research/papers/Linderoth-2000-Impact-Branch-Bound.md,045167fa246953c8bfe21377c9353ee5880ddbe2d8976ba13ad50e1d4753f3e1,3318
docs/research/papers/Linderoth-2005-Noncommercial-Software-Mixed.md,b2f2206f0bc083d46c6264b18e0b18e6e01afc6f79991d6452336039a6bb8618,2945
docs/research/papers/Liu-1990-Role-Elimination-Trees.md,b01a424c5e18a47c8aa6470559e2ba775174bf1981a9d4be4b4617655c732547,3279
docs/research/papers/Lodi-2013-Performance-Variability-Mixed.md,371320b0041c194b0f39d4dc4636135dbc6b1c984e5ed2419e758faab0df6c90,3642
docs/research/papers/Lu-2025-cuPDLP-GPU-Implementation.md,14caed81da3e5d419df7b6e333c688910051df56dc36fa392d5a868f5a5f363b,3350
docs/research/papers/Lustig-1992-Implementing-Mehrotras-Predictor-Corrector.md,51e7b8fcf3e2566e4dfba3c93e5b3a20c084c2f3c117760226b0df8b1ee52e16,4121
docs/research/papers/Lustig-1994-Interior-Point-Methods.md,06998f0f4cccc67ca890d51c76cdd586e8a230a4fea0a6a3622a8b2d8290483f,2921
docs/research/papers/Mahajan-2011-Presolving-Mixed-Integer-Linear.md,b1f11bed6f36f7782f45e5058bebf3f6bd7027df343819bc84fefba88a14b4bc,2586
docs/research/papers/Marchand-1996-Aggregation-Knapsack-Inequalities.md,c8852b3d21aca8bb8b068f08aa3200521892b7967958c70c791c129fd7b3002f,3281
docs/research/papers/Marchand-1996-Mixed-Integer-Rounding.md,5b666dd1c9b74f252717288018368686fcd8ffdab5cb33a4827130215a77afeb,4132
docs/research/papers/Markowitz-1957-Elimination-Form-Inverse.md,6958c88ea8d1bcf37eb30094d0588c88e1b3fb5b24fc73ed4093e20e5a8acc2c,3175
docs/research/papers/Maros-0000-New-Degeneracy-Method.md,0473fc130a8e4962f07e28524542f06b32fa38a763a9b8eeebf05ecd51abeb90,3530
docs/research/papers/Maros-1993-Practical-Anti-Degeneracy.md,1866d84a571c58c4fdf883d0a144566ddb103a39d95bba76fd7477aa80cfb3ca,3414
docs/research/papers/Maros-2003-Computational-Optimization-Techniques.md,4212547fb1c1e16a5a70d844ceec9c7bb5035745c50375be427452a1fd7a3448,3151
docs/research/papers/Maros-2003-Generalized-Dual-Phase.md,8ff21a7a57a3ef63e023bc369eae311ba027074b7c439b816c345798c51c0b15,4145
docs/research/papers/Martinson-1999-Interior-Point-Dantzig-Wolfe.md,217cafa878a214339929c2ab7728cb635764029880e5d57acf2510fb33f91550,2949
docs/research/papers/McShane-1989-Implementation-Primal-Dual-Interior.md,b0a1e9c03e86235012640551ff7ef9f73175272c1159375d7cc9928849ae19c4,2954
docs/research/papers/Mehlhorn-2010-Implementation-Simplex-Algorithm.md,01693e83451e3928a8ddba428df0e8ef0758a18f7804c81f86991cfb1f98a964,3308
docs/research/papers/Mehrotra-1992-Implementation-Primal-Dual-Interior.md,4387559f2882c55e8bface1a76e3599e28842f1761c50fa2b141aa91919eeece,4177
docs/research/papers/Mexi-2026-Frank-Wolfe-based-Primal.md,05d5154c4ac66fc6087190f2f5499a29f456f05cb3edd8c5e7145c344abf1cba,3628
docs/research/papers/Mittelmann-n.d.-Benchmarks-Optimization-Software.md,65ac417e4405cc9d48a3f33376e787f9abf6106b33be39c5d6f7c7eab0b3be2f,3974
docs/research/papers/Mittelmann-n.d.-Mittelmann-LP-MILP.md,437fa94bfb91f4dab8d91c79b78833ae07f5ed50646902094bd9435327ccdc8a,3035
docs/research/papers/Moler-1967-Rounding-Errors-Algebraic.md,de5429809889003b70cbacaa7c27c15204fc4dfbc36cd888d9b44e51307d6941,4016
docs/research/papers/Neiro-2004-Mathematical-Modeling-Petroleum.md,eb65da0c62644ac1eaa1787758409ec3862c0e5571e8b86273dff072a46c68aa,3466
docs/research/papers/Nemhauser-1988-Integer-Combinatorial-Optimization.md,bc28e44a0a18c22eaae68097089a9cbe452134054ef8f6af846f288dc0b8b2b9,2999
docs/research/papers/Neumaier-2004-Safe-Bounds-Linear.md,b271cdd0bab1feb8ce3161ac3cdfe9594153f74e867beb9bc960cad3f892a183,3601
docs/research/papers/Neveu-2016-Node-Selection-Strategies.md,6d221018225d0bcdb1fc1080d4ccffa973c5af50acf209f0093fecd7e63f5bb8,3328
docs/research/papers/OLeary-1981-Equilibrating-Both-Matrices.md,56ec9be325ee77df1ca587213489fb584d897591c7c9d2a44b62a0be88ba836f,3384
docs/research/papers/Ogryczak-1987-Numerical-Stability-Simplex.md,7e70d33066ce80264647ef1b20b83c31265e25ca14a75484203989fe69527ee6,3327
docs/research/papers/Oren-1980-Automatic-Scaling-Matrices.md,fca01c861cb0a55f4c55b5a6bdf61753fe98ff860dd03522e9c83c9b6000e637,3469
docs/research/papers/Padberg-1991-Branch-and-Cut-Algorithm.md,9cf952d6908255b802d8282a3f9938383f068d51eeacf739448d76f8386a1032,3626
docs/research/papers/Padberg-2005-Classical-Cuts-Mixed.md,bc21e01904f5d2d666670161135f5804c6a5cd361382d5a702fcc219383f0a02,3803
docs/research/papers/Pochet-2006-Production-Planning-Mixed.md,fad2dc214df8944555e9f95bd3286dcf282423cec8bfb14d8a9326c236b65409,3345
docs/research/papers/Ponte-2026-Good-Fast-Row-Sparse.md,06ceed968a20138840e343072de4dd4e052db0c91b82ea020cbc4a93aac7ed6d,3343
docs/research/papers/Rader-0000-Selection-Variables-MIP.md,0f80983507bfb8539917816da477c02aef404d545adef0136ceab5f533960cb8,3397
docs/research/papers/Reid-1982-Sparsity-Exploiting-Variant.md,1762f22557c0384e317f1dbe9bb1c42093f41d225127360f4a55e308c14600ef,3088
docs/research/papers/Renegar-1994-Condition-Numbers-Linear.md,69762652947819c9d1ca2f351f4f91afd57ac3914178dcfb6572cd0c3228764b,3478
docs/research/papers/Rex-0000-Pool-Not-Row.md,8dae64cdb9d1d97b6927d47d1d3933db863032a32efa6d20461c93cd4675bb07,3393
docs/research/papers/Ribizel-2023-Parallel-Symbolic-Cholesky.md,b9786b1e0f7f4b7744d7c3e4bd35e18357f2faa732d3bd2b213d0417a31e7735,3314
docs/research/papers/Rice-n.d.-Algorithm-Testing-Adequacy.md,250ba5681719f1bb147168c71caf62ea906c085001e7a1bd9df07f9d894d9240,3334
docs/research/papers/Richard-2010-Group-Approach-Cutting.md,f57e6177938db8fcc484a69ac1fb3c4a22a73f99f46bc5b08c71281c98369c83,3382
docs/research/papers/Savelsbergh-1994-Preprocessing-Probing-Techniques.md,1a0bdd225edd88fc672f25febce5af13cb56843c8df1550c773487441416201d,3668
docs/research/papers/Schweizer-0000-Restart-Strategies-MIP.md,7e7376335076428db3a0b8094662a6897965748573e70e84e96c21860cc6fa33,3594
docs/research/papers/Schweizer-2018-Deterministic-Parallel-MIP.md,6e3918df6b9c81da930ed297d570add1b1733af21a32909564d28de2c258062e,3171
docs/research/papers/Spoorendonk-2026-Presolve-Heuristics-HiGHS.md,a92671415ca560313ad4aae9c06583cebd0c6adaf91b291097427711dc823a7d,3258
docs/research/papers/Steinrucken-2019-Exact-Algorithms-Linear.md,e43027802d912dbda8d0a5ddff95eea322c0bdb96f3b408b83bfcaa40393a369,3427
docs/research/papers/Su-2025-Investigating-Exact-Effectiveness.md,cb85bf4d75f81b6b00335d544e288b6ee23df671a29c25e49f14b6677aa23e34,3204
docs/research/papers/Suhl-1990-Fast-LU-Factorization.md,a3c324afd9c0181b4395c7ddd1b49c5dbb5ec345841feee444dd8cd614a56302,3378
docs/research/papers/Tits-1994-Simple-Quadratically-Convergent.md,06c7a83a1d93bee73de54ee8675307012cb16c79941fcf1ebd1ac52dd100f2c9,3107
docs/research/papers/Toth-2014-Vehicle-Routing-Problems.md,466a518e2d3f1ff1d3c6e107be2a00736617b77dc8409e00e38c91077468f8bd,3429
docs/research/papers/Turner-0000-Intelligent-Branching-Large.md,333add070e94f679c26cfcbb5df5678fd92a3722052244be476eae4277b5fb06,3343
docs/research/papers/Turner-2024-Potential-Cutting-Planes.md,0c53694503b0c1d12ae1f41d80cc1281df9ea1a2e2aff4758be5fd03304a99aa,3750
docs/research/papers/Unknown-2024-Distributional-MIPLIB.md,f341569034e2a6cb8e05182720d5788e6e9aaaae5ee704f65b219ca677e50e09,3083
docs/research/papers/Unknown-2025-Apollo-MILP-Alternating.md,5a021eef4110fd1a26327626f9fe02d93a1cf093a3e40933021d1bdb289fe09d,3290
docs/research/papers/Unknown-2025-Overview-GPU-Based-First.md,0b326ea2af0198779e80241ee7624dd9a7f230a631dd5f1dd3c214c9c22e539a,3316
docs/research/papers/Unknown-2025-Parallelizing-Approximate-Minimum.md,2188d7508764d8035a5ee348b5d78407484dded7cd93c9e9af0e6297b256b212,3085
docs/research/papers/Unknown-2026-Verified-Linear-Programming.md,f356f4296fde1f3a857fbde37f1d535005d683b2d19e6c87337a6978f8ee2a89,3676
docs/research/papers/Unknown-n.d.-Accelerating-Optimization-Solvers.md,b8362278f747d5bf9d849d6cc0f6c7932e7c8358a39dca613a19f2c94f3b4b72,3235
docs/research/papers/Vanderbei-1995-Symmetric-Indefinite-Systems.md,be5f50e24ac832d9b0ddcb19e54ebcb9a51721495e391d29a546843e26c0551b,3230
docs/research/papers/Vanderbei-1996-Foundations-and-Extensions.md,dc1ad7f46a6177b15580e08300413f4f2c44e495de640dd2392f9ce53e4cbe7a,2932
docs/research/papers/Wang-2026-Enhancing-Presolve-Mixed.md,61248bb1e2d3d058fa9a436b1e9343dada4d6025a0649c2b204f5d1e950c36c9,3002
docs/research/papers/Wilkinson-1963-Rounding-Errors-Algebraic.md,d4cbaa99f4d9b93faf8bcf93fb420b30a859c8615a133fbbe1e25ea40c3d2aae,3742
docs/research/papers/Wolsey-1989-Strong-Formulations-Mixed.md,1c079979ed98315128810861000a43450fbeb380edd98ead36ebc665796e2d98,2741
docs/research/papers/Wright-1997-Primal-Dual-IPM.md,177c4d715f26cd870760c130901783e227b5a0e16741dc9c5c5986accf213bcd,3786
docs/research/papers/Wright-1997-Primal-Dual-Interior-Point-Methods.md,af8ccbca868849999fcc84d19f099f698e29f255b16d714401ad11db8f5d85d8,3944
docs/research/papers/Wright-2004-Interior-Point-Revolution.md,192ea90c2490530d77c06f675c2da310c454e149714c78b00b94981d95b2b7d9,3749
docs/research/papers/Ye-1991-Interior-Point-Algorithm.md,378454d5081e85137f553859f0b3b02d8de3d8e1118f4cd092dcfe90e2f3fcb2,2910
docs/research/papers/Ye-1998-Crossover-Interior-Point.md,2d402df951bea1f30a83a3c57ef77c3b30453299522b01c73de074840c5b32ae,3912
docs/research/papers/Zhang-2025-Combined-Linear-Nonlinear.md,66b8ecaaf86bf4764c4613e04462daeaf6f145d7c22a38d5f696fb703721aeff,2952
docs/research/papers/Zhang-2025-Learning-Select-Nodes.md,796b036aee481dd51b8bd21f7b0e5d8a98166053f69d0a60d82d22ce9019a3c3,3211
docs/research/papers/Zhang-2026-Novel-Linear-Optimization.md,daa2ffa50439597a2358cc2bfa3c8faa920dd9bd607b40f0b778eec6bc276b0b,3039
docs/research/papers/Zhang-n.d.-On-Design-Parallel-Branch.md,c14c6a92719a39dd1fe222592880130bcd21912ea25b03707428a53d75017d42,4205
docs/research/papers/Zhao-2025-Design-Implementation-Reduced.md,5ddc7181210777ca0330397887bab0ce1e6c679b733062b24b116817c08a4661,3422
docs/research/research-gaps/Degeneracy Handling Gap.md,b1a1c46247fac0f6e834b025c47df31590d96a36b7b0fac351802f1ed857bec3,2702
docs/research/research-gaps/GPU Benefit Unproven.md,c36c99b99b5c8b010a4708cdabb1ee46e2f2c7d6993b70485710592444817377,2974
docs/research/research-gaps/Ill-Conditioned Instance Dossier.md,332d23c9da8263829452d61a5cc7d5877644f06a03e3831d64fd87e8a1a3401d,3049
docs/research/research-gaps/Missing External Baseline Comparison.md,bf57884fac02fae104b6606099a6862b8d1675e2465afff84e713748d3946f3b,2757
docs/research/research-gaps/Mittelmann Coverage Gap.md,08f08a291eef41ae1720c2ffc2860fd4817cf0cec89f79f542e92ce335abb860,2619
docs/research/research-gaps/No Interior-Point Engine.md,03a0cd70cf7b06e2942dd9eb92e2baf1408b57a78182b6dfc3fa4b0a76b3c21b,4335
docs/research/research-gaps/Parallel Scalability Gap.md,81f506e54300e3b57398dd0b4c6476fd7946258d9eef02147912360d1552694f,2703
docs/research/research_paper_references.md,69890faa8c6d4c06b42db60f90bd8356060a648ff3a2fffc1bcef25b4feb47e4,43882
docs/research/techniques/Adaptive Restart.md,470e8eb81065602fbaef2b42e008fd5ddd049a7ac9b645a22878b069947cc412,1592
docs/research/techniques/Bland Anti-Cycling.md,2dc43e552d6e0d8bc434556364d8f61b2e8d9d0eb7f4e2f2a0e7a3ef9bd0f12e,3087
docs/research/techniques/Cut Pooling.md,e21254b6a3af537ec4261a2308e37585b2e213a417aab7a4bbdecadebc810c75,2612
docs/research/techniques/Deterministic Reduction.md,b01a7b1c2d246693ff21cd4f44ce7bf70da633533dae9fce4836d348f443b017,3032
docs/research/techniques/Diagonal Preconditioning.md,f1c41382dde3cbb578d9550138a02f38b8f532c247c0eebc12f04315547cc2e5,2816
docs/research/techniques/Diving.md,cb0cacbc34db937f5525e1cda43cd398a7bd322984408324f50d7295898e0cc6,3520
docs/research/techniques/Fill-Reducing Ordering.md,9f2d8594bc01f38198a3c8c3216ffb344ab2543767ed334d09ac317a4ddc22d9,3589
docs/research/techniques/GPU CSR SpMV.md,250c00072f6f1d48455c22a425d1037dd13e33ea5d4bc8d0b38d583bcd2af7b0,3112
docs/research/techniques/Harris Ratio Test.md,efe5242184cb19c055900b0bcd5efc29a96402130c69a972408bd5fc39043c11,3653
docs/research/techniques/Rounding Heuristic.md,273e90b386820f1e8ee2a57ab940472f043a4d3ac8f8847131f2016c8f851173,4154
docs/research/techniques/Ruiz Scaling.md,bf036a4d31e1eedef245d6cc1157b458e45003e0b14babd6feef74af6cbe9c8a,2846
docs/research/techniques/Symbolic Factorization.md,bf3dbe41556785ebf8d0ac94e6830130eb899a8f43a49f4f6540d1ae79d079ad,3424
docs/research/techniques/Work Stealing.md,c5bb655148d431d8c0ecb357825f9d486d53b6069c76938e6125c8139437b09b,3525
evidence/INDEX.md,ee0886976d0a3f77fff7e955daa4ff603d8c81351bc7fe321d045b1b552976a9,11421
evidence/backlog-5-12-20260928.json,e9a576df86659ba7a7d145529af44fba00705c1113b7b5bac79d15ef2c558d40,8354
evidence/baseline-freeze-20260928.json,7fe70368c397afbdf957390fe59fed50c1e9f7f14879311435ef701a80cba939,7840
evidence/baseline-manifest-20260929.json,29112c7f08f022052b7358c18d23120c9819ccacaeec860d1a1abb56b5998a7a,11209
evidence/baseline-manifest-20260929/base01-build.log,5670f115fda855195d43943db3f97b89d590bd9bdf2ddd2493b570d68e9b2450,27096
evidence/baseline-manifest-20260929/base01-configure.log,6fdaadeffa210ce90d7724a30154beedd52955e69c017bdbff2e082fa7e30fe3,618
evidence/baseline-manifest-20260929/base01-consumer-build.log,138a8859ca66f57b60ec0be87f475df167b49ca89874e0feecfb797efffb4e76,164
evidence/baseline-manifest-20260929/base01-consumer-configure.log,839da38e9f9d53bf83bed02d1ac1917a56228f3dc087edd69470a30b7c4074f0,498
evidence/baseline-manifest-20260929/base01-ctest.log,2551cf61fe1ffa25bfdba6b3e92c77151736c0df698830a614752a0968c43111,10303
evidence/baseline-manifest-20260929/base01-install.log,5d208309c683ecce9d912af4447b41a3dfbcb799a1f9cbe7a36667c9aebf027e,9146
evidence/baseline-manifest-20260929/base01-wheel.log,e8648c56dd0c67ddc68c33fb4a656c5b72b2d2e6fecabcd23fcc48c2fc10ad7f,694
evidence/bench01-campaign-2026-10-01.csv,c2411f2862a0042c44f8f19dd31ae84fb5752dc2972ff6506c649ad0b835da22,389857
evidence/bench01-campaign-2026-10-01.json,27fe3da457ac3b6a499634ef03bfe9fc3d264a2aba76dca905704ec562d6dc49,5274
evidence/bench01-campaign-2026-10-01.log,a31f116402c17164a7d63176e50cf0e7df849ef5fc73a402b2b0a9c3272603fa,955
evidence/bench01-preregistration-2026-10-01.json,bac887e814000b7ae333b5dc67213ad6b15de29d2f5777cb9b216203a0f0fb8e,85921
evidence/benchmarks/baseline_frozen_20260928/frozen-comparators.json,91cb400db65692a8435b74913f46d6d8b09079ca0884dcb2b2bb049413fac3f1,3003
evidence/benchmarks/baseline_frozen_20260928/full_netlib.csv,db7f6a9aee439eb4b4a87c731531801e8731f0df9acff3d556f52682aa21b1f2,15223
evidence/benchmarks/compare/profile.svg,cd24f1bc71e1cb95ee9376adc611289eef7548425dd86f6d96c1710a20343975,1229
evidence/benchmarks/compare/report.md,08dfd8677d4cd3a6c53c23b98a5d6cb30da9385a5cda5c0f4fd5a8654d71fb46,2947
evidence/benchmarks/compare/results.csv,684f16b5eac4b21ec35de8a82c56cd7b189e52da5ae520e65254c8ed42322596,3463
evidence/benchmarks/compare_rw8_check/profile.svg,b14548eab9b385bab2ddc91becae9f5969bf5d416025e5c479f20540b77294c0,1229
evidence/benchmarks/compare_rw8_check/report.md,eeeb70fd36875ff9fccaea923797974024a3928f1b9806ccdcaebea221053c4d,2667
evidence/benchmarks/compare_rw8_check/results.csv,cac2490282b10ad0a76cdfe6e22bd4adfb7b7b088d4227560547b45a172ae54a,3026
evidence/benchmarks/crossover_plot.svg,a157122228be64e11a96fc3022f6d4f7e06132ff83576d42338c00f52bdca8bc,6079
evidence/benchmarks/crossover_study.csv,bdac56d0f14d83d5f5496f6290b2e2fcf3766b32eb257b3baa81b638ec26a6db,454
evidence/benchmarks/crossover_study_gpu_rtx2050.csv,0ccb727c37b28a07e11217fcb24499dab0c50d8e1932f2d2693e614d41eb32d7,1538
evidence/benchmarks/current_full_15s_20260928/full_miplib.csv,995f7bf5e09522bcfec717e659ea5acf8d1665c398d021466cd5f1c81d52c70d,19474
evidence/benchmarks/current_full_15s_20260928/full_mittelmann.csv,8f443d30dd913f8a69ebd8fbf56d550d2bc586530cba3f967b5d8143c0268147,3277
evidence/benchmarks/current_full_15s_20260928/full_netlib.csv,84721bfedceab85ad70bdd6e77ad816b442e3a8a7c73a066beb3c06dfb9a16fa,17226
evidence/benchmarks/current_qplib_15s_20260928/full_qplib.csv,d4165d2100d4af13e8d048f7b779198796beeb1dc3a9c981b0a419cfad12754c,2649
evidence/benchmarks/current_qplib_15s_20260928/qplib_convexity_selection.csv,334aee2c4077603bca750fade9589d0d8a5d3289918014de926ca96b48fd2934,1423
evidence/benchmarks/current_qplib_15s_20260928/qplib_excluded.csv,5d63b471c628ee1d69bcc2a06a19fa0ba526b215bd2f955185a333921dc71a6e,17
evidence/benchmarks/current_qplib_deadline_20260928/full_qplib.csv,21274d77e72b7547f3d71adfacbabbdd6bf9da7de7e55309a8ca273f345514d0,2867
evidence/benchmarks/current_qplib_deadline_20260928/qplib_convexity_selection.csv,334aee2c4077603bca750fade9589d0d8a5d3289918014de926ca96b48fd2934,1423
evidence/benchmarks/current_qplib_deadline_20260928/qplib_excluded.csv,5d63b471c628ee1d69bcc2a06a19fa0ba526b215bd2f955185a333921dc71a6e,17
evidence/benchmarks/current_qplib_filllimit_20260928/full_qplib.csv,95bbf41b5838f6579bc3c14b9f2576bfdcd376de94d290ccef35f703b70e9eeb,2832
evidence/benchmarks/current_qplib_filllimit_20260928/qplib_convexity_selection.csv,334aee2c4077603bca750fade9589d0d8a5d3289918014de926ca96b48fd2934,1423
evidence/benchmarks/current_qplib_filllimit_20260928/qplib_excluded.csv,5d63b471c628ee1d69bcc2a06a19fa0ba526b215bd2f955185a333921dc71a6e,17
evidence/benchmarks/full_cases.csv,034023a6c051d20e023ab6fd1e4ace10ec4b419fed0ec929f3e011c427de2ca5,777
evidence/benchmarks/full_corrected_15s_20260928/full_miplib.csv,9baa04839ac371713ca8c926c5a2e45bfcd715d19687720495ab47ada406dff8,8659
evidence/benchmarks/full_corrected_15s_20260928/full_netlib.csv,b574102629170581fdc516868a35ab6fa7f008057abad483964407d033961b35,9479
evidence/benchmarks/full_current_20260928/full_cases.csv,e5b25c39291ad94f369a60e63cdb783cad1ea9a0fdba3b22eee41f1dc21a0d3b,724
evidence/benchmarks/full_current_20260928/full_miplib.csv,a8de1fe68a8d3cb9e33c0bb8bf6f547898d06b584346d9709de13d24572dafdc,6025
evidence/benchmarks/full_current_20260928/full_mittelmann.csv,5b5774f96b8da4af72d8955a71f49807c75c8fe529526d7d66ab6d832e55d893,1023
evidence/benchmarks/full_current_20260928/full_netlib.csv,440768062d57439e32cdbce02fa046067d41d06a812ac9210a973bcb3dc2b688,5298
evidence/benchmarks/full_current_20260928/full_qplib.csv,a413ba8a2de1e094042ea98b0d3a4ab3651531e0bb1f9880ecd462e4b7a81854,1043
evidence/benchmarks/full_current_20260928/qplib_convexity_selection.csv,334aee2c4077603bca750fade9589d0d8a5d3289918014de926ca96b48fd2934,1423
evidence/benchmarks/full_final2_20260928/README.md,af4ced4547abab2fb15ea3af6d5679faabac1ced1a3276600a460a4d624697ca,628
evidence/benchmarks/full_final2_20260928/full_qplib.csv,c3abd9e45949a6af72a08c79ef4acb5e4427eb5a030b4732cc2b8c8a1bbd03a0,1057
evidence/benchmarks/full_final2_20260928/qplib_convexity_selection.csv,334aee2c4077603bca750fade9589d0d8a5d3289918014de926ca96b48fd2934,1423
evidence/benchmarks/full_final2_20260928/qplib_excluded.csv,5d63b471c628ee1d69bcc2a06a19fa0ba526b215bd2f955185a333921dc71a6e,17
evidence/benchmarks/full_final_20260928/README.md,afcfcfd2926838bfae0551e2ac4985b25ddd63b3b6be56cae672d860ac4d98ca,533
evidence/benchmarks/full_final_20260928/full_mittelmann.csv,ad4599b6dcce1475cd30f02dfa2ebf943144f95ba2e39f1a0217a58a9198ab76,762
evidence/benchmarks/full_final_20260928/full_netlib.csv,8a6ba016cbd9dc77b28c8b6bbf404ac42c5d24cfe28bb0a023f611db2a5fe547,3304
evidence/benchmarks/full_miplib.csv,21b8a13ba02eae6a37f2292d9d394665b21091909d9d231c5d96ad5635b0e09a,247
evidence/benchmarks/full_mittelmann.csv,8896a44ec88f56492410aa9b458b5ed1043abe81147675b423e37d468ec95943,347
evidence/benchmarks/full_netlib.csv,1253b4dd10cf94660110c5b8ed480f3bfe3167e8d708507cddbe9e7c6c8da6e2,1168
evidence/benchmarks/full_qplib.csv,f166bdc3e2afc64dca7f4c1b19552293ef69d3d5051f6e753a36ee264d3de038,346
evidence/benchmarks/full_stable_20260928/full_qplib.csv,ca06233dc2432c397e9efdff30c1ca225ae4bbfcac2da1f259d903880f078515,780
evidence/benchmarks/full_stable_20260928/qplib_convexity_selection.csv,334aee2c4077603bca750fade9589d0d8a5d3289918014de926ca96b48fd2934,1423
evidence/benchmarks/full_stable_20260928/qplib_excluded.csv,5d63b471c628ee1d69bcc2a06a19fa0ba526b215bd2f955185a333921dc71a6e,17
evidence/benchmarks/gpu_host_access_check_20260928.csv,179ec81fac18e03f3964435d02e82a45f0f6fe8a978d82edddee2f3822f2763d,1521
evidence/benchmarks/gpu_host_access_check_reverse_20260928.csv,33da87b8351257861bc6acd357098133aaea08dba5f6538d26deae645bf3c060,1537
evidence/benchmarks/rw2_parallel_scaling.md,991d991aa85dd0a04472b7e439ef181d52ee55f44732652e429f190e349d75a6,3999
evidence/campaign-20260929/preregistration.json,8c25e38957d6095844aa9f64a03ceac776b61518ed5b3e21bc03ec7d98815ba1,36363
evidence/cases/domain_scaling_study.md,1d688f5eda367ce694a233fcf86b76bf221e10870d2586bf114cf0c23670a1ee,9557
evidence/compare/current_final_threads1_20260928/profile.svg,821ffa4b3204b3aab72f28225d4f7a024e03de58d059c01312fdf1a043b4b6c4,1229
evidence/compare/current_final_threads1_20260928/report.md,68f622e3086a2c506ff7fad9c148b0e71ebedc0cc7d07012c026749d18a89552,3564
evidence/compare/current_final_threads1_20260928/results.csv,c12b02d6cfa35c7415b37936c1d2fd98d12cb302739b80223d9c0ee23ae3d47e,6484
evidence/compare/current_final_threads4_20260928/profile.svg,fb93c37aed670abe6a4c821de4a36e4dab9e10e052759135335d4827bb51cfd6,1229
evidence/compare/current_final_threads4_20260928/report.md,410b21d025ec955f678cb4ba533c7a1f2dedd9f254b21f94752f3e20bbca5c84,3553
evidence/compare/current_final_threads4_20260928/results.csv,c924c87f34287521386aa3e3fa50a3501264c630992811c5a70dd23e14d5c517,6442
evidence/compare/f24_repeated_20260928/profile.svg,1899e11e0d24b4deadecf9841e69873292f28cde344e9ebd3dcc6549f83a4c7d,1229
evidence/compare/f24_repeated_20260928/report.md,2299e59022d2b2486b60030a9666b8b680a98b15a061413c2c552b6ef3a281a9,3475
evidence/compare/f24_repeated_20260928/results.csv,25241424b8163902ed948afbf9147b0ca3a87e24bed6beb40a1a372ddc4fe161,5155
evidence/compare/f24_repeated_20260928_threads4/profile.svg,2c7e83665e44a13c4a2838eef380b20f59ee0ccb3f64f2883fd6126fa514c076,1229
evidence/compare/f24_repeated_20260928_threads4/report.md,57a1af354d7b7917dc4e7059c7de1ade462fe52b12785f2280e9d7a9f79e7c34,3466
evidence/compare/f24_repeated_20260928_threads4/results.csv,38045fdfd79b1b9b90fa3ce3c46f3e3b68dd1e6aa8b6b5053cc64f56d67a55da,5126
evidence/compare/profile.svg,1a528644dcf405672d50b0f83bdd8bba75c1df8a75837eb3cd0be7cf0cc0e8e1,1229
evidence/compare/report.md,d80b234e828eb8a6cfc209fd9fa04ed2d5d968e07a4e214c71d3984950b272bd,3470
evidence/compare/results.csv,5c9789efe58de6cad5705115d986997c229c6ee3c774021489e53d0ae3084bf6,5129
evidence/comparison/afiro_final2_20260928/dolan_more_lp.svg,1a60ac4120644cd35701afd106ea00ecdb7307a42ac25c72ab369a980be374cb,10503
evidence/comparison/afiro_final2_20260928/dolan_more_lp_profile_data.csv,64a7f5be22e838952f037a3c7e2115bb135d0f1e3df0b54925fad6dcd09e4a56,10627
evidence/comparison/afiro_final2_20260928/full_compare_results.csv,faeae55c46b4380587f99643ec171e01e16a246f3b74286ac4a55a0219953610,257
evidence/comparison/afiro_final2_20260928/full_comparison_report.md,345359a6f5572dfd7337678c3d934cab61f840a1025f3bc8806b52e1e14015b9,19406
evidence/comparison/afiro_final2_20260928/miplib_comparison.csv,5f8e21c243900cbb6051cbb77f1accf50bd39b2c451f03d444f70ae70b1f5378,96
evidence/comparison/afiro_final2_20260928/mittelmann_lp_comparison.csv,5f8e21c243900cbb6051cbb77f1accf50bd39b2c451f03d444f70ae70b1f5378,96
evidence/comparison/afiro_final2_20260928/mittelmann_milp_comparison.csv,5f8e21c243900cbb6051cbb77f1accf50bd39b2c451f03d444f70ae70b1f5378,96
evidence/comparison/afiro_final2_20260928/mittelmann_reference.md,af5b3ca645158c00bd1ff02c8828907ac8339cdaea0c42a27453b335b452a6de,1097
evidence/comparison/afiro_final2_20260928/netlib_lp_comparison.csv,b212a6eca3182dccfde0e16cdd51f5c63cb344d0b6483b0899fe1f693f87cf39,450
evidence/comparison/afiro_final2_20260928/qplib_comparison.csv,5f8e21c243900cbb6051cbb77f1accf50bd39b2c451f03d444f70ae70b1f5378,96
evidence/comparison/afiro_final_20260928/dolan_more_lp.svg,5fa475fbd567679e76206dd6a9ce8f25ef2599aa74d0ed3da76a7f970589a194,10498
evidence/comparison/afiro_final_20260928/dolan_more_lp_profile_data.csv,82f0f8dc38c41165d683bf9a04722352422c14b61b6fcae80c13cbe50bdf42df,10627
evidence/comparison/afiro_final_20260928/full_compare_results.csv,294d29d1384f563e27563870f2f75d39baef34fe7d14a46123c1ba811ace653c,257
evidence/comparison/afiro_final_20260928/full_comparison_report.md,2dd5758ff28ddaae2f963e684e39482e841583650619ecb7ac704122fca3a98c,19394
evidence/comparison/afiro_final_20260928/miplib_comparison.csv,5f8e21c243900cbb6051cbb77f1accf50bd39b2c451f03d444f70ae70b1f5378,96
evidence/comparison/afiro_final_20260928/mittelmann_lp_comparison.csv,5f8e21c243900cbb6051cbb77f1accf50bd39b2c451f03d444f70ae70b1f5378,96
evidence/comparison/afiro_final_20260928/mittelmann_milp_comparison.csv,5f8e21c243900cbb6051cbb77f1accf50bd39b2c451f03d444f70ae70b1f5378,96
evidence/comparison/afiro_final_20260928/mittelmann_reference.md,af5b3ca645158c00bd1ff02c8828907ac8339cdaea0c42a27453b335b452a6de,1097
evidence/comparison/afiro_final_20260928/netlib_lp_comparison.csv,d8e57fcafd0fee536fc5c5882bc6bb57269f820bbc6d9c0c0ecabc146a76f3a7,451
evidence/comparison/afiro_final_20260928/qplib_comparison.csv,5f8e21c243900cbb6051cbb77f1accf50bd39b2c451f03d444f70ae70b1f5378,96
evidence/comparison/baseline_frozen_20260928/dolan_more_lp.svg,957b28ad1c66ddfa496473dfe98cb94eca2e73b1080499e10444b8c7e866dd63,13958
evidence/comparison/baseline_frozen_20260928/dolan_more_lp_profile_data.csv,96c47c31167e78d027b2ff75cc1d703e4e29fbeb6bc580da8449ce94ca0d8a2e,13103
evidence/comparison/baseline_frozen_20260928/dolan_more_milp.svg,b5c97313a897840c060a12118f5793cd7980e9fb3df78118ed90fca92144e15d,12907
evidence/comparison/baseline_frozen_20260928/dolan_more_milp_profile_data.csv,a5cbe2eadf3b4b9188533c9f454832743b99eaa0b51c99f2915eaf9abf561434,13103
evidence/comparison/baseline_frozen_20260928/dolan_more_profile_data.csv,f6cc97646cd964838fc235e32662157b1f221870e46577faeef6999d4dda5105,13103
evidence/comparison/baseline_frozen_20260928/dolan_more_runtime_profile.svg,c9d58443170159825df3d94f4bbf4ae74dabed6a285888057f47990a33cbcae7,14756
evidence/comparison/baseline_frozen_20260928/frozen-comparators.json,91cb400db65692a8435b74913f46d6d8b09079ca0884dcb2b2bb049413fac3f1,3003
evidence/comparison/baseline_frozen_20260928/full_compare_results.csv,a93a180b66d024317c94b5ef756c59efcf4964548a8a00d557ba67cb804dfed0,13026
evidence/comparison/baseline_frozen_20260928/full_comparison_report.md,daccc510f280396d9a02e21014e6a83b438f71dba1bc500156e2806689ce847b,24844
evidence/comparison/baseline_frozen_20260928/miplib_comparison.csv,1e1a2347a05c6c5ba6b6044b95fa208e5c5bf6a9bdf817500cc97196a6a6b34b,1581
evidence/comparison/baseline_frozen_20260928/mittelmann_lp_comparison.csv,5f8e21c243900cbb6051cbb77f1accf50bd39b2c451f03d444f70ae70b1f5378,96
evidence/comparison/baseline_frozen_20260928/mittelmann_milp_comparison.csv,2ec3f97d4d19e515b01c76a55865b4d4b738f2ac030dada557c735b44a3b6479,991
evidence/comparison/baseline_frozen_20260928/mittelmann_reference.md,f1268e5de67209c59d0cdb8d15a3f3ed588337469b536d52631185205b3e439e,1473
evidence/comparison/baseline_frozen_20260928/netlib_lp_comparison.csv,2ee5382fe313b119d1797fe457f3262bf6c8ff892025ea2f75075f5717a8d142,4971
evidence/comparison/baseline_frozen_20260928/qplib_comparison.csv,a13efbcef5f79d355539182f3e7583b6a5b3eac66da3b3867014c11b3c4e1ae7,1709
evidence/comparison/current_build_20260928/dolan_more_lp.svg,6246dbf8ba01494aa6393295d7d5b52726f4e8ce38d4219944d5921eac72b4c9,11666
evidence/comparison/current_build_20260928/dolan_more_lp_profile_data.csv,768a14e68c4f7b3cea37aaee4b7aa10c6e540037499bf5769b88e2006c73f23f,10627
evidence/comparison/current_build_20260928/dolan_more_milp.svg,63700461c91281688216b91facb2f251c202444e3eb5f8608eeb3ab725ca1225,11007
evidence/comparison/current_build_20260928/dolan_more_milp_profile_data.csv,6731d0b723ea2701523056bf071bca8e3550c3f9de69b7b663375fcf108be80e,10627
evidence/comparison/current_build_20260928/dolan_more_profile_data.csv,5208bcd7db2e3ab4c53a31b1574f4c662bcaf7a6efccc06a9bbde064d7da435e,10627
evidence/comparison/current_build_20260928/dolan_more_runtime_profile.svg,d1b8d2b1eb99c371c08cb2b62511676099979d63e6a5a46b2011340192fdcd01,12533
evidence/comparison/current_build_20260928/full_compare_results.csv,1bc79f0ee15387ba979c9058f9281f547ccd3a520d82318d7a0263974b305caf,4488
evidence/comparison/current_build_20260928/full_comparison_report.md,2a7346ef24c5352beebd0f03e777c9342d3eb0b0461d2b6178f101a7f4c11445,24977
evidence/comparison/current_build_20260928/miplib_comparison.csv,76102393ceaee6b63aac05896b5dfa4888be0ca8750cdb493620f1e20d5e9b42,1319
evidence/comparison/current_build_20260928/mittelmann_lp_comparison.csv,5f8e21c243900cbb6051cbb77f1accf50bd39b2c451f03d444f70ae70b1f5378,96
evidence/comparison/current_build_20260928/mittelmann_milp_comparison.csv,52c85dd08ac2b8f173f28de45595cd58fbc0bd3f7b456e7d889812f0effe9c2f,868
evidence/comparison/current_build_20260928/mittelmann_reference.md,87e34ce41a2cfbdb96918c9b44aa11246e9ac348f46486bd6a6f3c435e5dbc46,1564
evidence/comparison/current_build_20260928/netlib_lp_comparison.csv,6f56e7543ff62a449c643b3e78ebb5d81d355bca2d491c48093b8a5ff520ce5d,3549
evidence/comparison/current_build_20260928/qplib_comparison.csv,880ea288b4b16d044172bc192b4e51532851edf3de875ac67d572c4279ebf05c,1277
evidence/comparison/current_build_thread1_20260928/dolan_more_lp.svg,1ef34b70b89a6798041ac85bee73416dea174f09e1fdef7f65bd2f2ccfc91132,11679
evidence/comparison/current_build_thread1_20260928/dolan_more_lp_profile_data.csv,0d653ad17c80506557b11aab614bcc1c2f69573c605148a36840c52b675e37f6,10627
evidence/comparison/current_build_thread1_20260928/dolan_more_milp.svg,cc3aa9bd40ee7185ea7632917b2338aa537a196cb54b123a4d3e75c897f0d71c,11007
evidence/comparison/current_build_thread1_20260928/dolan_more_milp_profile_data.csv,e74fe5ef39beb6c03194b6c7e1bb201b0cc2b16bb051258f0ed44233a4360816,10627
evidence/comparison/current_build_thread1_20260928/dolan_more_profile_data.csv,1e10a350d49055432f257e63e0d67271fb5fcc0b386d2f4f789febcd6a81e307,10627
evidence/comparison/current_build_thread1_20260928/dolan_more_runtime_profile.svg,e35b7d91d26866d7b5e7dabeef923d545a58e23da0bc867d37139d148b6341c7,12530
evidence/comparison/current_build_thread1_20260928/full_compare_results.csv,fea7d695bfd261b66933d23e21719256984dca0274b27d62f076e738b242baa1,4498
evidence/comparison/current_build_thread1_20260928/full_comparison_report.md,1c3a8eb25cfddc372cb5ffc24b651eff0ae42dd37c72e39b6efb1a860732c77f,11978
evidence/comparison/current_build_thread1_20260928/miplib_comparison.csv,26c571d460464d9994eebfeb74c840ebfb4e71c535338cf03bd3c66a3a3a8a2d,1306
evidence/comparison/current_build_thread1_20260928/mittelmann_lp_comparison.csv,5f8e21c243900cbb6051cbb77f1accf50bd39b2c451f03d444f70ae70b1f5378,96
evidence/comparison/current_build_thread1_20260928/mittelmann_milp_comparison.csv,dcf97a7b69b8bd50b494751f8c955ae176a822bac4473c98e4444e18f6de0a76,868
evidence/comparison/current_build_thread1_20260928/mittelmann_reference.md,87e34ce41a2cfbdb96918c9b44aa11246e9ac348f46486bd6a6f3c435e5dbc46,1564
evidence/comparison/current_build_thread1_20260928/netlib_lp_comparison.csv,7dfc3776ead20d09de252466aa4bc18e22db14a7d9a8e0081346e31c80500dce,3567
evidence/comparison/current_build_thread1_20260928/qplib_comparison.csv,b97c80d10d9febb39f417725129969b99767bb1c2bc2663c51e3be53f0c511ab,1289
evidence/comparison/current_glpk_20260928/dolan_more_lp.svg,cc81f68ab14e31b6710f8d561bfdbc25caf9c31de2a53e568f5662f0d2937ad0,13795
evidence/comparison/current_glpk_20260928/dolan_more_lp_profile_data.csv,df476da1711bb30e5fc8526e9236fbce12f5968612f19fe3a10e0866cbb6ea6e,13103
evidence/comparison/current_glpk_20260928/dolan_more_milp.svg,4066103b30ab567b063dee1cbeb94d8f982c44dda0fb617c15decc74ad61dacd,12901
evidence/comparison/current_glpk_20260928/dolan_more_milp_profile_data.csv,615086a4afdbc5f66681c01ffe0f235883f90ceb3a1f4080122f783334d5a8a5,13103
evidence/comparison/current_glpk_20260928/dolan_more_profile_data.csv,873519103570686162dd2b030dd6e359e8afbfd92c8dc65cfb6a2a2e38107715,13103
evidence/comparison/current_glpk_20260928/dolan_more_runtime_profile.svg,a31cc097318e01b206defc7ffb4c289b299765bc352c4b15dd1e882f6d58c83f,14875
evidence/comparison/current_glpk_20260928/full_compare_results.csv,01db40ad821d65649ab7f1d7cc1f6ab4fbafc277ef6d143cb3be830836f76dcc,5480
evidence/comparison/current_glpk_20260928/full_comparison_report.md,daaf88414a05cc93f8814e7c80d57dd86a6b9c45b32a608f1a947ec48b87591b,12663
evidence/comparison/current_glpk_20260928/miplib_comparison.csv,9773529e86f51ec811870b4759a97818efd3a93a5516304549b018350be8ee06,1697
evidence/comparison/current_glpk_20260928/mittelmann_lp_comparison.csv,5f8e21c243900cbb6051cbb77f1accf50bd39b2c451f03d444f70ae70b1f5378,96
evidence/comparison/current_glpk_20260928/mittelmann_milp_comparison.csv,c92f6cdb044b8bda0d908f41ff7143ccd98ee974e5278cd0aa5bb9ff301d32f3,1069
evidence/comparison/current_glpk_20260928/mittelmann_reference.md,bb2a4fce2c9b9a21b1d77c2fd7d869f2e69fbcc73cff6dec6a634a6207e0de81,1564
evidence/comparison/current_glpk_20260928/netlib_lp_comparison.csv,e389b08597b4814ec42355a0274927cd41d65ee80ba899daa693c37c757c01a4,4363
evidence/comparison/current_glpk_20260928/qplib_comparison.csv,7919803c3cee7ab33d4d4b6ab439600101d1d8d7427a62169b68ef1136e364a1,1459
evidence/comparison/current_glpk_pinned_20260928/dolan_more_lp.svg,e33fe8b9f46db84eda17c03689e6ef63859f1107565ebd681c0a81e8bc546cf3,13798
evidence/comparison/current_glpk_pinned_20260928/dolan_more_lp_profile_data.csv,31725a129005258b7f43958c11cb7f1f528152a3311d3e65041abd7d940117b5,13103
evidence/comparison/current_glpk_pinned_20260928/dolan_more_milp.svg,5f46fc2dcecfb237d4157a843511dc943aa01e13f18a661045dff88cc3c1f414,12933
evidence/comparison/current_glpk_pinned_20260928/dolan_more_milp_profile_data.csv,92c9a8d18f2db5bd1b7850409d2057cf3e18cc0b4904aa049440f09f583ee2ce,13103
evidence/comparison/current_glpk_pinned_20260928/dolan_more_profile_data.csv,1c5c0abbface3061c1cb980b718abcc2eab35fa84a6bebc9860049c036e86463,13103
evidence/comparison/current_glpk_pinned_20260928/dolan_more_runtime_profile.svg,82f664f62e902ea30ff3b8561d49ed21d27308d29fa4f486483b47f4a78d1fc2,14908
evidence/comparison/current_glpk_pinned_20260928/full_compare_results.csv,bdf0951a7b232e375787d5da9dd6a97b9af7f2946d64246ae648de59160fde16,12966
evidence/comparison/current_glpk_pinned_20260928/full_comparison_report.md,5cea2c0094766331a83ca517ced54301baf0c725dd6f4886d539854acd6017c3,12869
evidence/comparison/current_glpk_pinned_20260928/miplib_comparison.csv,f58b96c1015aafe0a859901fa8b9d86cb705f5e0d820c4633a5d2ff3eedb17cc,1685
evidence/comparison/current_glpk_pinned_20260928/mittelmann_lp_comparison.csv,5f8e21c243900cbb6051cbb77f1accf50bd39b2c451f03d444f70ae70b1f5378,96
evidence/comparison/current_glpk_pinned_20260928/mittelmann_milp_comparison.csv,de73a67a90f80288917720f8031e1b44f4b822250f6882be4a926eb4448f3cbe,1069
evidence/comparison/current_glpk_pinned_20260928/mittelmann_reference.md,bb2a4fce2c9b9a21b1d77c2fd7d869f2e69fbcc73cff6dec6a634a6207e0de81,1564
evidence/comparison/current_glpk_pinned_20260928/netlib_lp_comparison.csv,f5725cab3ab9447d9980eed98619923fbdfe8d2687151c310ce9f2ad5af6f8d6,4341
evidence/comparison/current_glpk_pinned_20260928/qplib_comparison.csv,79109d7eaef63f5b80d0676a25ceb2067474323b90462f6a407e17d508357b0d,1451
evidence/comparison/dolan_more_lp.svg,7eacb8a4db7c0e16892bbcb7f67410303e254a0d0538edd2c9e8397fe2eb4b12,11696
evidence/comparison/dolan_more_lp_profile_data.csv,a355e7724cec06acebfa76cb60c47fd35b43d193e98157aeb0d7991ee527efbb,10627
evidence/comparison/dolan_more_milp.svg,38935f4ed19c02b869d03efff4e003a6f417343b51157f2db94578a63b3360b4,11114
evidence/comparison/dolan_more_milp_profile_data.csv,9ed88ec9314d82fb56e4370474e3d3ed44179fd27bdeab0be0641b4d6dc0a996,10627
evidence/comparison/dolan_more_profile_data.csv,f7309de7c582ca50850eb728edd3ed250e3c72eb5c292da27ae561718b948dfb,10627
evidence/comparison/dolan_more_runtime_profile.svg,366bfb494e2862a47ab986348aeee7cd5447563da7c26cd8f293fc9948e058f6,12613
evidence/comparison/full_compare_results.csv,c73e0fd3d23156f1ba07e34feac92b342ca3ae3063ea11c6e38e082f1fccdfc1,4522
evidence/comparison/full_comparison_report.md,ce20229bb5d8f986955ab03f8ef01e73ad23c4918cf1c36dd54464eb2660ae06,12156
evidence/comparison/miplib_comparison.csv,ac509a5ba2f2929722ee2c10d61c8e0a5fd5f71a763a077c11a4f767860c780d,1371
evidence/comparison/miplib_comparison_legacy.csv,ac509a5ba2f2929722ee2c10d61c8e0a5fd5f71a763a077c11a4f767860c780d,1371
evidence/comparison/mittelmann_lp_comparison.csv,5f8e21c243900cbb6051cbb77f1accf50bd39b2c451f03d444f70ae70b1f5378,96
evidence/comparison/mittelmann_milp_comparison.csv,8b3a20e8f793aa65815b9a248933c20c6a6dcf742387899547a263d7f19a5424,906
evidence/comparison/mittelmann_reference.md,87e34ce41a2cfbdb96918c9b44aa11246e9ac348f46486bd6a6f3c435e5dbc46,1564
evidence/comparison/netlib_comparison.csv,2ddbe1110f08d0c914b3979f06821bd46ce363f54fd3026aac261ec420860224,2092
evidence/comparison/netlib_comparison_legacy.csv,2ddbe1110f08d0c914b3979f06821bd46ce363f54fd3026aac261ec420860224,2092
evidence/comparison/netlib_lp_comparison.csv,0073aee84ec873db0058649dd419ce50090dd1d9a835588d8eeafab690bdb10b,3397
evidence/comparison/qplib_comparison.csv,623db0a2268846cec907b2df8589ee35f9a17352ca3ae9786b5664394243b26e,1243
evidence/comparison/thread1_check/dolan_more_milp.svg,c70965505229d491e6a873c7726582e6fa84a59774fb8d06b41aeeda9911cb9f,10790
evidence/comparison/thread1_check/dolan_more_milp_profile_data.csv,fc2762db36cff2682f944ba0ec031c7b371197cde0a40cbe7c5df287750dc7c8,10627
evidence/comparison/thread1_check/full_compare_results.csv,e2b3a0a1d1a5c981bae9473fc92a116cbbf71c244d9ee7ca26264cdb8e3e736f,549
evidence/comparison/thread1_check/full_comparison_report.md,4cff50379b66f5156b7fd4522230c40292186fcbae89f526cfcf04efdb35af5b,7290
evidence/comparison/thread1_check/miplib_comparison.csv,1837f23ccd4b881d899dfa93566d5a5d34f502df5dddb27df0ecd1c028b42186,848
evidence/comparison/thread1_check/mittelmann_lp_comparison.csv,5f8e21c243900cbb6051cbb77f1accf50bd39b2c451f03d444f70ae70b1f5378,96
evidence/comparison/thread1_check/mittelmann_milp_comparison.csv,5f8e21c243900cbb6051cbb77f1accf50bd39b2c451f03d444f70ae70b1f5378,96
evidence/comparison/thread1_check/mittelmann_reference.md,af5b3ca645158c00bd1ff02c8828907ac8339cdaea0c42a27453b335b452a6de,1097
evidence/comparison/thread1_check/netlib_lp_comparison.csv,5f8e21c243900cbb6051cbb77f1accf50bd39b2c451f03d444f70ae70b1f5378,96
evidence/comparison/thread1_check/qplib_comparison.csv,5f8e21c243900cbb6051cbb77f1accf50bd39b2c451f03d444f70ae70b1f5378,96
evidence/contracts-slice-20260928.json,155ed666472371a7a93d25575079592ec9f4e7053fe2224d03efc223426cf872,6316
evidence/cut_effectiveness.csv,1c407effad90ead713ec52d2675cce88590b3819719b153f1150c1423a8af0c6,454
evidence/defect-closure-register.csv,c66552b33460ed8050ad3b2c66ee6a097aa543d931be54645d1d79a0adbcd7cf,14536
evidence/frozen-comparators-20260928.json,91cb400db65692a8435b74913f46d6d8b09079ca0884dcb2b2bb049413fac3f1,3003
evidence/frozen-instances-20260928.json,a923a6f54a6915aa0db6dd7b157ba7eef7592e04fe5c7dd57ba187c1b7422101,200383
evidence/gate-status-20260929.json,2c572db0db38e5cfead3d3cefcea47e4a8a1102f248f926aa19192161c1e5be8,19774
evidence/gpu_hardware.json,8bffe46a458cf919af59f9b777dabc252060b2f08d923593e4e22a9381b82bf7,1256
evidence/gpu_hardware_host_access_check_20260928.json,6e547104b551b860933c069d62f2d90036db6bd8ad7f68a9112399913d046518,1757
evidence/gpu_hardware_host_access_check_reverse_20260928.json,d98d6a97966be8f141865f433392a373d899fc5533586f8d2abe2d27215448f0,1765
evidence/gpu_hardware_kernel_run.json,b94ae48547886335b4f23c56d985bb6c549873f2e6bf82993d64fed08d7fb1aa,1836
evidence/gpu_hardware_rtx2050.json,1711181057c4b806b23f1c473594d42d60192a05cb371b739ed6a788f0b49f7d,1386
evidence/hardware.md,2e342c4bcbd4291fd67261cc545aacea78f3eb4e3443235c0cbe890e646fbf56,2568
evidence/ir19-w01-memory-20260928.json,b812ca22cb0bfbb446a22cc648e4a2343550617f47d12abc9ff36f689afcc053,15721
evidence/ir20-sparse-lu-deadline-20260929.json,fe6f9cfc4f998232b769d42c8cca418c1cdfccd0e3dad60052fe828a4cb8c85c,1195
evidence/lp-sparse-rss-20260930.json,122a6205390d702054ec01eddc8d0ab5423ab5b23c55a2e241461109b34931a2,8698
evidence/milp-strengthening-20260928.json,7ab03c530f7e73de9fd0ab948c4711eb44a1398c712f42fee273432d04a34e34,4622
evidence/milp01-miplib-2026-10-01.json,cc85025cff6577f69a66fcb6f0e65f3320b2155e336b5cb9c78f12713eebddec,9795
evidence/minlp01-oa-2026-10-01.json,706b1b3475509880ce4fa86d4a790a67e5f56420ea69250398101546dbb0b60c,2926
evidence/minlp02-proof-2026-10-01.json,23cebc41944d4891cc489569a1d076a4f6b77de639583cfcfd7abbd48c4e08ce,4513
evidence/miplib_results.csv,97454bb0db909023d19f2830d5582357d5d0ae56a0831fc55029c8c5517a13ae,567
evidence/miqp01-synthetic-2026-10-01.json,972b0a38ca3a522cbb55c496f33410b85919d4432808c5e1d887b18b582256f8,3843
evidence/mittelmann_results.csv,be17ccb30ee6b4479efde6838f50c10cffa60e89ba10007dcdaf4489f89e0ac4,520
evidence/ml_models/cvs16r128-89_node_gate.json,eb3fd792c42cee1efe4c65541ff1d7e4f8e1436fc2f4e9473aa2181615157adf,2480
evidence/ml_models/withdrawn-artifact.json,fbc62c838115333dd9bd30a6b9418a6e95237d3431cedb379cdfd9f4065fd423,324
evidence/netlib_results.csv,22b2ac8a52b037e5d86155737cbc4206ea92e65cb702639771524efabc213b20,1325
evidence/nlp01-local-2026-10-01.json,1e4ffec41edd6f00de5f1f9e1a69cd64f6c7dd316d45e4c7bbbb5d20567f49f6,6175
evidence/nlp02-restoration-2026-10-01.json,a0902f3746287944fad01ce3dcdae676d40e0d3a3426ef99a0e6b90220aa85fc,14426
evidence/node-frontier-memory-20260928.json,9ca1467e22690069d0e149ecd6fb2aadfd2400f0e21a81369cbb2a8fbf7739b5,2895
evidence/packaging-consumer/CMakeLists.txt,578d76520908fa7c24940d5edeebd1083484fb9cab3d779f3f38202f810dc596,290
evidence/packaging-consumer/consumer.cpp,c2f7014a05887cfbe9f37ecd4259d06f022097355aac20c3e2353b126558c162,2081
evidence/packaging-prefix-drill-20260928.txt,8a6b7bb50fc3f4fa6e3b277c35cbdab266409f577712e85ede6d524dd6ff64fc,21599
evidence/packaging-qualification-20260928.json,49a257ffce66e9992cc00850462439f77468dbeef7c527063f29cf6e3792e905,20917
evidence/packaging-qualification-20261001.json,0c1685fb74188646001fe32af2437871117e89f07f58492d0801d340396fe02b,9811
evidence/packaging-qualification-20261001/asan-build.log,f8270d4eb1ed9ae202c4885df1f454502c8425dc4ce24d3ef21756532f4fb41f,34246
evidence/packaging-qualification-20261001/asan-configure.log,b79bf07cc5d9da6251341e90a8a836fe5bb65288b60e8d08e664502002eaf772,636
evidence/packaging-qualification-20261001/asan-ctest.log,7091944c939165a74ae70e3dbe4e40d60046aa6fa0834bb32a5a208d02f99128,14126
evidence/packaging-qualification-20261001/binary-hashes.json,cfeaef74d7c25e712e1700d854494e277aea05016be3d713db4f80c92a959ca5,10464
evidence/packaging-qualification-20261001/consumer-build.log,138a8859ca66f57b60ec0be87f475df167b49ca89874e0feecfb797efffb4e76,164
evidence/packaging-qualification-20261001/consumer-configure.log,96bec7f16e997de6d1ed3c71d792ef1a9eeb4b238df0dea18b4e00333e69fc66,503
evidence/packaging-qualification-20261001/install.log,8b7db4c1b20ec33940195fc8665d7bbd8ec131cf35e1c40289d8af3533225568,9553
evidence/packaging-qualification-20261001/prefix-drill-20261001.txt,f47dac54b88151324af744b48232d5a29506e86cbd132a60144b55c0384d376b,616
evidence/packaging-qualification-20261001/release-build.log,ef23484074257860d34902d2d954834d466b34f97a2e6d6173228d72f27db666,34246
evidence/packaging-qualification-20261001/release-configure.log,6db07764a3b4b56660225c86b0ec7176716e2ce2837a12bbe865cf0f4b830f03,607
evidence/packaging-qualification-20261001/release-ctest.log,06e2d0ca9bf8c619746473d025058dba6ff4aa7921d6ef30b6620de17e5d5da2,14097
evidence/packaging-qualification-20261001/rollback-drill-20261001.txt,b963d7036ec22368f24e3b5b725888c056231b1c82615d2b9ccdf6cd5b4a7b01,1206
evidence/packaging-rollback-drill-20260928.txt,ed1467af4c508ca03d705869397f19dfa6aa8fbf9766727040c6e32ba4e6ae83,4575
evidence/packaging-verify-release-20260928.txt,14549985364d08da357e36aca72736f440939007b8bbe18743a7be81a7198e44,6579
evidence/proof-guarantee-20260928.json,7d9c923f8908972745ff8ccd509000d7d49a021b96696566634f4a8b826766c9,6390
evidence/qp-kkt-bench-20260930.json,dc395256701b477ab1baf014b7aee063fa9f6a38e7eacf9acf538d6d1435aad0,7622
evidence/readiness-baseline-20260928.json,55eca3a06315579abd149d41c6a18b50c77cae542834dddee297f21423aa5f4f,1150
evidence/readiness-checkpoint.json,6667c03b1f94c5776f9bce7a8a63f5ae8b2bf4611a50447cee47760b68430a21,4079
evidence/readiness-domain-results.json,3f7f28bc18474c5cc4f80ed70aa7ea20a98e7eddbf61255a48fd0233ff443d82,3075
evidence/readiness-validation/debug-ctest.xml,6f27db21a32fd569353d647151959e07c5c79041f09085a49cea338424065221,47907
evidence/readiness-validation/debug-edge.log,426703fa8cbab27b506573d4f7ff2e2d858c744a13a8659e5878372d4d6b55c7,237
evidence/readiness-validation/installed-consumer.log,a8b4686403bbe8a29938f70ab3335bbca3d4e69396f5fef5c3fcc5cf399f80dc,68
evidence/readiness-validation/matched-smoke.csv,8f48f08904bf80d987b8f11726543d7a9237871609fe98b2db6b524e2cc73f35,701
evidence/readiness-validation/production-proof-harness.txt,42ef20da0095b04d91873b630d04d63d57b1a664ab825043d66c59860802bb59,1041
evidence/readiness-validation/production-proof.log,3296bdd8752f18e3625691b0a53e078051167b54b48d795715d60e03baa2edad,103
evidence/readiness-validation/release-ml-ctest.xml,e81962d496b4c4418fedaf05f19886fc4521076e48e85a8a6fc2e46e2722eece,47849
evidence/readiness-validation/source-manifest.csv,4e0deb128d8a4993e915824865aded2b8c395f3d985936e7c1bad859680e806b,43422
evidence/readiness-validation/sovereignty.log,075241266be69da749560be472d8c478361fe9e3b607170eecfbe885ec097d9d,91
evidence/readiness-validation/wheel-tests.log,9b159b9c7e8980afeeaa68123e8ce449ef144081876450a9fe0caa2a8b4a66e4,99
evidence/refinery-units-schema-20260928.json,0de34218449bfb41f204ba703911be2bec8b2e52533dc244fbcc078697544d2c,5495
evidence/refinery/fawley-public.json,334484a1cde8fa90d6c66626250f46a468f6ec196ddb94c49c2b8401f7890890,771
evidence/repeated-solve-20260928.json,f708db3a381d264248fcea88ae7f85b7838b1fbf6ce7c1bfb6b129ea6eeffd1f,11245
evidence/repository-slimming.json,063c5e35680ab8308b9c70868bd04032243ec2587d62aff4e6e273c3c49481e8,321
evidence/resource-envelope-20260928.json,d6597f44b3fb998151013e438835d6b748cfd9c0089f513ce62d8ca5e7514b35,4868
evidence/resource-instrumentation-20260928.json,5f1e51bf22fe5393355389cc949f0a42a093feee4324884e7ce3d3a76c883810,9417
evidence/resource-overrun-rss-20260930.json,070d11f036ecd5579ea980443ef42cf0f11e8e98632663479de2430db153f8ec,13227
evidence/robustness_dossier.md,c55bb8a6164c470c469823a697b46c5288c821c588954ef16d92ec9332ca5835,9043
evidence/scale_study.csv,1449f484bc4bb081668f81a958724fd4d5ada526ad91e23e0d7c5f283b8f3c2b,850
evidence/scale_study.md,0c5a0f747394571c4e4e1f8f0a2a696031aca34444804b25a052b6c47f8b12be,5584
evidence/verifier-overhead-20260929.md,64bb95670f7f871a77a42f728e898f6096306defb4876687c66432330c634b76,5289
examples/api_demo.cpp,e7a7b65cc0a40e56c8c94633973c1500b5fa4f6e3e96f363b8f18f18fd58e70b,3286
examples/blend.mps,5f45def165f8aa987562bf2e3ffa885c46571ca8f7936f7586905ff330c7aa05,155
examples/cases/README.md,1bfeb0de0222efa58030d93410a8cb687b9deaa813ec093e5073f9276a47f1ac,1979
examples/cases/crude_oil_blending.mps,c22f0f8f856508b503dd3fd879328cbe93f7d4306078f18b30dce6d700fdb4a4,844
examples/cases/multiperiod_production.mps,38355b33db2b7433dfd3fb0d64af90dda0d5223d70e583901663fb28aeac3d68,1014
examples/cases/supply_chain_logistics.mps,d859c8c8f80ab7f52f2dbecf0c2c1027ad0191ebad279468f068951408fdfceb,875
examples/phase3/tiny_milp.mps,f11b20fd0311f763a5c7d635670073f085273a52396403f0a141040799404e15,314
examples/phase3/tiny_qp.mps,f69706a2d6bc52640ec8a1a20a69b837f74dc81638590c573ae88a345acb430c,410
examples/phase3/tiny_simplex.mps,684bda4c3178f9b6f83e7b1a6bd47ab1e892310c72999a364cca3e3803d7de82,446
examples/qp_portfolio.mps,08d9ec87519795ebc16584ffef51f84d5e6fb28505ba7b50cb63d111601f4fc7,179
examples/refinery/README.md,7f196496cf199e5208f5a80e5e81e17f44545484520d73e7d748a4196df13e51,2177
examples/refinery/data-dictionary.md,a9c5489db62ff492519a572d7e5ae0e1d9a5ef965537d29f6aa54342da17bc6a,1202
examples/refinery/expected-results.json,d3c581261477d7d0e09558302f8af3e37166f4a9ffb612f0592754d4b98dbaff,467
examples/refinery/fawley-public.mps,d9182cdd015d78a70d6d9e0ac5c52274bbeca65916c59a8ba0c003082440156d,8513
examples/refinery/refinery-feasible.mps,2cd2b6ab83978ad07247d3ea3305afa78b5cf3d6edd1839fc7168ffcb6d7e1f5,365
examples/refinery/refinery-infeasible.mps,1fe22d3ce3837c5e5bf98458a9dcf80a2d3536394a5f19f29d6eb084d19c791c,372
examples/refinery/refinery-limited.mps,81b636f92c6fd2301ab40bdc17297265da713a9d6cdd7b1ccb0590359b6fbd6a,136
examples/refinery/refinery-malformed.mps,2df895963e2cb93ae4fd0a41ea1fdb980ca3debf48f6540bbd7889b5744b39f2,63
gpu/include/markov_cero/gpu/admm_step.hpp,b3939d8232e970baa5779c5e6b87dcdfb00bed2f675634d95317a56e8737b108,3273
gpu/include/markov_cero/gpu/backend.hpp,cf8b42b5693b53dffdb4d331d5f49d9c6da1c0b892887908b102c9083ac4fa6f,1692
gpu/include/markov_cero/gpu/buffer.hpp,d2edd2ad4d7a64109a6231637b739f04d97df2fae82d13f9c61a00536fa89faf,4100
gpu/include/markov_cero/gpu/csr.hpp,3270d24ea752215de308e2906c40f89d4cf6f44c67fa6c8926af1807b7c8f452,2302
gpu/include/markov_cero/gpu/device.hpp,accd3f096f2fae11fd82e7c9608b1a7ccea6319fdb08ddfb5d8632ae0bf5849d,621
gpu/include/markov_cero/gpu/kernels.hpp,fdd4143a4605d98224e9bfbe728e87f73c761e10985245e0d8456234eacb37df,3282
gpu/include/markov_cero/gpu/pdhg_step.hpp,bf80ec33e4682edb5a5621529fbce032a81ac46f9f5a2159c616dc67424efa12,5312
gpu/kernels/admm_step.cu,861f4066c68dde9868f67ba497d915ab186bb0aaaf9b90a91c21864ec873c5e7,2556
gpu/kernels/pdhg_step.cu,3544e44123e306c8c4fe749280e171c1daa6c8240454ffb289a0130b4aa1ef58,5169
gpu/kernels/reduce.cu,39310eee2f1da7a611251752b1a62f53f59c2efa9d5819139a6dafa0f6964eed,7796
gpu/kernels/spmv.cu,3c798434aa32d4d1bee32ba7434d00e46fe1a90c99b1f3af38fba66ac65f9015,3131
gpu/kernels/vector_ops.cu,d8592fe28aa0aba145a76cd815991c116c53e9d3ec51ca0ebe86660094abfbec,4058
gpu/src/admm_matvec.cpp,3d2d5c52a7000f572937c453b1b0e59b0f8b7e03fcb14b1655e07d6174a0b72f,7202
gpu/src/buffer.cpp,ffde25a675720cd8c412764cf9be517902bb8839b27443c8bf22f41940118187,2773
gpu/src/csr.cpp,eaa5501be5dfbe1c90953bb25bb8aa3c4ce0998c72576d04b181ad84ee8591d6,7495
gpu/src/device.cpp,aaab31925a6c6bf31d64b3723880602eb092848a43eaf06477303b4ec50a6bda,2077
gpu/src/pdhg_iteration.cpp,ff5d64bd530266bf143081f8098a9a4f771c7a5b16f535c1f8732ecc83bd9d1a,4879
gpu/src/pdhg_residuals.cpp,1b3d16b8cb2380c87680fe2cded725c7e16f32c16553757b9c00400001e54077,5491
gpu/src/pdhg_solver.cpp,3d0497a4e9d2c87c447dacf7e77f241010f452dad79da2799c6dfe6e18115180,7013
gpu/src/pdhg_step.cpp,5ca7b447b6cb19f7924ef8bc780a6b1cff09580ad87aace1a9b5eedbd30472a1,4994
gpu/src/reduce.cpp,99623a35f3214964bcd20e609c510eacedee6307b4767a4c192813a7edd9507d,3032
gpu/src/spmv.cpp,b89450ff6b59901e754371a58ee9a70cf14ac0474b9f34840f5a2175a9d14ba3,2631
gpu/src/vector_ops.cpp,e6c3c6c7412025ae4e8dc613103184b9f3d008d748be4a50ed910de03f26c560,4012
gpu/tests/admm_gpu_test.cpp,6d5e62d13822b880367bdee7acba4d390392bd0d60f5050f37059771f2efa491,5210
gpu/tests/equivalence_test.cpp,4eea816e649c53049b9c89dda650c0a74ed57bf0c123d763c43aabf9d197f52f,7366
gpu/tests/equivalence_test_internal.hpp,6d7e266ffbc22dbc65900db670414ec120b5ef734590ddfb14d1eac31b3faa62,1661
gpu/tests/equivalence_test_test_project_bounds_equivalence.cpp,53512556043ab256dee08aad952051f223059706ccb731412ebdbb1ad465eba0,7363
gpu/tests/gpu_buffer_test.cpp,b599b23587e61dfab92b09611be23aa0944730caa1a5ff73176e5da78fb7487b,7505
gpu/tests/gpu_buffer_test_internal.hpp,17127a9c6b834999cdb56842e835d81cbf105961d47119b699d40cc9dab55e00,1047
gpu/tests/gpu_buffer_test_test_model_sparse_matrix_roundtrip.cpp,6362daa546ae305433cdb1f9ca552e2b78cc2706ab8667964257c56ce6de6615,2936
gpu/tests/pdhg_adaptive_test.cpp,14389354f544bc267db828fcbf4327f983a71048ef74419d454b7e5193a12967,6558
gpu/tests/pdhg_kkt_test.cpp,7e0426a4c09555b0c69d24cecc1cbfca33d3179a243767588920722dc3d6d92d,5233
gpu/tests/pdhg_restart_test.cpp,a6232ca220adb86618ca7e8809a33046e44256d780375b0d90942f448dfe97df,6553
gpu/tests/pdhg_step_test.cpp,4dc4424391407d960e3aaaf162871f3773518bcec8c4f38a631d093e2ae0fdd5,8250
gpu/tests/pdhg_timing_test.cpp,c21483a0141bab650a9746bd6f1cc205d822e1b2ecc11993ae760547df304c14,5750
gpu/tests/reduction_test.cpp,b376ac1439cab8ba24c9fc230879bbe674f69dc1224ed295c91c1d143e7e2cac,6657
include/markov_cero/analysis/iis_analyzer.hpp,c5e30570a42c9adcf75b0614b11c6a11a1402faa7d030ff6aeb8b35c7f6ed6b5,1192
include/markov_cero/api/solve.hpp,56a2e651c059bf09ba9c29b729e1bb038727469022fab2186ea7e8bf88d2b0b0,9751
include/markov_cero/core/deadline.hpp,3e8b6a4b37b61e78a5abf04c7cd2395227bea7a05a062aadb29a397b82ff5ec7,2019
include/markov_cero/core/exceptions.hpp,2fd278a4b16975ebc14a8451945a0b9dc8156e0c93eeba5f71541668278027ea,1518
include/markov_cero/core/instrumentation.hpp,a5116ababf75d912e5eeab2c266c499a88b5166227dba7ef875d9a242e3c7193,3255
include/markov_cero/core/memory_budget.hpp,502428a0302c2b476e1ea0c5155aa90dfe262dce62fa52d5c52f1363ae38772a,4563
include/markov_cero/core/solve_context.hpp,47c027654fac41626435b5348f9d287e1e8616181376d57283f48045e6610c03,7402
include/markov_cero/core/stop_reason.hpp,c476bcfde4f6bf45692932ae4253b58fc6a0819690d9419bb4c986ec8f6013f0,2800
include/markov_cero/core/worker_context.hpp,17f2ed97763a0b9af23c65ccf5c21ae66719409dd4de301c7872663d94363f7c,5679
include/markov_cero/foundation/build_info.hpp,20200708f0d64d3b3a92d8190eb1fa188d6fa3351178c9423b10964e158a777f,354
include/markov_cero/io/lp_parser.hpp,9bc4737f7dfbfd58afebb418180ebb218ee2ea7fb60a772c1a7b7b9831915761,1098
include/markov_cero/io/mps.hpp,c39e4998c49aee15b3d351790300ec4e6e94be6bee7ae364a41515fe2d5506c8,1102
include/markov_cero/io/nlobj_parser.hpp,69ecc78884228fa3637f984f4013b5db8376b21ca766b479937e67089cd0b4c6,1084
include/markov_cero/linalg/dense_lu.hpp,9722968497c533231c4c548faaa1f35aaed04e4de07b4a94529ac6de825821c0,1576
include/markov_cero/linalg/sparse_basis.hpp,29451a024b788c100e84f28d8de290b1aced19838fdad53abf2bc9cb9c59a444,7981
include/markov_cero/lp/dual/dual_simplex.hpp,16cabf33dc8958ed402d8ba317d5e8a9f0f1b969050637557e475bb7275f743c,6203
include/markov_cero/lp/first_order/pdlp.hpp,51ab9393bdb5cc11e45e3cac010faf35c781abd44123092c40d804ede73ba962,3169
include/markov_cero/lp/interior/ipm.hpp,ed6b4120b10d89356ba8c0279de17fdfdff2bf39a31e41ee67f1a7d1c30a637d,3304
include/markov_cero/lp/reference/revised_simplex.hpp,58de2d493638916fda22bc6606343e405e38c3e8e85f006588f41f777b7c6bbc,2386
include/markov_cero/milp/branch_node.hpp,c53359beb3a9a9246a4ca23f9126a5d1ca0d93832f2ab60c2eec7b7592d7533f,4180
include/markov_cero/milp/branch_selector.hpp,553b568079a180fb7f2e4478c04ad02d0be11099d12ca2b17248b5de55154b4d,6680
include/markov_cero/milp/cover.hpp,0d8ca798018e686827458e7ecbf6b10f2b392a53341f83d87c1ac370c72e443d,667
include/markov_cero/milp/cut_lattice.hpp,c6f2f285fad98784d7f5c51d8d87cd38b8fa47149373578a99ec30a3f95b62aa,1946
include/markov_cero/milp/cut_pool.hpp,5db6fef4fd9db7fdc87682d2ba32ecfa91bd122804a2bfebf025c459ae8281af,1114
include/markov_cero/milp/cuts.hpp,24467f1541daa58656bb78171e76b904a73526f459993cbc686b6037147301b8,168
include/markov_cero/milp/gap.hpp,90da4663fee6b111cbf26beb802e5cf92aae4c43965b27c348c832ecf15850b8,1739
include/markov_cero/milp/gomory.hpp,34ed8130ab1033c6e58a9b1b8615608b4b6b9f904ced812f8fd48e7070760857,644
include/markov_cero/milp/heuristics.hpp,416e358fef23561da6bad2d360d62cdde5dcea64628f5b00de362d625d4d58aa,2991
include/markov_cero/milp/milp_solver.hpp,d9c2e94b7374b51800991b41e247085d57566ceaeda799fdb1cef58fe187d804,5427
include/markov_cero/milp/mir.hpp,5e6dafeaf5efe6a19dc1d846265a68d94165f99a121c546736e39b1ba1da118e,889
include/markov_cero/milp/ml_branching/onnx_scorer.hpp,6f9bdd4a00751781f1c63d1397e55fc02a54f9ef11d35527d67b7f33af03661a,2721
include/markov_cero/milp/node_bounds.hpp,e12f5fa24c82df6c28ffab0ac1191c68a32161187eb285367a6785eb58b8366d,4805
include/markov_cero/milp/node_cuts.hpp,68669242be74fccffc60493517ad35c40b815857e73550dc045a3c00356a4bce,1493
include/markov_cero/milp/node_lp.hpp,f6b892f1612abf25c8923175f8588ab9149c177724dc76f8da37a494c162ce27,1984
include/markov_cero/milp/node_propagation.hpp,67230965c751a2c245ecb8a736efcc2d9d920d4e1b50b965cf354d6e23d00b56,4519
include/markov_cero/milp/node_view.hpp,deb1389eb4010f44da3f381e800aa316b8ef1499a1ee76cc7ec7fecdffb08d74,7429
include/markov_cero/milp/parallel_tree_search.hpp,12c52b13a8acd5ce05c2e40ffc278483c9c0f7df36cbeabec1c1d1acd115f142,1738
include/markov_cero/milp/reference_materialisation.hpp,4abd0ae835392ab9af139dda16dbd7140081f65923e347ea3a65e33602a34ffb,3602
include/markov_cero/milp/shared_incumbent.hpp,3cdeafe2dc3b9ff45c2022ed9cd1ee59419b1ab6718984b62bf58ba94f058773,1237
include/markov_cero/milp/strong_branching.hpp,4dcba8e542d697a44af6952ee5c0a4952779f6521b78e5edb86a6560023678f7,2609
include/markov_cero/milp/work_queue.hpp,e0fa5158d5b50d4c1030db098287fb289d1392b53c5ce1fddefbfd5295ca980c,5754
include/markov_cero/minlp/minlp_solver.hpp,1512f32b6e8c3691e7c17115071866ef91b5ef054f719476b1fa0527fb753b51,4238
include/markov_cero/minlp/oa_cut.hpp,674d2c560a3bb51bf9b0829e585c03eed5557f9da2c8a46dca578b9b70e03d47,2630
include/markov_cero/model/classifier.hpp,d47a7dfe6c5e7ac949e83f630027f4681158a8f3ddcd71ffc01b0599f243004f,3594
include/markov_cero/model/model.hpp,b0a0d3fd223a81e71c8757dca7a852d25fea3bb09cb77d923b0ca0e95b563ef9,3733
include/markov_cero/model/model_snapshot.hpp,c080c4c48dc250d35d76c440d8144987b1787969226e33b27704d0f0339bcc3a,3914
include/markov_cero/nlp/derivative_check.hpp,d06ad239a7d919b2f1a14effdcfbd091ef0cce27a4304cf8d38369795c0776cf,1410
include/markov_cero/nlp/lbfgs.hpp,3f40ee00ba46276ff35a01277fecf630325c306ff83a876879ae6797b8f113a1,2045
include/markov_cero/nlp/nlp_model.hpp,58bb09cc14f9ecf3b7c8667e46d268717c3ea870fd04d84c3942d2e317dc7a6a,5687
include/markov_cero/nlp/nlp_verifier.hpp,05828b5ef75a6ca91e00749fef9eed3ed3e42f16f6fc6524c63877efab9c3f48,1587
include/markov_cero/nlp/sqp_solver.hpp,2a4771f0ae4c7ff12f4aa2550d0c35d3fb172c49579edf3c2ce89c715d0e6532,4054
include/markov_cero/presolve/presolve.hpp,666f87d39643e2942f6ce4a97e3be5bbb68d5ee2e45f207c34a51e7caf6ac5fc,1806
include/markov_cero/presolve/presolve_stack.hpp,2e8e6224ce93aac2f0ec0366476689e41d7d73301f72622c3c59eb54c6e00f6d,2560
include/markov_cero/qp/admm_solver.hpp,a1b73f4cec42848b96862e7914391053ad3ebecdbb425d40233b942efbf831a1,4732
include/markov_cero/qp/kkt.hpp,5f92637b5f2d4bf521445094172aca6ab33000ec098e00680e0c3e363a80c8ea,5440
include/markov_cero/qp/model.hpp,115d774c8a0bcd322ab3319e4e3788f1344c04664b694fcb75e491d4d65663ce,3796
include/markov_cero/qp/verifier.hpp,e6c8fad4f4101c34d9332bd300bd7875925c497d6337d9edc7dfe46b50aa580d,1358
include/markov_cero/refinery/pooling_slp.hpp,d333d93283b33b0798031f3d4128f4306681ad99a312d538aa4ae533ef8e2789,1140
include/markov_cero/refinery/refinery_input_schema.hpp,30667c1c6a4bcd2b420aca888bae838763a073afe00fb7a2703aec26ad07f457,4139
include/markov_cero/refinery/refinery_model.hpp,1efc62f0b19999270d265f793b31f71728f20a0685f6f68cf173203772566d91,2526
include/markov_cero/refinery/refinery_quality.hpp,01fe8de5146a06c399abbf287f0c5ca4e6147f9cd4fb418cf394d831a80ace2d,8364
include/markov_cero/refinery/refinery_report.hpp,53295007ec71bf803fa79ecd0c113b63251d31f6e32b0c1a019136608fb1cadb,8244
include/markov_cero/refinery/refinery_report_json.hpp,04160fd2b60f1690e27bb71c91587751ea7e399c88d2cf7a370380127018a027,5376
include/markov_cero/refinery/refinery_units.hpp,46ba8d62b1f99a9c9b4e8fe659fe21f1995632369a19c5d5d9dd268774bdf9b3,8800
include/markov_cero/scale/ruiz_scaling.hpp,9a7d3b6498459f96f7546b9b4b1720b13c7c864e29a868042500c99fc9515047,1392
include/markov_cero/transform/canonicalize.hpp,ad47bf742ebc8b91d5ec219d824acbd33460664850b64e26359fba1dc1454f3a,1179
include/markov_cero/transform/sparse_canonical_model.hpp,d5d55ec492a5b31f5fba4c0416a1d5655d2689ae9992dee1ec4b67f49fab65b4,2166
include/markov_cero/verify/linear_certificate.hpp,a77af79a88b02c53cc3aae9857c89b68815dcc3ca241c8c10bc441f0ce7655b0,779
include/markov_cero/verify/mip_proof.hpp,ec3fe27ab32c19cee56114320fac48a375eab2adb1ecaec9ad8d6528e3aa127a,4118
include/markov_cero/verify/oa_proof.hpp,d0ffbbc0df73bf5d2d5c4f4037f0aa384fd144a1491e9d0b70614fff62833d58,4421
include/markov_cero/verify/primal_verifier.hpp,6e4900c682c7133b6125bba4fa02cebe442dd4546c3ed6252f7975d77e1b84e9,1530
include/markov_cero/verify/reference_lp_verifier.hpp,98346bb648fcc30eaf14dae897fb43826667d083dea8aa2e366242efc9764e20,1051
pyproject.toml,54e6f516feba6b9c93939a154a9312b210836c33c6402723411ce3b9a93945ec,578
python/markov_cero/__init__.py,b6db0b83d3d350b77ab9f52714733c2f875de202f16cafcd0fcffbe7bc9616ba,279
python/src/bindings.cpp,6584804746c8ebbe35749332615d8efc4bede89e39f3c9c3a445a357e1df2045,2895
python/src/bindings_internal.hpp,9d67afe9b5fa1caefffc2a23fdfcda71d2bc58451c2f844d773a48d50b5b68f9,1080
python/src/buffers.cpp,3d8f76e8875824234c04bb011d8e354969d03aff876ad50158b87ec012d7a334,4797
python/src/model_bindings.cpp,419923e97778aa481873a8a45dc04c13acc263972849ee074d2d533b887870aa,7466
python/src/nlp_bindings.cpp,0700ae73df0e6d99a0eda1d178961f620d618df53763c6eaf75297341f8f1f84,9960
python/src/results.cpp,52d32e6d32082c56732706cb899165773ac0e7cac105733c3eb0e881c4e4023f,6801
python/tests/test_bindings.py,7ce3d3a50b7108a1467e4427dbdd857971df2341c7157a8f4d6d6c8e80d4c824,10665
python/tests/test_bindings_buffers.py,194ac53311a48d16e7cce09d9c8a47ed311595e4a43a4652e0fc274fa2809477,3239
python/tests/test_nlp01_bindings.py,1899dc33a0fe62eadad9709dc8904207dc071526b73e193c610e3cff9c743713,1666
python/tests/test_nlp02_bindings.py,3b08be5dd6f0c1999a1784e3618047ea21b30f33ed2f3040cc2994b03df90b9e,1607
python/tests/test_proof_guarantee.py,d8e1e0bdc0ec554e25e1b56726d06db1397cd64812eeb3fc58ee4bf2a47bc054,3860
python/tests/test_resource_options.py,3ceaa1f8eb792d42fdfd0a2961fd4f277505c727c6b227dcf17379295283f4bf,2322
scripts/bench_lp_rss.cpp,674383db61564f88a3c54c6b19d6cc60581c1138ab9dddf2d726cff85076eae8,12139
scripts/bench_minlp01_oa.cpp,5c342e730d6237a63294706b9e135eb9e5b9d28c663e48bdf63af8b2904dbc66,11004
scripts/bench_minlp02_proof.cpp,743b5cece68d5fbb33cc8b9fed4d99002d9e0792790a601f199e5186169b6627,12859
scripts/bench_node_frontier_memory.cpp,411d00adc152b2dd8db592a3f4eb81985d576dca7e31f54858edf738f7b88402,9899
scripts/bench_qp_kkt.cpp,2faf61a7e3cfda505b6af0ea26d7328eab2f81b048cd14847975a7137408d7dd,4723
scripts/bench_repeated_solve.py,1a541738a4991310d7ab5357cf527ae8e36e8b51cb7cf38e2055446cfb7fd4a6,7669
scripts/bench_resource_envelope.py,231cbec9223226a0f575bfbeb36f9593158b7b3f1d7c07ea9d675eb249099f68,9029
scripts/bench_solve_frontier_memory.cpp,2c010cbf96481a50995f94f806a721f3bd6b281063526c31591ef3cc441af307,8286
scripts/bench_verifier_overhead.cpp,2c6b6f53ee8850a7222bdb57d6434ae1fa60c6cf736197119884c1eb18ec8f42,5861
scripts/check-sovereignty.py,15118f14f6fc69dad172ec758874cad536462ea06dff63b8398a233736705dd0,9105
scripts/check_docs.py,c28051676221f15d5d1237ca3458ddc18d9c4478b2c085f2c4866ae870c6b029,2061
scripts/check_json.py,8607d8539e067dbbfd32ca1b677deeb485dea7c8ca9108d9421e671e56ec629c,533
scripts/check_qp_convention.py,865d82340575eca4d13c663de0f23f59d727f7770ff407158ad05ba57f924103,6849
scripts/check_source_limits.py,7651effaa581d426ef2bc8d139817a8b1f20c1e8952dcc9b455d33f1e4245d00,1475
scripts/datasets.py,11f4ad04ba274a3c1bd46ab98ff303e5ca7005fb90dc2c72306098064a3b9de1,4692
scripts/dolan_more_profile.py,d28b6bbdb8a1e48c55eff4e05b9dbac46f806f667764a90d6fa22cae360c1e6f,1036
scripts/download_miplib_easy.py,477b434128f99ab8367f28fc8f523404eae14f30db9766a8243ec3746e454502,9984
scripts/download_mittelmann_suite.py,cb2eead0fcfbf6c6908063a713f1cf180b84dbe86b161747bcb527138647092a,1971
scripts/download_netlib_suite.py,85242f840f99ab6eedcf235f2261e83e8f9ca463d2bb2aff668aea125ae0e18d,5610
scripts/freeze_baseline.py,29f181e4949b1dc82f3aa3423cb5b16b5e46741dfa88d1152cdf01fa062f5999,13275
scripts/frontier_storage_bytes.hpp,a32a34b8640215cce0369ec1b063f60998652e8dce3e14d155ff2a4ef12a5080,1812
scripts/generate_large_scale_study.py,0e5576e92ff4ea3fac33aa0fba044daa5da44531bc9a2a5ba29a79541cff372f,2083
scripts/generate_qplib_suite.py,2d3a74b8d09dad706d66a29beb0d5a0ee7bdbe54868dc3800db2196b3e9c9c94,2340
scripts/generate_release_sbom.py,83c5fcfee452a3cf52a2d2cbc4e2c1faa77e06d89afe17131e0d635ef3ed2ecb,9865
scripts/generators/fixture_provenance.py,cad07f2fae181324a60e7538a5004c118f2ef94e242acb9010f27e01ae7fa5d8,700
scripts/generators/gen_crude_blending.py,07a35764b436fd94af71681f6e3d41299cc58969d2f05126166ce283510ba6ea,7956
scripts/generators/gen_literature_cases.py,a31e602540f47865d1e54aa61831cdcacd01473442fb351b51fff83cd4a36269,3419
scripts/generators/gen_miqp01_instances.py,f4555c4ba30cc48a10b2ede727539f51655a29b05e0c357585cec51f4111d5a0,8280
scripts/generators/gen_power_dispatch.py,d3fe96adcfab6b416a7a96a28db2cc95f191e074a154c01762f2e63455063946,8222
scripts/generators/gen_process_network.py,6c49d0f67f2dbd5e20b2d6accd098736ed6af41f0b32ba6682c68992f9f52c1a,7047
scripts/generators/gen_production_planning.py,0326f3b832be6af59f98522fd232554e797e8a06ced37414b1b2e8f29f4da13e,8164
scripts/generators/gen_public_refinery.py,76dbf7fef14fae115194e34c6e43fd6fb3b14653c2c57ba2b6dc141fcfe2c889,6122
scripts/generators/gen_refinery_scheduling.py,88cee05568893554321c17f8fc8a0356e29d5b98adf4900d981dc2eac299c410,9406
scripts/generators/gen_supply_chain.py,1aeed6771ce299738e5614d4df2f77d3413c249865f095f21573f13a9960ff26,7319
scripts/highs_worker.py,f8ef7964fadfc515851a8d6140e51275431dc72399787140ccd4044201bdb6d9,431
scripts/import_qplib.py,d173a8e9fd9cab77ba0b3c2b99f72a382a25b5dc166f0687b6cf5d0edf8b9055,1112
scripts/link_backlinks.py,fad861fbab417e40eb73e53b4b6518b204f468501edb18b6c2f1dbda539d4301,10693
scripts/measure_cut_effectiveness.py,9fda77067b7a8519b9dedce58d8bdaf4e9e501d9686842c85cdf465987454626,7181
scripts/ml/collect_training_data.py,c499258aab3133906cbb480d4014d9b3330eefe636d71a2ef3812e24981255dc,8534
scripts/ml/evaluate_metrics.py,83e1fad1ad932a8252299997520299325a8f189096c0aeb18c288e3f8f722aef,6197
scripts/ml/export_onnx.py,b75c17c9741b82c3db4e828cd04054b41815552cc8461e47b4ef21ba67e9eb93,3644
scripts/ml/feature_spec.py,b57aa6d1c0d5586a63e07d1c698920ecbf1dc6b8a858a1186045478f31a2734d,11083
scripts/ml/ml_data.py,98dce3299c27f522551e20bd14b1e0d4a108fe2609e782db94ec87a2b731343b,9881
scripts/ml/ml_metrics.py,56831449fe41ac6afbdc1dc565c5af037ebe996cf065a340a3319dd330c2cf47,9502
scripts/ml/ml_splits.py,f4d31fe27ded8a0c2074df5ea0d222627cb8202426bfcbd2637e083af1021917,11698
scripts/ml/train_branching_gnn.py,d1e5812ab2c7a9a9410bcc1293deb4a65d4cb7ae5703712bf9aae819753b305f,1054
scripts/plot_crossover.py,f307c47d37963e439f5082e2c2724b7c03a07feff1d50ed79187c301740c832a,1262
scripts/profile_gpu.py,d9cdc2f7ebb2411c1379f2e884dca367d34f74163526263e49b68573ac526064,810
scripts/qp_compare_lib.py,183fed87c976705c8fd555b84efee3fd8cb7cc5216858c374a400eea6e626708,10907
scripts/run-qualification-demo.sh,07e7f17a656a12ce56239ba572a141cd2b92838939940b020c3eab6250cb5e7d,1259
scripts/run_bench01_campaign.py,c2375c64054010b80123895db406912e19be351f74f0d25f0b1bf5b01606ff33,13051
scripts/run_compare.py,fde1b80395768a6f6c5b21d4900a3c8d32e02306426e0ec3e058439eec5c4734,1341
scripts/run_crossover_large.py,5469ecdf48437828814fb9123541d042d4e7e0c96ed7d0c5cebee41998ddb93f,1442
scripts/run_e2e_tests.py,473a78adb00309b4853569efd91154c226d38b162ee766215905109dddc0e967,10020
scripts/run_full_benchmark.py,4b1d64f2dc8496518b3ff4cacaf8cec682e99a397fd73a126612223e60bb6ee3,607
scripts/run_full_compare.py,103aa0468c3b6a7d97df5bee40f9da60588a1cc3fbec34f507d69373dbb02c8e,2698
scripts/run_gpu.py,fcf3d6460c393588d9aaebe896be079b85cf7a8da4361f9811e392566423331e,1113
scripts/run_milp01_benchmark.py,87b9fc80a07d0a2721861676b2bc1349dd7cd5425d421dca0d5356692153bcd0,5105
scripts/run_miplib.py,1ae0410a6c89c26e661e27edb04578a6945ab80881d22d64adfde6247efcf489,9085
scripts/run_miqp01_benchmark.py,dd9f34ac778fdb295f9f14bb822b5d0908ad25798bc6274b9bf7f43b8ff7e082,5328
scripts/run_netlib.py,390b3dfe6c1b0b1fa84ab3c74c0c751bcbc84d26023aac590e29fd56d1290e7a,965
scripts/run_nlp01_benchmark.py,05bcf56738f6db969c6cc4f850a5849dbdc3db235b46946cff1904c65214e44f,6811
scripts/run_nlp02_benchmark.py,e82bd88bdd85a2ba22b5353aa9447a47cc00cff61389d704954853d61ce856cf,8959
scripts/run_qp_compare.py,6727a46a0059a695f0c8db90a4dcb092348a41e35f1c881b1e6ef19381ae13f8,5394
scripts/rw2_scaling_baseline.py,014b0fe7e241b541921226fb32759a43a2ef526e033c86c04d6e146cf15a79d6,3803
scripts/scrape_mittelmann.py,66dfe6602a865df8cae50ae98d9d765aa1ed78bbc5c197ed8dcb301bd1a42e2c,7790
scripts/solver_oracle_worker.py,bd3aa815767dc5bfa61d03258959764ec52a8d71b3aa2286a23dce27b0a7fdc4,589
scripts/support/__init__.py,341dab46f7745fcf333362b4adb77b54f3d8a98f40239be69a682f976ae4c2f8,57
scripts/support/bench01_config.py,df3e71adcdb30222c7ef3b5a32d6192f75298205203f74943581ccc59419ac10,2319
scripts/support/bench01_mps.py,632718ba5ec0bf9a9374636be837c830cffd8b849cd78dd8c0e4d2baa3120f31,8791
scripts/support/bench01_prereg.py,44194bd4d3de91aba46e92fd0370fe4c032583d45a2e8372de5adace4a872e3e,8812
scripts/support/bench01_runner.py,048f5eb6776ac02c7fa9d83aad16cf53898c5056288b27254e5bbf22daac02f0,6344
scripts/support/bench01_summarise.py,9454c5abfff445b2ec4189d659dac4ddd878c6fc49c078fbb78e1c2667a63e08,7986
scripts/support/dolan_more_profile_config.py,e528fb5ea72d6a3c549709d9e68c473d5cc5d9ca80531cc783f6c542939caea1,985
scripts/support/dolan_more_profile_generate_svg.py,900b10fef645dbd41dabf7973f6dcab920e7c234e15e5622f97347662fb9b71a,8577
scripts/support/dolan_more_profile_main.py,b91fc8da2ba558886d8292d43a6374e5920741e2fc8726dd2ea06a94739b7684,2206
scripts/support/download_mittelmann_suite_config.py,2fff18dcb6c8264db7c966981e458a21d2a77109fdd4d2e00b3cf3c59347b47a,2180
scripts/support/download_mittelmann_suite_main.py,da41f75d8d068a2c9ee7514ee37fdac3c94525fe75d54b63f9d8d91f29eb1848,6886
scripts/support/download_mittelmann_suite_mps_stats.py,704fc65c6f479bc0da04c4074b6235cec677e92859addb8105150b1a6646b6e7,8680
scripts/support/frozen_instance_manifest.py,d0701d9c482d9ea889bd70cf1eb01973aa00180f4078de0aefb444d00267ead0,7016
scripts/support/frozen_timing_config.py,0cbed52d93719a0665909844df293d983474fb295b5b98eaa5baeac67adcd2a3,6262
scripts/support/gen_literature_cases_config.py,3f828db22787b2b8a199240cfc0525287585bd800acbf927d2b7909674028559,274
scripts/support/gen_literature_cases_gen_capitanescu_dc_opf.py,733ed8169eaa8d2e14ae08454a3b4eab8f253f596450d76b80b57539c5721636,9393
scripts/support/gen_literature_cases_gen_neiro_refinery.py,7a08bfe8afd8eb37794174f7a566a7278f916262e681285daf3753adbdfd1772,8492
scripts/support/gen_literature_cases_gen_pochet_lot_sizing.py,413ad10092ef3cf1bacd56b06b1d2506622587a792f57a84b16b440b0b239b9f,3098
scripts/support/import_qplib_LabelReader.py,39e9809b2a486ea7c9be148d54c872aab51c0821d5d32e8bd049f8a6c5b1cdbf,4229
scripts/support/import_qplib_config.py,ebc9ea9f223b67764bc886eff0e7c3bfdeab3bcf951eb8d0dd0415be456b6ddb,267
scripts/support/import_qplib_import_one.py,7c70ea4cab48e744b2fca6c91914da5e04c79b45bcbadad8d754639b9acc29d6,3625
scripts/support/import_qplib_parse_annotated.py,f0cf0d1a170b9d08bc91299d7485990137d21b6b99088178d5e6d4cec66ff957,8908
scripts/support/import_qplib_write_mps.py,eab37b7819c7f74b516875f01ad29cb2b7005b00aecbf75e224fa5736d1d65b5,8913
scripts/support/oracle_process.py,39bf6c7e8c3de1385073a67d589e97ece2132f9e5e0c74f55e035f0f6fc7d6ff,1995
scripts/support/plot_crossover_config.py,64df00199fae339485f950f43894d0f59ee203bea60ca69a1ce4b5760bea6eff,922
scripts/support/plot_crossover_generate_svg.py,87c55b00ac7a79cbeb9e1e717ec09c73a1b0c0d2ca842eba03b7301f7e153f95,11696
scripts/support/plot_crossover_main.py,0b5335306a3740c7c2c8e8b25dcbd7f701e0482f42e4f42b5dc4f06c34923f42,1734
scripts/support/plot_crossover_print_ascii_summary.py,57c5df06504380ece37d4e9f3bde64f9ed04945d9615c8e7df666958a42cd3e4,8438
scripts/support/profile_gpu_config.py,9d4d96f713e149188072c8d1e522dc7350618924625cf8f7395aa2ea0f97f52d,278
scripts/support/profile_gpu_format_report_markdown.py,e1620289006c6bfc0cb127c663b1a1d8ea9d99c1eda458d8f561f12f87c41f44,8430
scripts/support/profile_gpu_main.py,73b1d451c06a3effb65a03b6213bc575c275ae464e357ae2fe11dd62bdd00540,5005
scripts/support/run_compare_config.py,5774da774674f3a96a119ee3b430a82d100e5d1933f5b4e7be4e64f5314cb286,353
scripts/support/run_compare_main.py,67f1a2b1f776afb1e61cb007d04471247a9cc696a86ab5678ec33ed8fd38b896,12303
scripts/support/run_compare_run_markov_cero.py,28bfe970395ad97dd31788b875e1026e77a75d091c41dd6f88e1c3fc68b43486,6378
scripts/support/run_crossover_large_config.py,9fb72cd6c39ad8383fbd9b32ea6c1dea7e25ccb82178bd2566ee4f6583453f1b,841
scripts/support/run_crossover_large_main.py,2704e2274e7da84052a361461f82e33546ff21a80048bc2a9001a97210a1ceeb,4491
scripts/support/run_crossover_large_solve_once.py,ce807f8a645649affb828cbb44bd7ac315b397e471e94341407f3ed32da7dd1d,8061
scripts/support/run_full_benchmark_config.py,18ba9501f54092a1a926caa4081aeb245d30dbf02c94e7e84ade39c3b9e9623d,1388
scripts/support/run_full_benchmark_main.py,d67a8a2836d90585a400fdb0722716bca2e4e93abcc2a87ce4e276ce68bda937,6815
scripts/support/run_full_benchmark_run_one.py,dfae30035896ef03889de99f6d7f33df9a691f64fd902264810d95fd68382de1,6474
scripts/support/run_full_compare_annotate.py,0338cf0304ebeca9eff56731a43d69f030dd61700bcc57dda330de5e5945f092,12357
scripts/support/run_full_compare_build_report.py,08bf6ff7191308a58ae9a322c7a3f04f644f7ad9a2ecb06379df4003f5ba631f,16423
scripts/support/run_full_compare_config.py,d3d0b967fbbe00f9827ac7a148c338f7fde4a687ada00b98bfc209b24598f0fa,2271
scripts/support/run_full_compare_main.py,81d444756d3790cb8d33017eceade510cd30a0bd6f0079e7a1e37c8b4ae13169,9118
scripts/support/run_full_compare_run_glpk.py,42b5c5db41ecb60af02218e74ae8f351cd301916ee796734b0b570aeb3ba375d,9389
scripts/support/run_full_compare_run_highs.py,ba3fb41f8406bd71504a31c93b0564aee2c118aab359829e4b95febe96d147e7,9022
scripts/support/run_full_compare_write_plan_comparison_exports.py,6e514e322f9b557b80954a0484d537ad0537cdbb6ce0db16b0e044c54d2e83ef,8345
scripts/support/run_gpu_config.py,4d698d1543d3cd52c8c10c6d65a986c4907adc41b2d07914c95e77baa21662c7,3093
scripts/support/run_gpu_detect_hardware.py,edf3cd62d1947549b18f3e58e499f21cb609caab29a27a14daf0a04ce6f919ef,6876
scripts/support/run_gpu_main.py,8ae4b27f6ae0dcadb074fa32a977340e2c275d99a74b547e7edf47e68b465cf8,12107
scripts/support/run_gpu_run_configuration.py,a9cefccb341971f47015cb5c04a1499b4bf4b27b184c5ab642cc0651c1cd9891,4368
scripts/support/run_netlib_config.py,5710ca983369884387180d330aec49092171825831c8740603cfc814694d1075,2515
scripts/support/run_netlib_main.py,4115cdef2332e6e8e19057086bfb0a363804089bdc58ccbf6607bafe49181532,6465
scripts/support/run_netlib_run_instance.py,c060c59b1279273dab982e4b043d733b51d66355648476b54b0b9e94c6a6e4b0,2134
scripts/support/train_branching_gnn_BipartiteGCN.py,371bac2d6d3b137480e5a63ec6503e9e8583a1edecf385f1acb8a5c46254b961,4383
scripts/support/train_branching_gnn_config.py,2413e477ed1a0b6af6c91a76e7b378fc1f1c99b0d297f8e719a40e3e09e0b59d,546
scripts/support/train_branching_gnn_main.py,e1c1f6043db0d479fcef1ce506e7331d7b823d6108412d6c35bd5514b78a213e,9871
scripts/verify-release.sh,78efb8307d54d38dd150e54eac536055e112e207e60a75cfdc25bec4370bfeaf,2459
scripts/worker_kill_demo.sh,9d7836fbf2e2fbe8f510b4f61183ed64002b1489a456ceeae354aac31b9cd4ba,2307
setup.py,961ea5520dc0b1d1e2103b9cfd09ab54400ceb56ff0a1d40431fa35ba36936dc,1999
src/analysis/iis_analyzer.cpp,94bd168ce008f7eb39d0b4c7f1483cef28b888e70210d46162395615cf9e6ee1,3849
src/api/api.cpp,9dbd968a947e7be4d33b2b6a709c14031623654705804b72b179838c9159fbd8,10903
src/api/api_internal.hpp,e9855fb36cc8b1343e3b48a79cee55bf8259741a5fef185f186d3a7d76984173,9963
src/api/assurance.cpp,9bc6a79d595b4c3e4c8b20769e117316041b0f478673970ca1c1dc0c857caf6a,3308
src/api/dispatch.cpp,6cf12b003f647b26a266164a5c3e937384d1d9760338f90ab18ec4f03d8c0580,9226
src/api/engine_lp.cpp,a46740d35692f0167d40d0d51bc916a3231f10b8b30d35f1349c11e735ab6873,17346
src/api/engine_milp.cpp,1783de4c2059eaedaaf705624370deaadbca6bfbb27ba4cc9b0508a8c02936f6,6108
src/api/engine_nonlinear.cpp,b98ad96f02f7fe9b3c3be23e69e5d5ce85aacc5a575f8f7e9791c25153bae294,13407
src/api/engine_parallel.cpp,7fb8a70b48bc46dc8cee3a75bc3e6b9401c32fc193f353d276573beae534690f,5162
src/api/engine_pdlp.cpp,20d4d7be8925be9b0d95ef20bacde23f9ec83d12f550c4ec118fde7103608975,6623
src/api/engine_qp.cpp,c4a42db5405959f7b2fab4924f02e381c3a84ba317664a5338e0de37bfd3be26,9316
src/api/engine_stages.hpp,4b5614956888e9119b3dae224500a48b44226edcf67bb126090db42896d88f8a,922
src/api/finalize.cpp,c7c52b584a9a90bc19854304455c646f79cca4dacaf17d73b0bed0a4949def69,3653
src/api/minlp_certificate.cpp,79e772e255cf8eec47f579821a6a7b3af2e79196661b556040c7d6da783ddc77,8050
src/api/mip_certificate.cpp,1ea3e536a670aa9c49cb9f9a366cd7f00d6c8bd1a7f9f34f8a296ff814c22948,6881
src/foundation/build_info.cpp,8f1d2ac679e3ad2e3f89e640432a110ccf3fad3b9fe4f0e11cd9274f9ed841bf,242
src/io/lp_bounds.cpp,8658e9598f97a6aa2cfaae8903f944a378fa5dcd99fb238d116e4bf60eb19b1b,5056
src/io/lp_constraints.cpp,6b5d2ce299a50c4613c67d24ca2f4c5cfda701236c7e2375728764302ae8b054,4880
src/io/lp_lexer.cpp,bdd4a9ef51fd94b8569f39469566a9450ea0780e9e3d628c1b450327ba8ffae4,5001
src/io/lp_model.cpp,dcc91e885bf353856ed9ac6d953df5440317063925dae40930cfbb1955db711d,2738
src/io/lp_objective.cpp,69254521a45ee529c6f65755a2ba41f8493b45a984d7222ef64d467c67f1c4aa,4313
src/io/lp_parser.cpp,23962ac17053e0ce2f263221851a4276bf5bf623685dd40d901e6eceb4ec56e7,5100
src/io/lp_parser_internal.hpp,f1e6411ffbe28e960e4baac6598756573475b6db7e8f7032283bd6e479df5d00,2424
src/io/mps.cpp,4112be06bb433801bc7dcd3cbab0a137c0c6eaa31d7c32f6bca58a5676a12cbb,7575
src/io/mps_extensions.cpp,75aa5b710a8c1e80dddfdb2160fd2c03953b538c671681d54bf3e0bb07c1a166,4423
src/io/mps_internal.hpp,baf4627fbc5aa869f63b2976c6bf85bfba86c4f1a5be7b5d74b415f25aa958f9,2901
src/io/mps_model.cpp,519a858be3e8d7e2e036ea2b71a3b8971768da83cbed71fd8d09f0eae6fb3c42,3343
src/io/mps_records.cpp,6bbcbc3798a730f3d0b312c7a43048616d33e5ff74eff113dbc744b6603be7cb,8393
src/io/nlobj_parser.cpp,b3aeee50a966a6df2d2570093f85d7acc46847988862873d46fe733c8406b6f6,8589
src/io/nlp_callbacks.cpp,826ee34634e70bc50eca45da21758ce990e7cbc2522816cd9458b0d1db8a894f,6567
src/linalg/dense_lu.cpp,79d2d02278fa52073bf28cc425b31f48ab813a8eaf35647f98d446a6d61e13ff,7786
src/linalg/sparse_basis.cpp,f71b447a39841d27bdba131904a94607bda2ba34efcb2a75070653a3cbe48cf4,9318
src/linalg/sparse_basis_factor.cpp,c1311b3a2356a778aeb300709389b1ffa86a75b03e254871294d019c39fd8daa,10230
src/linalg/sparse_basis_internal.hpp,2c12d0138249ed17d4a79c94b943fe79d47e2d2d79b3f9ec91dd51c30ba1f0ef,1059
src/linalg/sparse_basis_matrix.cpp,48dc7695f002c63b7c7f95042dbb98bca1df53209542f22c5ed90a1326a5453e,5135
src/linalg/sparse_basis_ordering.cpp,849e0fa59e9d326e4d05f27b4712a4fc1fff05a3161915bb8ac440accb35f958,4771
src/linalg/sparse_basis_solve.cpp,45fb243927999a30dc8f126a79e6bc994d9a1870d382a0c962127f7dc07237c5,6388
src/lp/dual/dual_simplex.cpp,19515f4006300ea7a857b33fe2d05cc5ea28909b5a2c786c0bec37dda2ef36b2,10292
src/lp/dual/dual_simplex_internal.hpp,034255f562a72979fc5c2dbf1d5ac8806b84df0c832f3ac9f8ac44dfb955980d,4962
src/lp/dual/dual_simplex_select_entering_column.cpp,21fe6e3ec399788ce6008f7e3cd0162b2151a5ffa2994ad1611f753076bb4a37,9183
src/lp/dual/dual_simplex_solve.cpp,1bd319f8bf738e1b051390b688a6601db4e97026f6a5fb594159ed040cd9ebe5,12020
src/lp/first_order/pdlp.cpp,b52dfb5b92e6785b1dc8d41cdeb33ed3afb78f3f5e0a69b9bd40e49796c477c3,9606
src/lp/first_order/pdlp_degenerate.cpp,a9c04000d698e555ec427f9737abfaf8bbf086374a30e0806bd7956dd0b77f83,1963
src/lp/first_order/pdlp_internal.hpp,042ed656d7665f578ec2d94b9ff11e83b177c7824f3531733b2bc0a4a08e0329,3166
src/lp/first_order/pdlp_iterate_pdlp.cpp,16ce35059aeef4dcbabec36103ef0b2c0c7264413e5d6eca43c305af9650b741,13066
src/lp/first_order/pdlp_solve_pdlp.cpp,7af2bb67fc599d8d235775681b2c334ef490e1be58297e505d07511002a60a9c,1328
src/lp/first_order/pdlp_try_dual_simplex_crossover.cpp,620d332fc2b7154a4f772a28b6957e3d3b2673bc38827194231c21872727d119,5765
src/lp/interior/ipm.cpp,35103d15ccc90f805e5196e2640c6f62a4ea37a0c14d4dadc6302de7407436ee,5649
src/lp/interior/ipm_crossover_basis_sparse.cpp,5de682cb196f63ab92caccbe2e8bcfd91657bee7c09996172be8cd49d53c4856,3023
src/lp/interior/ipm_internal.hpp,05efa75990a9d4f95cd06da71aca5a5f7bf67d833e01cae45cf3ef5b48345267,2009
src/lp/interior/ipm_solve.cpp,5259f0e22f89b31841ad04575d6bf0a5bee3ef3f5566f3bf8a57a44bdb9157b2,11596
src/lp/interior/ipm_solve_overload.cpp,a9a651ef7f5160261e5db21c725d47be5a8a093c3f6a899cabdcc10c2ede0c4a,687
src/lp/reference/revised_simplex.cpp,81c24165afad323dc935b07b3cc2f85d45d36b78ea7e482bbbf8c6fe10d25af5,9833
src/lp/reference/revised_simplex_internal.hpp,132c20c0eac18636f77b08d9ce613e4cb085db7f0cae94004b03a0ed17dfba7c,4641
src/lp/reference/revised_simplex_iteration.cpp,e473792fbb1f79f8cc5edd6f3748d97e0a31d41bdec9ec9bd0419a2697323915,10105
src/lp/reference/revised_simplex_pricing.cpp,29e8732768fb3ccd665dbd8cc4ca32f2aef4c8fd57831c587ce927466b251a89,6165
src/lp/reference/revised_simplex_workspace.cpp,45e512439a33ec01ab8a6a7b66b6233e90fe2ef3c6d58b8ac0828957fe975a97,4567
src/milp/branch_partition.cpp,b7c7ac902fbd6ebf1a3bab3c00d180090e823b1593e2250cd981d618d6214937,3985
src/milp/branch_selector.cpp,1819fb29b1dc724f27eb64ccaa040eb0264f8171959ff3bc4c0a4b0f4e4f5dae,8485
src/milp/branch_selector_features.cpp,608b12f0968aa7dec466f10718b854c60a2395250ba6814d9ab697bc9dd41c99,6914
src/milp/branch_selector_internal.hpp,962abf573bace1c70581b6e4a8533acd57f9b86a0f63f1fda290940a29621eb9,1795
src/milp/cover.cpp,28c5501f2788f4e75cfc8df9284f25e6869846c2b89025173d5f9bba2aa20828,3860
src/milp/cut_pool.cpp,6f45c6d89629d8707f6e427ef23db1778e8fb75f25dabc7cff7dc929991d8bbb,5039
src/milp/gomory.cpp,669ac5edac772bfeb7821eb3777541c2f7990659d5d28fe17ef70614aca8d3ec,8889
src/milp/heuristics.cpp,dd7e9a5fba99541ee6b02862ee236120d8d2000eec2a1f8509f19821c52e8ac6,7561
src/milp/heuristics_internal.hpp,08472e489764aa89d57085a18474d2c961b5d3142a8a31eadd533e9d9b81d4f4,1690
src/milp/heuristics_pump.cpp,7834a98d60c5c181824d444d635042592218f378e57a5802256a6ff566dcbde8,6898
src/milp/heuristics_repair.cpp,09f9312b1ec14ea39e0d99c3fd731c11333c47e478ad251e60042b4c0b1e2332,7398
src/milp/milp_solver.cpp,c103b4854c4d4fd7786348ca815ce87e6a52efded10ddd476b2ccb67dadaaed3,3069
src/milp/mir.cpp,891d0a3d9e3dfb88874f72e63edd62754123ffcd605f6474443a0a038978b8dd,9518
src/milp/ml_branching/onnx_scorer.cpp,b0af00f297baa32c4fbce294299760d9a7886de502ef3eff8a3baf9757067af0,10144
src/milp/ml_branching/onnx_scorer_internal.hpp,3ad8a4d59eef3488ab183262519b5ef638a8357c9b835271fa055c8474031d18,4117
src/milp/ml_branching/onnx_scorer_score_graph.cpp,401424781dbd1c78c4b0d35b3cccae7f7128cf3bbabc76beb5ab2da73e08ffae,7510
src/milp/node_lp.cpp,1e411b732c544bae585af508696a349f97182b320a97df2b8c60c72742a4428c,13430
src/milp/node_qp.cpp,d3baefcf7bb5d7fb0b9ecfb3e09f9e63d2aad99f4940ef804cd746fb967a4d0c,3527
src/milp/node_view.cpp,292feed4d1280e324784b03f9a8721bfce288e061845af89f9809b9c96317097,5504
src/milp/options_validation.hpp,4af95c8d9e0aab5788b3d7e5175e4c8458330bf0dbd8c34d81ee29ddf68ccfde,679
src/milp/parallel_tree_search.cpp,72d353057dd5654ffd029886109536052a44a6576a25d6ee9d72dfc60c9a38a9,13885
src/milp/parallel_tree_search_internal.hpp,9fa4fb53e249a0374c55a5ab2aa5079bc5d6950dca1d326420c60e5fd73368d8,7845
src/milp/parallel_tree_search_result.cpp,1a7a1f1f56fba8d47742f669d96171b313a5e18e5bb0306af3180d99fed4e4be,4520
src/milp/parallel_tree_search_root_cuts.cpp,b5a40ca56a7c06042328118e766086c3d83c7bd40a89acab48644d69912350c0,8415
src/milp/parallel_tree_search_solve_integer_parallel.cpp,d0213ab84096ba97e67475b70af94de1cf8b66d794ea261d82b0d187ec9f3994,14258
src/milp/parallel_tree_search_solve_parallel.cpp,f4bdcee4a799b13cd81b3f8e6000ec9124be8341ed4fb25e2f47b44d58062b50,3333
src/milp/reference_materialisation.cpp,66319ca3092279592e8adbcf8f5b79be6ba2f610fb75a2352483b9fe268e068b,9783
src/milp/search_branch.cpp,a763cdfd3f43a46a2a3b581fc8ba006788bcd14cf7343af930ebea5830318426,11665
src/milp/search_context.hpp,7e8db90ad959d006b344af67c776a63f841b2f939607a56e7ec89648ba2876ca,5898
src/milp/search_finish.cpp,2a3de720f5c17e48b58c1ae983b8aa7b4e18e7ba283405d92f3bcae8b0dc580e,3981
src/milp/search_initialize.cpp,4d94aa1cb1617f3cadc7d7d2f6498186c5b2cb550326bd39bb431db56744adde,5526
src/milp/search_node_relaxation.cpp,552753ca1f0f1cabf2ae2948741721d48ae4b614d56a989154b9cc96696eabcf,5475
src/milp/search_root_branching.cpp,7b87684ff26110adec81230fb4b1e46ef9d2144d17d7c820a1c712ba39d6e216,8168
src/milp/search_root_relaxation.cpp,2ca8f1d63797cbb8213157132298d3dae556419b094978f46a42b078d30a0141,8389
src/milp/search_separate_cuts.cpp,97ba5638e6690df8aae448d2c6e5aa6ee4f1e24a208618a005c99baea08cb011,7218
src/milp/shared_incumbent.cpp,88b2858c903817576524573e7735614b59c28ef2c0073b9018f01897cb935b30,2198
src/milp/strong_branching.cpp,f16c3d55c33aa01a9677bf3877a2823f28a7af6d6c01f06df61d60d4f8491f69,11428
src/milp/work_queue.cpp,a6ac70f3e6bf5316a3beb6c2458789fb1206af69f24d71d7d2029cce07dee4f0,8414
src/minlp/minlp_oa_cut.cpp,a97435bf886dbaaea795772f138110c22cb92c7808b188702028e0a90ca19f2b,9164
src/minlp/minlp_solver.cpp,7ca9f3ba2607e8839b1c86994517fc89803e0dc661fd2e2a268db6a56213720a,9152
src/minlp/minlp_solver_internal.hpp,75ac7292e6d7c683a8bcbe1e3b9f1bb74ac9cf0eda4570ad2efa1ab9e95ae616,3616
src/minlp/minlp_solver_iterate_outer_approximation.cpp,b307cfed261fafc137c3fb656e3d021403a48336dff7e0eccf8c588deb7841a7,14567
src/minlp/minlp_solver_oa_rows.cpp,c0acc133fe66e6dd31007c2d1ada7aaa2fd4db970906915d6545d726b11bb764,4138
src/minlp/minlp_solver_solve_minlp.cpp,8cd78cf5a966c999697445f6ccd9f61b7f9f286656250003dbe0a68a4df8e6d3,3821
src/model/classifier.cpp,256d12d8f3e36975a6c8608f0c1968cda7c0971dca85cab4811ebe342b7a7fce,3791
src/model/model.cpp,e21b9ea2d4b4e4edce05ba82e8eb7992789897fe96eec1da8c2fbc3815efeb3d,9108
src/model/model_hash.cpp,56a299685d49f74dd4bbd8b0e4902c4ac00dc1e5a9664cec19e860ff9a085fec,6253
src/model/model_snapshot.cpp,7ea63c6ebf2999b8713a61ad226dcd0ce1b22964e95502c5bc66c65b08f96b9a,2450
src/nlp/lbfgs.cpp,35a501e765225a43ba57068e56e6e75f6b56ae2f46f29c118e14aaf56f8425d2,3992
src/nlp/nlp_callback_guard.cpp,0a847ce46619cdd435c426a3c109d729c8be5420d0c08c9eb0e201067b05134e,1303
src/nlp/nlp_callback_guard.hpp,f8b5ddc8bd5b8f24c74e079517c5f7168ecfca75abbb019be05c67648f9e795c,1261
src/nlp/nlp_derivative_check.cpp,4d819ada172273b1070e304ca5b439539719cc0bbe6b104e50b18bf1fb6ef7ff,7448
src/nlp/nlp_helpers.hpp,ca7ade6aec9f6d3055e89db7180ebba41ab2f692950edf1ffc195f0d1e192315,1654
src/nlp/nlp_model.cpp,2824c1edcbc2fc05dfe2c75ea4855181a2d8b56ad7e60eafdc7a7c79328a2d8e,6094
src/nlp/nlp_verifier.cpp,506715ad4e6a681869233d238e8c782cadac961be652352cd511282cdc9128df,9785
src/nlp/sqp_solver.cpp,7e31f0bddcd202f6e030af2932c598106c6217e7d95fd9601113eb80b074f947,14387
src/nlp/sqp_solver_internal.hpp,eec85aa3b17c7e3eb269b40cb0314b186ed2d2576924c853e5f29b5b8a9d99ca,4999
src/nlp/sqp_solver_linesearch.cpp,c4481a8f9927bd18c70e8468adb29ee7de11fdfa3f4f4c6d8624df7002e1e2b3,5116
src/nlp/sqp_solver_restoration.cpp,2ddaa13d6a7e04e475ba1ac93383032c0cb3686337f8b263161dee5ee79578d5,3902
src/nlp/sqp_solver_subproblem.cpp,dceaae22e3076dd3a9e195b2fde63cbdfd4074c1be916c154499de2044e81340,10082
src/presolve/compact.cpp,3647fb400fa2cd759c4aee6fa4985d7f0d58d8c7c6993c05691eca9b7174a259,5046
src/presolve/eliminate_duplicates.cpp,b0aa816f945f84fc963029c9a1afb2006a77bc45b727a4c17fd6d883c244b248,9014
src/presolve/eliminate_singletons.cpp,8c90a7a9c56684ea826aafe69a9a710ac10c79db3aff81499395a5c94c04826a,4746
src/presolve/postsolve.cpp,30c53e75ef8dfe0ae6d9e2fa977344a40af2caf3285f98662a1a3bf3943c0393,6097
src/presolve/presolve.cpp,9c48d982f2126b809989a12a1d4ed1c532c05bd05d463573c293bf1edc86e1ad,2603
src/presolve/workspace.hpp,7bdc81731e995494386f4c231fcad865aca0dbc584abb5f6786d7f04b00c5438,1174
src/qp/admm_solver.cpp,d5ec0ff060e835fc7214af854d9886598ff2b3eb33af86594c768d208ccf2524,7362
src/qp/admm_solver_internal.hpp,1df4be42a488b527a74c61cbd7e58b91fa2df7e16bc63ec0623038bb111d744f,1338
src/qp/admm_solver_solve.cpp,18e46da92596f6478a051478b35a634024af8b63bbaf8da8b8e97878351cb7ab,11065
src/qp/certificates.cpp,bd555816976c307926a887a41dc43b08abefe5092921f7984efdd603fe6b2b2a,3663
src/qp/convergence.hpp,86587384ff984080ecf259cb6519a9c0b053783cdb42945d8a9a59e18f7ef66a,1920
src/qp/equilibrate.cpp,158aca6f7539dabaf847544ce2fd89d099f2e5cbcbab0ca944f59633ce269bda,5304
src/qp/kkt.cpp,6f7bf2550e7bd793140cd5266f4d28f120b656002d06f73c5a1c645a7a13d045,6525
src/qp/kkt_assembly.cpp,268a8516909e592d14d1d383d9140a269de8222a7113ee92398bd21cebf1c524,2875
src/qp/kkt_factor.cpp,8af195ce94cae0d1b09876d7e76d5437eb9095eee908a091a4371e5903cd1e1e,7212
src/qp/kkt_internal.hpp,63b91989a0e63cb4ef209f1653eed7c311a05a7ecbe039c128bdaadca6fad787,2888
src/qp/model.cpp,62c76578f9173b4b9f2e4c6daee5348f4ea7668ebfae8af8dfc1e22fa58b3fdc,6115
src/qp/model_convexity.cpp,9183d51103d544ce032b094bb0cb87a9e59fe55803c80bf3ed8b78a607da96c7,10328
src/qp/model_internal.hpp,5721ccd08abaa122bd537ac705025a1c9990605f5a8d081381fdb9c95ede04fb,637
src/qp/model_matrix.cpp,7e8b3b04ca0754beb9add14f28dd708c389455de9401cef33258b4c5db6867db,4903
src/qp/supporting_bound.cpp,bcaf29ea71b7bfbc87505d2a9a6ec6e5d4b19c765ea3b3cba7e7fd3bd4137fef,2707
src/qp/verifier.cpp,5bb5f76fd41c8392d27c6573c07918435355e625bbbcf7442bab7068c156a2e7,5831
src/refinery/pooling_slp.cpp,0e612a61cd3d1b45c59f2d273b80b974dd7d9a3ab2035c9f0fea555013d2726d,5725
src/refinery/refinery_model.cpp,ea5aa769138f7e5960705e41a1e0ff1340d55f9d7e5ba7456e2bda15eafb33fa,14733
src/refinery/synthetic_config.cpp,60e734932415a75715b25e4adde8092f3b91181ee4936aee51821ac9bba59fde,2197
src/scale/ruiz_scaling.cpp,83e941083aa1a707744e95b0b0ee363f79e0e4b3fac34b11d29adacae5c58e6f,9845
src/transform/canonicalize.cpp,8cab645cfa565229d900299b4acbc203d7f083fefe32fb5e6a09440ac1382980,9206
src/transform/sparse_canonicalize.cpp,932e7751153192f3dc1875ce81aa99e8b92790ffec5fb3b4be2f4d39a0ec14f1,9483
src/transform/sparse_canonicalize_internal.hpp,b5090bf3fb3d060c59207975a0303f3cfdc989b68fcf695d8ef1049f12cb0ce8,878
src/transform/sparse_canonicalize_model.cpp,377087567e8599c7503c6f56c1316b50ddc17a13f741f15a33cbeb496d06694c,5608
src/verify/linear_certificate.cpp,10f379026bb7b8c55a6b4ba85eb05479f3fa9f6325d3c242e88c9bba9ab5198a,3472
src/verify/mip_proof.cpp,86922574ac58840b7bff48f754d2d3e93762015249571f48ded84010631e02e7,9223
src/verify/mip_proof_builder.cpp,7ec377b3479efc2fce26d52de0c4a4f29f0e9b616ae74f5a0c36e8a3e8c37ab5,4195
src/verify/mip_proof_internal.hpp,6d1eb9d88438789c540b8c872f11583dbc04ed674791c7ce4b4e31cbc1ca0ad5,3473
src/verify/mip_proof_io.cpp,8346d2f00162fa2309bedb8e8d86969d53bdf41b7d237e0cbe4572c85f61e809,8844
src/verify/mip_proof_relaxation.cpp,cf4ea54ede5d5e4903643e79926ef4e0be93755a4326efd663d00b1af9fd109f,4127
src/verify/oa_proof.cpp,aa96a7c2d9722e73d1afe1dc735199cc651375f0b17d551cc51590883bdffe58,13952
src/verify/oa_proof_builder.cpp,02182d5aa9eb6fc995824b42959e718d6ab81754b4912098a2165d5beeb03d5f,3248
src/verify/oa_proof_internal.hpp,1344b7686a030f69e56e3a3b735e9f5b3857388e6887363c3903a16a7c9da8e4,8346
src/verify/oa_proof_io.cpp,fa5f52874a18d097d6a68cec1386e931fe72ac4b0c5bdf5e2ebb971dfd4a256d,9831
src/verify/primal_verifier.cpp,7d28d92180fb4c36a38fe3fb273584b45af9e283065e875dc11c3ae047925c0a,6517
src/verify/reference_lp_verifier.cpp,facd5296333a46c694c91029ab83dada56fea604c5c6e4594f877b17e1214435,1959
src/verify/sparse_lp_verifier.cpp,c78f8eef26b4b7b26f395a7adc8fd16e2875750000b33fedb894b07c7968e93f,10085
tests/api_parallel_options_test.hpp,ac47a8ab6f14e87a1551b7c8883c7db7562409250f6daaab01b0ae128edd979c,756
tests/api_test.cpp,dbc31a0758e209c492eddc2527291559a3aa925d7e8700cd21b3487b6c898207,14219
tests/assurance_label_test.cpp,feed35048a5311095db29c408e5a7bb0238d4e52b9152f8ecd3e38da2e8f56ea,4610
tests/bench01_harness_selftest.py,70f2b6250231933bb4124fe4590752a89224d0fa59c12174a7faabc5b74ee0b0,7865
tests/build_info_test.cpp,0255e1392af7b81b89eee1133d1ac9f68b8fb0cc8c0ed5ffb3d21ad3be2c01a3,305
tests/classifier_test.cpp,ed6737ded1b7b8bcf12eecd3a7a9bbbf274ea5247f402c2be4b1d4a4da72913d,6309
tests/dense_lu_test.cpp,c376f4876578aa724ff814253a06ea92803155ebf7e8392852751e062f1a0db4,7714
tests/dual_simplex_test.cpp,cc96150af008b9fe77e5673c1dbc5cd69bd7834bf59b43c0a6654fec4e0f3634,8951
tests/e2e/e2e_test_framework.hpp,d5f9d74003f25d058a2c197c3bc3bdb9c53478d9722d264842e0008f1b2cdab8,8588
tests/e2e/test_tier1_m1_features.cpp,8f58cdfe15d4cc43419d23827465386ee4d44e5e0a0677d547226a2d4728b824,9479
tests/e2e/test_tier1_m1_features_fixtures.hpp,208c79e62f8392e50bd6aad7266ec71d33d613f4d3dcee9ad51e1801f09c393f,2630
tests/e2e/test_tier1_m1_features_t1_f03_01_pdlpprimalfeasibilityverification.cpp,a439facb1a8793be56127f4a539fba620b345656919d3a1e18feb439fe02650c,8577
tests/e2e/test_tier1_m1_features_t1_f06_03_sparsebasisstatisticstracking.cpp,7e09635869c1ccbf911c62a9a5f335abb525180fa7bdde78e1dca3c4240521b6,7943
tests/e2e/test_tier2_m1_boundaries.cpp,88da971831cd3f6f4745de5ec68babb320bae968e08bf677a33fc5564279eb95,9620
tests/e2e/test_tier2_m1_boundaries_fixtures.hpp,b997a812f81494bfdf5936c080fede86b839a4b97127acc1bac1517dfa59ab97,1110
tests/e2e/test_tier2_m1_boundaries_t2_f04_03_admmprimalinfeasibledetection.cpp,9d9dad82c1df3212cbcd28d1a89bcc46ef22fbe20f6b0a4fe212b21e73655193,8659
tests/e2e/test_tier2_m1_boundaries_t2_f07_04_presolvedisableddiagnosticmatch.cpp,215220ba5c8628d7c5fcc6e46679bcbf0fe66d813ccfd447837b89617ff6865f,2053
tests/e2e/test_tier3_m1_combinations.cpp,a6053f6347453828db01df4d81e59ca0275a3fbbfda280406b2b0656a1139c31,5969
tests/e2e/test_tier4_m1_scenarios.cpp,873be276616a69cc6580cf3f931ca9617f394c362aae0e527191158a17a6639f,6918
tests/fixtures/minlp_case_a.mps,595207a1b22d4b997bad948b0f99c75c7fa7fabb19aede19754dde57ee8a3964,226
tests/fixtures/scale_200.mps,f1285c63c95e45f3334922a19a0f45673e1f4b63aa151509cf91cd95463f0913,19958
tests/fuzz/mps_fuzz.cpp,8709098f9e99a3f30467188590a104e57751e2b94f3b22fdb039b691a314c08e,574
tests/fuzz/mps_fuzz_smoke.cpp,fe0391508d99b6ff718646514785fa8b8172e15fe5419e7947174e88b7909ae7,899
tests/fuzz/sparse_basis_fuzz.cpp,f6ee6b5fc0bf91ee5b5f1c18de3c2337bca278429514781b7aa700025c44eef1,1650
tests/gpu_fallback_test.cpp,b4be2804726f503cd133f6c78d7aa9d94c73056c583dcd2d29cc7d6ca37e54da,1117
tests/gpu_qp_test.cpp,755acccf756e9cac099e7a9d69348b1bab4b75024b17560b2967aa2c399f9b15,5066
tests/ipm_large_test.cpp,1ec20a2a339e44c2fd8f2882e2a85fb032c53431d48ea422c85edc02060b46b0,2294
tests/ipm_test.cpp,42f266c02b897115a8524d12fdcebb8d4bb57c13d12f76550682f6c3406b8e5b,11696
tests/lp_parser_test.cpp,3bf93a42ef165248838cd7f831fad73c5956e8357e945e69c0591f64e17550ea,10822
tests/lp_sparse_differential_test.cpp,45f6654b254da66a23355fea95b567a6b6cd5fb1fb18886c28d801a7ef5f4228,10898
tests/milp_branch_partition_test.cpp,35c532342c4016192436d52cc933e73189688613d8d179bac99654600df70a48,14526
tests/milp_bruteforce_test.cpp,558c88a5c2b8d4381699493828ba5c9039fb0fa1616716b71ba2aa6aecd96538,8068
tests/milp_cut_validity_test.cpp,8780594100b5c1419a7b19d0c3cf6ffe613967f6e60a12b7cb42784458bfea71,13830
tests/milp_cuts_test.cpp,d1169cf1d40a0c1ffab5b079f63091d44438c0ab7ed8007f71901409230af343,10515
tests/milp_edge_cases_test.cpp,3ceb62a17b2a037bfc67ae643648e626099f8063d87cd3eceb09a5ff74afdd4a,13754
tests/milp_heuristics_test.cpp,24d17dd5162ea47815caa15768d1436f8937028c4743db23a1a1e9966c2bfea1,6113
tests/milp_test.cpp,96aba0cf8c21cd522c5c60adcd15e58628cbeeb5cbe407b13df1f35fc47fbd1d,12126
tests/milp_test_internal.hpp,d02d8a5eec32d56c157c5b37720337b47967950ca6104ca3cd2061365d801eeb,773
tests/milp_test_test_node_selection_policies.cpp,2556623f7b16ce35f27443abcb2bc33a6ee2d70c9067abd45cad89eb9c0f6884,7100
tests/minlp01_cut_replay_test.cpp,fc6058a78caee8217b93efd78257e087fc056fe32449d14d30b75b52b1fe8170,8124
tests/minlp01_oa_test.cpp,9de2692c60b1a571fa8257e418cf6e7c43500a20d98647509aa8b40341ce203f,14110
tests/minlp02_common.hpp,94444c8689ad736aeb292c9413f2856c4b987ea52531458cc26bf523f863a40a,3788
tests/minlp02_enumeration_test.cpp,80cdb3b028e94e405a721ef000709007e5c141b07a662ebb3dd47c99891cdaf5,5563
tests/minlp02_proof_attack_test.cpp,8dae54b1bc9b96b51db466bb9d8d1db1580e3a3dfe5cd963e07426acc30d84b4,8217
tests/minlp02_proof_test.cpp,d1dbbdc32b9d73877931bcea55657ff44c3834cd94c628eca0fe783349de79bb,9628
tests/minlp_basic_test.cpp,aed859a705a7fc6d667206fb6f5750f595b15a6453e173ca691571f6fcb71d0b,14577
tests/mip_adversarial_test.cpp,4f9dcd69c9a702aad66ae91cb96674dcb289df5c5072fdde0d59da0568ad36b7,12354
tests/mip_proof_test.cpp,65d45e70f63fe1f0e91b0b99587198372a6b65686d67c5c7423250f4d560a37f,18047
tests/miqp_bruteforce_test.cpp,9cf2f9fd644ef5c09845a04070e4ab37544f8081a483ab2da846a6e4581ef56a,8524
tests/miqp_incumbent_test.cpp,bef2fbaf17877c7a4bd2b05cb8e387a85c605e2e708d5e1b056d92b0f659d9da,6252
tests/miqp_node_bound_test.cpp,bd9b6ce5451c740db1ef35719d953ac4b3b24e2eb80a60c263731259b3e70820,13054
tests/miqp_proof_attack_test.cpp,72cc001cf7613f1696c7b6022a8c0c6d90fd07b7b141f89611f356ce71b4805e,4912
tests/miqp_supporting_bound_test.cpp,65a6ab1859a6e7a84244dc69622de237042713619a30aef297899244dbf2599d,13969
tests/ml_branching_test.cpp,49696be4402d13c7efd7ba5d2f03a0aeab4959bd89014e68f553cd515529f4bc,11692
tests/model_property_test.cpp,a7627862cf35808a48566c38e6b1d389c1ff3dc940340ba6c0c535f8e967daad,1863
tests/model_snapshot_test.cpp,c659d10949ab2b7ede36445d772e67dfcb4f2ebb61166d54c043254431e395fd,8311
tests/model_test.cpp,d60e25be91d4a2fa7484e51479b735dcaa9e58d3f1531a8df58e5534230557b3,2235
tests/mps_parser_test.cpp,febdf28504e8288b14fa14df81b4694285def7a69c9fd444b336f383e78fdbc8,6858
tests/nlobj_parser_test.cpp,dcbd7ca640bc739cd5ae42976d75d135e2c56b85fb7d43b2f119e04278b80df9,3873
tests/nlp_callback_guard_test.cpp,a22777bbe4936153f60785b438e65346710a2ce8edf5d90992e98200d7833994,10928
tests/nlp_constrained_test.cpp,0fd863dfc96b69f2dd6af85f1f061806e8667c7cd5e15fe9f6ba5100d85030ad,6441
tests/nlp_derivative_check_test.cpp,03093bcaa2969327bded8906e245c36b3218468ea635c5154deae7456ba23353,5766
tests/nlp_local_semantics_test.cpp,0ec8646c2b01b6eada77f6bee0dca8c226d246e4b55af344c1146285f21f229b,9320
tests/nlp_restoration_test.cpp,f8432ad568ffb202561b7f5d00874c69d676a344b965b5c487d80a0b90b92bc5,7661
tests/nlp_rosenbrock_test.cpp,e95cd2fbd8a6e9f3f6a9ccadfff31a94b98d189cb497cf0351d1f07235479b7c,1571
tests/nlp_sqp_test.cpp,5940b57615f4f1af2f5d61c7f45c797dcb900aa9942990519a46587b3388cb0d,2722
tests/node_view_reference_identity_test.cpp,2a063aaf1ee677c0e1c368430ccf30ddaf259e276dd6f998b51a2b9c92224291,6363
tests/node_view_test.cpp,d93ec966ec7a914b1cd9a8fb0b379b0caf45e42321364ac857ccd5646ff2c9c8,12376
tests/numerical_diagnostic_test.cpp,56e55f6c1b99c3161c698f64277939a0b9614fb25ca60bfadda3b04bd90817ca,5651
tests/numerical_policy_boundary_test.cpp,f9ea71b49ba501d21e04d2fa48f7e876a179aac3ff19aebe523395a27db944df,7431
tests/parallel_proof_events_test.cpp,ce08f4df2dc04433448f1e382ed498b66a21108af96b4f8da13c3c1c0517bcc2,3835
tests/parallel_tree_search_test.cpp,46c60c7df42d350aad1b4074ced34a69107bb9e456f61a6a2803c6204dc5b616,11490
tests/parallel_tree_search_test_internal.hpp,da771a46f97cfbc4d24e1e6bf82e1916d3d73eb90d9cbfde17ab8c19e2ba3aa9,1501
tests/parallel_tree_search_test_queue_capacity.cpp,25424cb384989fb509444d565681ae26ac3055f77a76f3bab0a9def528a5e0cd,4818
tests/parallel_tree_search_test_test_thread_safety_repeated_runs.cpp,01af56629f93cf32114f24824640ffed5ed889c83988b4c2469858ea385a8b67,7911
tests/pdlp_crossover_test.cpp,6b938febbfbde206d2bbccfb96a7ea93083ba350c4015d58c3727c5395b20ca0,3621
tests/pdlp_test.cpp,342f052f5b0a45363a7ab66e078d4ef608777f6f11055b9bc554b0f9b806873d,9011
tests/presolve_test.cpp,01183c305c72f7de0d5963c3f2be67a4451910e69dd3b82500bfea65ff2ce6fb,10646
tests/primal_simplex_property_test.cpp,e6bc7437de30ecb722692193114864ff5a420813f5f3382a4ad7f0723c297e4e,4906
tests/primal_simplex_test.cpp,ad677be9c725da84c18a7fd9f097ca57d095c8242c02d5f9002cd735f287abb0,8184
tests/qp_adaptive_rho_test.cpp,7a43643f99dcf073a6e7aaf1a45ba444d701a7e20f37fd2f1d9e8f438ed6d371,2081
tests/qp_kkt_attack_models.hpp,34f8ffea36d75617eaf7089424db444fca9ceced8dd3bf1631899302cb606468,2930
tests/qp_kkt_attack_test.cpp,e6351fc34bf109dc418d29c2618bc4bd58c765a3f1a896343ebe369e919c3d10,9629
tests/qp_scenarios_0.cpp,d6f7b7c7da811d8e795b6eb9f3d7e2160520398308aa0b14af127e8a085a093b,9262
tests/qp_scenarios_1.cpp,84dbde1683069692ccfd80876687b77f4b039f901e88db3f81873474bae5a399,3990
tests/qp_test.cpp,1ff7e1619895548b17b4ce64a0c5ff9f282e8238ac98a135889c2d44d9df8a94,5088
tests/qp_test_fixtures.hpp,181c16add2301e2f119af4a6ac379a15167243b8395fae8ae006b518abf61d5d,790
tests/readiness_correctness_test.cpp,772b439e951dd70214dd2fc56db149fbf3df202370675ca185156d9f0e060c61,4397
tests/readiness_edge_cases_test.cpp,c9e2297ec5a60328b71834292f0e973cc3d35c51e4e04d9caee441d80e962ff3,4252
tests/reference_materialisation_test.cpp,76b0849f6c3150a05072a4428f1203c1b4ab5af772bd0369e831f3ccf9ff9ce9,13175
tests/refinery_test.cpp,b603a44c6c5a800bdeb09bf3aaddbc3d3b964ba3b5f47e66ab4e1607dac55d68,17989
tests/regression_backend_actually_used.cpp,d04df2c778c4df89adb13d7ce521e203458f08a6a7172878d074bd3bb0a4f923,1777
tests/regression_simplex_scale200_pricing.cpp,5e043f164b7d7e27fa162b195b75e9b198304b121515ba95c678e96c9c92c0fa,2344
tests/regression_test.cpp,adf532d4c9825f5893f187208bff6ece210c571482d7b19a9de31737773f5092,2261
tests/repository_tools_test.py,0fdc2f06bb596189000f7368b0337003957b8588e6379a8a98fb183650454d36,6877
tests/resource_failure_test.cpp,36b217b7959807209608d7f8b53a9ff28db2136b2a10639846dab72919c6880b,11999
tests/ruiz_scaling_test.cpp,3086c7f833364729a99d4ace30ed4a536d6290d3054cf6520049865b3bd9dbaa,3135
tests/solve_context_test.cpp,c02504aebb66106d57943e49eeace8e9fde099a17fbb7ef152bb242804a31dcf,12045
tests/sparse_basis_test.cpp,594bb87cc0e8aa8b6ef892857b40b498a59633ae795a70dd05a37f1969f738fd,14222
tests/sparse_canonicalize_test.cpp,939c69a43498b5b10e380533370456734e5b63da3642e0491f0cb048b81010b1,3899
tests/sparse_fill_limit_test.cpp,cf18c0e45b60b96911b15aae0163130dbfac87c3f93a40bbd9a2bb58d018b227,1416
tests/sparse_lu_deadline_test.cpp,1bc260548afe345ebc8a59d721349eaa09aaacb27380e366217bb2ae57a1b474,1601
tests/sparse_update_property_test.cpp,d3dcb190fd99fb817ae198bfb3c8d2272cceecf3b24dc7393080af7ced0e2694,3938
tests/stop_reason_test.cpp,1a9b24b5c8518291e1ce0cfe0242e8b3072827c554db89d223070147c53880b1,13192
tests/strong_branching_test.cpp,ab50eb9114f3778258ca8c952d0dae8b2465eeb57080de0912b0db8167254efe,8308
tests/strong_branching_test_internal.hpp,04af0a14aac3af5cb8c50489bbc6b4c296d28bce2ff1fccd4e0d855b66b2752f,950
tests/strong_branching_test_test_strong_branching_and_domain_reduction.cpp,dbb24b27cc482161592ff8ec59f0d48ed93f9ee10b0aa620c941919947fdd2bb,7731
tests/support/failing_new.hpp,ce6beac4d8b7408864d31ab34b0cfa12178c7c48b34c9bdf5cbb26960d330e32,5175
tests/support/tiny_exact.hpp,3cc01e75d90dac03dd966e2a97edd8f307e34cf295dab5c730abe6409d15077c,3254
tests/warm_start_property_test.cpp,9af561d82aedc5d977dfa084775798318d785664d5eea580ce2fe24f31226062,4763
tests/worker_context_test.cpp,22249d211d3ee4998d4216a343c8cf95f73ad295cabff4f971cd367ae1c38def,8911
third_party/LICENSES/README.md,b00ceb87346e5254a29abcac018ed781d8bf334e53c4391704b89309e43c98ed,1106
web/.env.example,b6ec62895d6b1bd2fa1d3c2b104960e13762b6be6336a40700b47e90b5ac3e4c,155
web/.gitignore,5b5fff50bb14a8b24cfae49e3b1655975152a61c924cbeea885ea1a6e823accb,71
web/README.md,0f04ec5280a4e0197bc97ad661291b5d7d1b1f5b423898da2993e6a0df2b5d69,3539
web/backend/Dockerfile,585a02d8c49958b82d7aadfb43ba1a3c29f3a1df3349e3517c9c31e03d71754b,938
web/backend/os_limits_test.py,c6dbf53d5b1e85d1da2e6856de4deb8d5c7d9b61ae63df73072862a39827878c,6534
web/backend/server.py,348d13e2f66028cdc182c4693a442e6bd160f5bc278d8d4694d00beff59214da,10876
web/backend/service_limits.py,895351ece89b3f6a361c2c4c1d26d0e42a17a4ad10809bf692ef7d8cd77d0f01,3712
web/backend/service_limits_test.py,4f4c5a9c5f91832f16c61ad5e680bfa335fd7bbe9e98b5b739d9a91716ab5876,9089
web/index.html,f690856011d267ea7b6f74ff4fa804886114612b5be7ec3cac459b7970055a57,536
web/package-lock.json,3b6f2b3937f9b10f132395355aef29d36516563feeab45b6a0ed2d980755bbd7,46629
web/package.json,e361d1ebd7b15f89e110e1d9bd167270e944757fc423341c2ffde557eede0a3d,485
web/public/assets/blend.mps,5f45def165f8aa987562bf2e3ffa885c46571ca8f7936f7586905ff330c7aa05,155
web/public/assets/markov-logo.jpeg,c550474745e430865f0c3daf2d72ba6369ea7b0741793ad0eac91541839f544f,59468
web/public/privacy.html,311ca1d24e7de1f08cbe5d5b9f92470d0c87002ea9e17cb92bf68fc601808478,3307
web/src/App.tsx,f7768cf91f1d5a4207d8151f0c04506265a920d5a4ef4b509fbd142cea0af46b,3637
web/src/components/AuthModal.tsx,8116aefdb508a22fbb2bd31324910800090e253b054f5988e40d79e323f321b9,3245
web/src/components/Header.tsx,f6a3ac0854db6f4279cdcbae27108930a1fd0a271f95a927fad5d9e9bde8933b,1903
web/src/components/NetworkJourney.tsx,9bc4a9c8f0b215eaeded49a7549a89c6d871c1cfe457218c4c83bd79e94ded79,7811
web/src/components/Pages.tsx,b7b17e8f0e4df4df6bc5512dffbcfcca26cfc881888fe7860522c54a714829f3,26475
web/src/components/ProgressRail.tsx,74a29fcd3ed242743a470d103d381d7c33630318393ca1f430fca1c897ffa719,806
web/src/components/Sections.tsx,83ad014b379246d9a14bd120ade68a22911e5a70098cef4e65e92acc7595022a,14279
web/src/components/WorkspaceModal.tsx,89c199e367e364e2b1afe138db4d6a0e2f14828d82409cfc247be1100ba14737,4450
web/src/data.ts,d4e9fe93a5e5a43ee93774ba11bba364f3dfb054cfa9329b3d60633d982f64e3,1377
web/src/lib/auth.ts,5abd2c3649fb1f2beac610da0edc8e2f7bc6c1ca9f305b4a145ba331be94907b,3879
web/src/main.tsx,95e62956aa6ca95755ab3d8d0d83108edd2e883b23c6a32b54fb7d835efc6b27,251
web/src/styles.css,44b29b743be42da273c86add5efe35fc20fe738324af5d30154f2364b2348b5d,36480
web/tsconfig.json,9e614fe24062e5b1084ebeb606ecc7ffcb0c880a5b1abd31e26f674f7cc17f04,556
web/vite.config.ts,2e22169dcf47cfa4b5ed63f65ff54d622a6f8d6927e2950e216ada60ae1d1566,130
